{
"type": "FeatureCollection",
"name": "chapy_onset_20260722",
"crs": { "type": "name", "properties": { "name": "urn:ogc:def:crs:OGC:1.3:CRS84" } },
"features": [
{ "type": "Feature", "properties": { "date_envol": "30/03/2026", "date_iso": "2026-03-30", "semaine": 14, "date_calcul": "2026-07-22", "annee": 2026, "espece": "Pityogenes chalcographus", "modele": "CHAPY", "seuil_vol": 15.6 }, "geometry": { "type": "MultiPolygon", "coordinates": [ [ [ [ 7.03425, 43.55245 ], [ 7.03425, 43.46236 ], [ 7.12434, 43.46236 ], [ 7.12434, 43.55245 ], [ 7.03425, 43.55245 ] ] ] ] } },
{ "type": "Feature", "properties": { "date_envol": "31/03/2026", "date_iso": "2026-03-31", "semaine": 14, "date_calcul": "2026-07-22", "annee": 2026, "espece": "Pityogenes chalcographus", "modele": "CHAPY", "seuil_vol": 15.6 }, "geometry": { "type": "MultiPolygon", "coordinates": [ [ [ [ 7.03425, 43.64253 ], [ 7.03425, 43.55245 ], [ 7.12434, 43.55245 ], [ 7.12434, 43.64253 ], [ 7.03425, 43.64253 ] ] ], [ [ [ 6.94417, 43.55245 ], [ 6.94417, 43.46236 ], [ 7.03425, 43.46236 ], [ 7.03425, 43.55245 ], [ 6.94417, 43.55245 ] ] ], [ [ [ 6.31357, 43.46236 ], [ 6.31357, 43.37228 ], [ 6.49374, 43.37228 ], [ 6.49374, 43.46236 ], [ 6.31357, 43.46236 ] ] ], [ [ [ 6.76399, 43.46236 ], [ 6.76399, 43.37228 ], [ 6.85408, 43.37228 ], [ 6.85408, 43.46236 ], [ 6.76399, 43.46236 ] ] ], [ [ [ 5.86314, 43.10202 ], [ 5.86314, 43.01194 ], [ 5.95323, 43.01194 ], [ 5.95323, 43.10202 ], [ 5.86314, 43.10202 ] ] ] ] } },
{ "type": "Feature", "properties": { "date_envol": "01/04/2026", "date_iso": "2026-04-01", "semaine": 14, "date_calcul": "2026-07-22", "annee": 2026, "espece": "Pityogenes chalcographus", "modele": "CHAPY", "seuil_vol": 15.6 }, "geometry": { "type": "MultiPolygon", "coordinates": [ [ [ [ 6.85408, 43.55245 ], [ 6.85408, 43.46236 ], [ 6.94417, 43.46236 ], [ 6.94417, 43.55245 ], [ 6.85408, 43.55245 ] ] ], [ [ [ 6.49374, 43.46236 ], [ 6.49374, 43.37228 ], [ 6.58382, 43.37228 ], [ 6.58382, 43.46236 ], [ 6.49374, 43.46236 ] ] ], [ [ [ 5.23255, 43.37228 ], [ 5.23255, 43.28219 ], [ 5.32263, 43.28219 ], [ 5.32263, 43.37228 ], [ 5.23255, 43.37228 ] ] ], [ [ [ 5.32263, 43.28219 ], [ 5.32263, 43.19211 ], [ 5.41272, 43.19211 ], [ 5.41272, 43.10202 ], [ 5.68297, 43.10202 ], [ 5.68297, 43.19211 ], [ 5.5028, 43.19211 ], [ 5.5028, 43.28219 ], [ 5.32263, 43.28219 ] ] ], [ [ [ 6.67391, 43.46236 ], [ 6.67391, 43.28219 ], [ 6.58382, 43.28219 ], [ 6.58382, 43.19211 ], [ 6.67391, 43.19211 ], [ 6.67391, 43.10202 ], [ 6.76399, 43.10202 ], [ 6.76399, 43.46236 ], [ 6.67391, 43.46236 ] ] ], [ [ [ 6.40365, 43.19211 ], [ 6.40365, 43.01194 ], [ 6.49374, 43.01194 ], [ 6.49374, 43.10202 ], [ 6.58382, 43.10202 ], [ 6.58382, 43.19211 ], [ 6.40365, 43.19211 ] ] ], [ [ [ 6.22348, 43.10202 ], [ 6.22348, 43.01194 ], [ 6.31357, 43.01194 ], [ 6.31357, 43.10202 ], [ 6.22348, 43.10202 ] ] ], [ [ [ 6.04331, 43.19211 ], [ 6.04331, 43.10202 ], [ 5.95323, 43.10202 ], [ 5.95323, 43.01194 ], [ 6.04331, 43.01194 ], [ 6.04331, 42.92185 ], [ 6.22348, 42.92185 ], [ 6.22348, 43.01194 ], [ 6.1334, 43.01194 ], [ 6.1334, 43.19211 ], [ 6.04331, 43.19211 ] ] ], [ [ [ 6.31357, 43.01194 ], [ 6.31357, 42.92185 ], [ 6.40365, 42.92185 ], [ 6.40365, 43.01194 ], [ 6.31357, 43.01194 ] ] ], [ [ [ 8.5657, 42.38134 ], [ 8.5657, 42.29126 ], [ 8.65578, 42.29126 ], [ 8.65578, 42.38134 ], [ 8.5657, 42.38134 ] ] ], [ [ [ 8.47561, 42.20117 ], [ 8.47561, 41.93092 ], [ 8.5657, 41.93092 ], [ 8.5657, 42.021 ], [ 8.65578, 42.021 ], [ 8.65578, 42.11109 ], [ 8.5657, 42.11109 ], [ 8.5657, 42.20117 ], [ 8.47561, 42.20117 ] ] ], [ [ [ 8.5657, 41.93092 ], [ 8.5657, 41.84083 ], [ 8.65578, 41.84083 ], [ 8.65578, 41.66066 ], [ 8.74587, 41.66066 ], [ 8.74587, 41.57058 ], [ 8.83595, 41.57058 ], [ 8.83595, 41.75075 ], [ 8.74587, 41.75075 ], [ 8.74587, 41.93092 ], [ 8.5657, 41.93092 ] ] ] ] } },
{ "type": "Feature", "properties": { "date_envol": "02/04/2026", "date_iso": "2026-04-02", "semaine": 14, "date_calcul": "2026-07-22", "annee": 2026, "espece": "Pityogenes chalcographus", "modele": "CHAPY", "seuil_vol": 15.6 }, "geometry": { "type": "MultiPolygon", "coordinates": [ [ [ [ 7.12434, 43.73262 ], [ 7.12434, 43.64253 ], [ 7.39459, 43.64253 ], [ 7.39459, 43.73262 ], [ 7.12434, 43.73262 ] ] ], [ [ [ 3.97136, 43.91279 ], [ 3.97136, 43.64253 ], [ 3.88127, 43.64253 ], [ 3.88127, 43.55245 ], [ 4.06144, 43.55245 ], [ 4.06144, 43.64253 ], [ 4.15153, 43.64253 ], [ 4.15153, 43.73262 ], [ 4.06144, 43.73262 ], [ 4.06144, 43.91279 ], [ 3.97136, 43.91279 ] ] ], [ [ [ 6.85408, 43.64253 ], [ 6.85408, 43.55245 ], [ 7.03425, 43.55245 ], [ 7.03425, 43.64253 ], [ 6.85408, 43.64253 ] ] ], [ [ [ 6.67391, 43.55245 ], [ 6.67391, 43.46236 ], [ 6.85408, 43.46236 ], [ 6.85408, 43.55245 ], [ 6.67391, 43.55245 ] ] ], [ [ [ 2.89034, 43.46236 ], [ 2.89034, 43.37228 ], [ 3.07051, 43.37228 ], [ 3.07051, 43.46236 ], [ 2.89034, 43.46236 ] ] ], [ [ [ 6.58382, 43.46236 ], [ 6.58382, 43.28219 ], [ 6.67391, 43.28219 ], [ 6.67391, 43.46236 ], [ 6.58382, 43.46236 ] ] ], [ [ [ 2.71017, 43.37228 ], [ 2.71017, 43.28219 ], [ 2.80025, 43.28219 ], [ 2.80025, 43.37228 ], [ 2.71017, 43.37228 ] ] ], [ [ [ 6.1334, 43.55245 ], [ 6.1334, 43.46236 ], [ 6.22348, 43.46236 ], [ 6.22348, 43.28219 ], [ 6.40365, 43.28219 ], [ 6.40365, 43.19211 ], [ 6.58382, 43.19211 ], [ 6.58382, 43.28219 ], [ 6.49374, 43.28219 ], [ 6.49374, 43.37228 ], [ 6.31357, 43.37228 ], [ 6.31357, 43.46236 ], [ 6.49374, 43.46236 ], [ 6.49374, 43.55245 ], [ 6.1334, 43.55245 ] ] ], [ [ [ 3.16059, 43.37228 ], [ 3.16059, 43.19211 ], [ 3.25068, 43.19211 ], [ 3.25068, 43.28219 ], [ 3.52093, 43.28219 ], [ 3.52093, 43.37228 ], [ 3.16059, 43.37228 ] ] ], [ [ [ 5.68297, 43.19211 ], [ 5.68297, 43.10202 ], [ 5.77306, 43.10202 ], [ 5.77306, 43.19211 ], [ 5.68297, 43.19211 ] ] ], [ [ [ 5.95323, 43.19211 ], [ 5.95323, 43.10202 ], [ 6.04331, 43.10202 ], [ 6.04331, 43.19211 ], [ 5.95323, 43.19211 ] ] ], [ [ [ 6.1334, 43.19211 ], [ 6.1334, 43.10202 ], [ 6.40365, 43.10202 ], [ 6.40365, 43.19211 ], [ 6.1334, 43.19211 ] ] ], [ [ [ 6.58382, 43.19211 ], [ 6.58382, 43.10202 ], [ 6.67391, 43.10202 ], [ 6.67391, 43.19211 ], [ 6.58382, 43.19211 ] ] ], [ [ [ 5.77306, 43.10202 ], [ 5.77306, 43.01194 ], [ 5.86314, 43.01194 ], [ 5.86314, 43.10202 ], [ 5.77306, 43.10202 ] ] ], [ [ [ 8.92604, 42.74168 ], [ 8.92604, 42.6516 ], [ 9.01612, 42.6516 ], [ 9.01612, 42.74168 ], [ 8.92604, 42.74168 ] ] ], [ [ [ 8.65578, 42.6516 ], [ 8.65578, 42.56151 ], [ 8.83595, 42.56151 ], [ 8.83595, 42.6516 ], [ 8.65578, 42.6516 ] ] ], [ [ [ 8.47561, 42.29126 ], [ 8.47561, 42.20117 ], [ 8.65578, 42.20117 ], [ 8.65578, 42.29126 ], [ 8.47561, 42.29126 ] ] ] ] } },
{ "type": "Feature", "properties": { "date_envol": "03/04/2026", "date_iso": "2026-04-03", "semaine": 14, "date_calcul": "2026-07-22", "annee": 2026, "espece": "Pityogenes chalcographus", "modele": "CHAPY", "seuil_vol": 15.6 }, "geometry": { "type": "MultiPolygon", "coordinates": [ [ [ [ -0.62298, 44.72356 ], [ -0.62298, 44.63347 ], [ -0.44281, 44.63347 ], [ -0.44281, 44.72356 ], [ -0.62298, 44.72356 ] ] ], [ [ [ -0.44281, 44.63347 ], [ -0.44281, 44.54339 ], [ 0.00761, 44.54339 ], [ 0.00761, 44.63347 ], [ -0.44281, 44.63347 ] ] ], [ [ [ -1.16349, 44.27313 ], [ -1.16349, 44.18305 ], [ -1.07341, 44.18305 ], [ -1.07341, 44.27313 ], [ -1.16349, 44.27313 ] ] ], [ [ [ -1.43375, 44.27313 ], [ -1.43375, 44.09296 ], [ -1.34366, 44.09296 ], [ -1.34366, 44.27313 ], [ -1.43375, 44.27313 ] ] ], [ [ [ 4.87221, 44.09296 ], [ 4.87221, 44.00288 ], [ 4.96229, 44.00288 ], [ 4.96229, 44.09296 ], [ 4.87221, 44.09296 ] ] ], [ [ [ 4.06144, 44.09296 ], [ 4.06144, 44.00288 ], [ 4.15153, 44.00288 ], [ 4.15153, 43.91279 ], [ 4.3317, 43.91279 ], [ 4.3317, 44.00288 ], [ 4.42178, 44.00288 ], [ 4.42178, 44.09296 ], [ 4.06144, 44.09296 ] ] ], [ [ [ 4.96229, 44.00288 ], [ 4.96229, 43.91279 ], [ 5.05238, 43.91279 ], [ 5.05238, 44.00288 ], [ 4.96229, 44.00288 ] ] ], [ [ [ 5.23255, 44.00288 ], [ 5.23255, 43.91279 ], [ 5.32263, 43.91279 ], [ 5.32263, 44.00288 ], [ 5.23255, 44.00288 ] ] ], [ [ [ 4.15153, 43.82271 ], [ 4.15153, 43.73262 ], [ 4.3317, 43.73262 ], [ 4.3317, 43.82271 ], [ 4.15153, 43.82271 ] ] ], [ [ [ -0.26264, 43.73262 ], [ -0.26264, 43.64253 ], [ 0.00761, 43.64253 ], [ 0.00761, 43.73262 ], [ -0.26264, 43.73262 ] ] ], [ [ [ 5.41272, 43.73262 ], [ 5.41272, 43.64253 ], [ 5.5028, 43.64253 ], [ 5.5028, 43.73262 ], [ 5.41272, 43.73262 ] ] ], [ [ [ 5.68297, 43.73262 ], [ 5.68297, 43.64253 ], [ 5.86314, 43.64253 ], [ 5.86314, 43.73262 ], [ 5.68297, 43.73262 ] ] ], [ [ [ 7.03425, 43.73262 ], [ 7.03425, 43.64253 ], [ 7.12434, 43.64253 ], [ 7.12434, 43.73262 ], [ 7.03425, 43.73262 ] ] ], [ [ [ 5.32263, 43.64253 ], [ 5.32263, 43.55245 ], [ 5.41272, 43.55245 ], [ 5.41272, 43.64253 ], [ 5.32263, 43.64253 ] ] ], [ [ [ -0.80315, 44.00288 ], [ -0.80315, 43.82271 ], [ -1.07341, 43.82271 ], [ -1.07341, 43.73262 ], [ -1.34366, 43.73262 ], [ -1.34366, 43.46236 ], [ -1.07341, 43.46236 ], [ -1.07341, 43.55245 ], [ -1.16349, 43.55245 ], [ -1.16349, 43.64253 ], [ -0.98332, 43.64253 ], [ -0.98332, 43.73262 ], [ -0.62298, 43.73262 ], [ -0.62298, 43.82271 ], [ -0.44281, 43.82271 ], [ -0.44281, 43.91279 ], [ -0.62298, 43.91279 ], [ -0.62298, 44.00288 ], [ -0.80315, 44.00288 ] ] ], [ [ [ 3.88127, 44.00288 ], [ 3.88127, 43.82271 ], [ 3.79119, 43.82271 ], [ 3.79119, 43.73262 ], [ 3.7011, 43.73262 ], [ 3.7011, 43.55245 ], [ 3.79119, 43.55245 ], [ 3.79119, 43.46236 ], [ 3.88127, 43.46236 ], [ 3.88127, 43.64253 ], [ 3.97136, 43.64253 ], [ 3.97136, 44.00288 ], [ 3.88127, 44.00288 ] ] ], [ [ [ 6.49374, 43.55245 ], [ 6.49374, 43.46236 ], [ 6.67391, 43.46236 ], [ 6.67391, 43.55245 ], [ 6.49374, 43.55245 ] ] ], [ [ [ 4.78212, 43.73262 ], [ 4.78212, 43.37228 ], [ 4.96229, 43.37228 ], [ 4.96229, 43.46236 ], [ 5.14246, 43.46236 ], [ 5.14246, 43.55245 ], [ 5.05238, 43.55245 ], [ 5.05238, 43.64253 ], [ 4.87221, 43.64253 ], [ 4.87221, 43.73262 ], [ 4.78212, 43.73262 ] ] ], [ [ [ 5.86314, 43.55245 ], [ 5.86314, 43.37228 ], [ 6.22348, 43.37228 ], [ 6.22348, 43.46236 ], [ 6.1334, 43.46236 ], [ 6.1334, 43.55245 ], [ 5.86314, 43.55245 ] ] ], [ [ [ 3.43085, 43.55245 ], [ 3.43085, 43.46236 ], [ 3.34076, 43.46236 ], [ 3.34076, 43.37228 ], [ 3.52093, 43.37228 ], [ 3.52093, 43.28219 ], [ 3.61102, 43.28219 ], [ 3.61102, 43.37228 ], [ 3.7011, 43.37228 ], [ 3.7011, 43.46236 ], [ 3.52093, 43.46236 ], [ 3.52093, 43.55245 ], [ 3.43085, 43.55245 ] ] ], [ [ [ 3.07051, 43.46236 ], [ 3.07051, 43.37228 ], [ 2.98042, 43.37228 ], [ 2.98042, 43.28219 ], [ 3.16059, 43.28219 ], [ 3.16059, 43.46236 ], [ 3.07051, 43.46236 ] ] ], [ [ [ 5.14246, 43.37228 ], [ 5.14246, 43.28219 ], [ 5.23255, 43.28219 ], [ 5.23255, 43.37228 ], [ 5.14246, 43.37228 ] ] ], [ [ [ 6.49374, 43.37228 ], [ 6.49374, 43.28219 ], [ 6.58382, 43.28219 ], [ 6.58382, 43.37228 ], [ 6.49374, 43.37228 ] ] ], [ [ [ 5.86314, 43.19211 ], [ 5.86314, 43.10202 ], [ 5.95323, 43.10202 ], [ 5.95323, 43.19211 ], [ 5.86314, 43.19211 ] ] ], [ [ [ 2.62008, 42.83177 ], [ 2.62008, 42.74168 ], [ 2.71017, 42.74168 ], [ 2.71017, 42.83177 ], [ 2.62008, 42.83177 ] ] ], [ [ [ 2.98042, 42.92185 ], [ 2.98042, 42.83177 ], [ 2.89034, 42.83177 ], [ 2.89034, 42.6516 ], [ 3.07051, 42.6516 ], [ 3.07051, 42.92185 ], [ 2.98042, 42.92185 ] ] ], [ [ [ 8.65578, 42.11109 ], [ 8.65578, 42.021 ], [ 8.83595, 42.021 ], [ 8.83595, 42.11109 ], [ 8.65578, 42.11109 ] ] ], [ [ [ 8.5657, 42.021 ], [ 8.5657, 41.93092 ], [ 8.65578, 41.93092 ], [ 8.65578, 42.021 ], [ 8.5657, 42.021 ] ] ], [ [ [ 8.83595, 41.57058 ], [ 8.83595, 41.48049 ], [ 8.92604, 41.48049 ], [ 8.92604, 41.57058 ], [ 8.83595, 41.57058 ] ] ] ] } },
{ "type": "Feature", "properties": { "date_envol": "04/04/2026", "date_iso": "2026-04-04", "semaine": 14, "date_calcul": "2026-07-22", "annee": 2026, "espece": "Pityogenes chalcographus", "modele": "CHAPY", "seuil_vol": 15.6 }, "geometry": { "type": "MultiPolygon", "coordinates": [ [ [ [ -0.44281, 45.89466 ], [ -0.44281, 45.80458 ], [ -0.26264, 45.80458 ], [ -0.26264, 45.89466 ], [ -0.44281, 45.89466 ] ] ], [ [ [ -0.44281, 44.72356 ], [ -0.44281, 44.63347 ], [ -0.26264, 44.63347 ], [ -0.26264, 44.72356 ], [ -0.44281, 44.72356 ] ] ], [ [ [ -0.35273, 44.54339 ], [ -0.35273, 44.4533 ], [ 0.00761, 44.4533 ], [ 0.00761, 44.54339 ], [ -0.35273, 44.54339 ] ] ], [ [ [ 0.45804, 44.4533 ], [ 0.45804, 44.36322 ], [ 0.54812, 44.36322 ], [ 0.54812, 44.4533 ], [ 0.45804, 44.4533 ] ] ], [ [ [ 4.60195, 44.4533 ], [ 4.60195, 44.36322 ], [ 4.69204, 44.36322 ], [ 4.69204, 44.4533 ], [ 4.60195, 44.4533 ] ] ], [ [ [ 0.63821, 44.18305 ], [ 0.63821, 44.09296 ], [ 0.72829, 44.09296 ], [ 0.72829, 44.18305 ], [ 0.63821, 44.18305 ] ] ], [ [ [ 4.87221, 44.18305 ], [ 4.87221, 44.09296 ], [ 4.96229, 44.09296 ], [ 4.96229, 44.18305 ], [ 4.87221, 44.18305 ] ] ], [ [ [ 0.18778, 44.36322 ], [ 0.18778, 44.00288 ], [ 0.36795, 44.00288 ], [ 0.36795, 44.18305 ], [ 0.63821, 44.18305 ], [ 0.63821, 44.27313 ], [ 0.27787, 44.27313 ], [ 0.27787, 44.36322 ], [ 0.18778, 44.36322 ] ] ], [ [ [ 3.88127, 44.09296 ], [ 3.88127, 44.00288 ], [ 3.97136, 44.00288 ], [ 3.97136, 43.91279 ], [ 4.15153, 43.91279 ], [ 4.15153, 44.00288 ], [ 4.06144, 44.00288 ], [ 4.06144, 44.09296 ], [ 3.88127, 44.09296 ] ] ], [ [ [ 5.05238, 44.00288 ], [ 5.05238, 43.91279 ], [ 5.23255, 43.91279 ], [ 5.23255, 44.00288 ], [ 5.05238, 44.00288 ] ] ], [ [ [ 5.32263, 44.00288 ], [ 5.32263, 43.91279 ], [ 5.41272, 43.91279 ], [ 5.41272, 44.00288 ], [ 5.32263, 44.00288 ] ] ], [ [ [ 3.79119, 44.00288 ], [ 3.79119, 43.82271 ], [ 3.88127, 43.82271 ], [ 3.88127, 44.00288 ], [ 3.79119, 44.00288 ] ] ], [ [ [ 4.69204, 44.00288 ], [ 4.69204, 43.82271 ], [ 4.78212, 43.82271 ], [ 4.78212, 44.00288 ], [ 4.69204, 44.00288 ] ] ], [ [ [ -0.17256, 43.91279 ], [ -0.17256, 43.82271 ], [ -0.08247, 43.82271 ], [ -0.08247, 43.91279 ], [ -0.17256, 43.91279 ] ] ], [ [ [ 4.96229, 43.91279 ], [ 4.96229, 43.82271 ], [ 5.05238, 43.82271 ], [ 5.05238, 43.91279 ], [ 4.96229, 43.91279 ] ] ], [ [ [ 4.06144, 43.82271 ], [ 4.06144, 43.73262 ], [ 4.15153, 43.73262 ], [ 4.15153, 43.82271 ], [ 4.06144, 43.82271 ] ] ], [ [ [ 5.32263, 43.82271 ], [ 5.32263, 43.73262 ], [ 5.5028, 43.73262 ], [ 5.5028, 43.82271 ], [ 5.32263, 43.82271 ] ] ], [ [ [ 5.68297, 43.82271 ], [ 5.68297, 43.73262 ], [ 5.77306, 43.73262 ], [ 5.77306, 43.82271 ], [ 5.68297, 43.82271 ] ] ], [ [ [ 4.87221, 43.73262 ], [ 4.87221, 43.64253 ], [ 5.05238, 43.64253 ], [ 5.05238, 43.73262 ], [ 4.87221, 43.73262 ] ] ], [ [ [ 6.94417, 43.73262 ], [ 6.94417, 43.64253 ], [ 7.03425, 43.64253 ], [ 7.03425, 43.73262 ], [ 6.94417, 43.73262 ] ] ], [ [ [ 5.05238, 43.64253 ], [ 5.05238, 43.55245 ], [ 5.14246, 43.55245 ], [ 5.14246, 43.64253 ], [ 5.05238, 43.64253 ] ] ], [ [ [ 6.67391, 43.64253 ], [ 6.67391, 43.55245 ], [ 6.85408, 43.55245 ], [ 6.85408, 43.64253 ], [ 6.67391, 43.64253 ] ] ], [ [ [ 3.61102, 43.82271 ], [ 3.61102, 43.73262 ], [ 3.43085, 43.73262 ], [ 3.43085, 43.55245 ], [ 3.52093, 43.55245 ], [ 3.52093, 43.64253 ], [ 3.61102, 43.64253 ], [ 3.61102, 43.46236 ], [ 3.79119, 43.46236 ], [ 3.79119, 43.55245 ], [ 3.7011, 43.55245 ], [ 3.7011, 43.73262 ], [ 3.79119, 43.73262 ], [ 3.79119, 43.82271 ], [ 3.61102, 43.82271 ] ] ], [ [ [ 0.0977, 43.64253 ], [ 0.0977, 43.55245 ], [ 0.36795, 43.55245 ], [ 0.36795, 43.46236 ], [ 0.45804, 43.46236 ], [ 0.45804, 43.55245 ], [ 0.63821, 43.55245 ], [ 0.63821, 43.64253 ], [ 0.0977, 43.64253 ] ] ], [ [ [ 4.3317, 43.91279 ], [ 4.3317, 43.73262 ], [ 4.15153, 43.73262 ], [ 4.15153, 43.64253 ], [ 4.06144, 43.64253 ], [ 4.06144, 43.46236 ], [ 4.15153, 43.46236 ], [ 4.15153, 43.55245 ], [ 4.42178, 43.55245 ], [ 4.42178, 43.73262 ], [ 4.60195, 43.73262 ], [ 4.60195, 43.82271 ], [ 4.51187, 43.82271 ], [ 4.51187, 43.91279 ], [ 4.3317, 43.91279 ] ] ], [ [ [ 5.41272, 43.64253 ], [ 5.41272, 43.46236 ], [ 5.5028, 43.46236 ], [ 5.5028, 43.64253 ], [ 5.41272, 43.64253 ] ] ], [ [ [ 0.00761, 43.55245 ], [ 0.00761, 43.46236 ], [ 0.0977, 43.46236 ], [ 0.0977, 43.55245 ], [ 0.00761, 43.55245 ] ] ], [ [ [ 2.98042, 43.55245 ], [ 2.98042, 43.46236 ], [ 3.07051, 43.46236 ], [ 3.07051, 43.55245 ], [ 2.98042, 43.55245 ] ] ], [ [ [ 5.14246, 43.55245 ], [ 5.14246, 43.46236 ], [ 5.23255, 43.46236 ], [ 5.23255, 43.55245 ], [ 5.14246, 43.55245 ] ] ], [ [ [ 3.16059, 43.55245 ], [ 3.16059, 43.37228 ], [ 3.34076, 43.37228 ], [ 3.34076, 43.46236 ], [ 3.43085, 43.46236 ], [ 3.43085, 43.55245 ], [ 3.16059, 43.55245 ] ] ], [ [ [ -1.704, 43.46236 ], [ -1.704, 43.37228 ], [ -1.61392, 43.37228 ], [ -1.61392, 43.46236 ], [ -1.704, 43.46236 ] ] ], [ [ [ 4.96229, 43.46236 ], [ 4.96229, 43.37228 ], [ 5.14246, 43.37228 ], [ 5.14246, 43.46236 ], [ 4.96229, 43.46236 ] ] ], [ [ [ -1.07341, 46.34509 ], [ -1.07341, 46.16492 ], [ -0.89324, 46.16492 ], [ -0.89324, 45.62441 ], [ -1.07341, 45.62441 ], [ -1.07341, 45.53432 ], [ -1.16349, 45.53432 ], [ -1.16349, 45.0839 ], [ -1.25358, 45.0839 ], [ -1.25358, 44.90373 ], [ -1.34366, 44.90373 ], [ -1.34366, 44.09296 ], [ -1.43375, 44.09296 ], [ -1.43375, 44.00288 ], [ -1.52383, 44.00288 ], [ -1.52383, 43.82271 ], [ -1.43375, 43.82271 ], [ -1.43375, 43.73262 ], [ -1.52383, 43.73262 ], [ -1.52383, 43.55245 ], [ -1.61392, 43.55245 ], [ -1.61392, 43.46236 ], [ -1.43375, 43.46236 ], [ -1.43375, 43.37228 ], [ -1.25358, 43.37228 ], [ -1.25358, 43.28219 ], [ -0.71307, 43.28219 ], [ -0.71307, 43.37228 ], [ -0.62298, 43.37228 ], [ -0.62298, 43.28219 ], [ -0.35273, 43.28219 ], [ -0.35273, 43.37228 ], [ -0.5329, 43.37228 ], [ -0.5329, 43.55245 ], [ 0.00761, 43.55245 ], [ 0.00761, 43.64253 ], [ -0.26264, 43.64253 ], [ -0.26264, 43.82271 ], [ -0.35273, 43.82271 ], [ -0.35273, 43.91279 ], [ -0.26264, 43.91279 ], [ -0.26264, 44.09296 ], [ -0.17256, 44.09296 ], [ -0.17256, 44.18305 ], [ -0.5329, 44.18305 ], [ -0.5329, 44.27313 ], [ -0.17256, 44.27313 ], [ -0.17256, 44.36322 ], [ -0.35273, 44.36322 ], [ -0.35273, 44.4533 ], [ -0.44281, 44.4533 ], [ -0.44281, 44.63347 ], [ -0.62298, 44.63347 ], [ -0.62298, 44.72356 ], [ -0.44281, 44.72356 ], [ -0.44281, 44.81364 ], [ -0.26264, 44.81364 ], [ -0.26264, 44.72356 ], [ -0.17256, 44.72356 ], [ -0.17256, 44.81364 ], [ 0.27787, 44.81364 ], [ 0.27787, 44.90373 ], [ -0.08247, 44.90373 ], [ -0.08247, 44.99381 ], [ 0.0977, 44.99381 ], [ 0.0977, 45.0839 ], [ 0.00761, 45.0839 ], [ 0.00761, 45.17398 ], [ -0.26264, 45.17398 ], [ -0.26264, 45.26407 ], [ -0.35273, 45.26407 ], [ -0.35273, 45.35415 ], [ -0.26264, 45.35415 ], [ -0.26264, 45.53432 ], [ -0.17256, 45.53432 ], [ -0.17256, 45.62441 ], [ 0.0977, 45.62441 ], [ 0.0977, 45.71449 ], [ -0.08247, 45.71449 ], [ -0.08247, 45.80458 ], [ -0.26264, 45.80458 ], [ -0.26264, 45.71449 ], [ -0.62298, 45.71449 ], [ -0.62298, 46.07483 ], [ -0.71307, 46.07483 ], [ -0.71307, 46.16492 ], [ -0.62298, 46.16492 ], [ -0.62298, 46.255 ], [ -0.71307, 46.255 ], [ -0.71307, 46.34509 ], [ -1.07341, 46.34509 ] ], [ [ -1.16349, 44.27313 ], [ -1.07341, 44.27313 ], [ -1.07341, 44.18305 ], [ -1.16349, 44.18305 ], [ -1.16349, 44.27313 ] ], [ [ -0.80315, 44.00288 ], [ -0.62298, 44.00288 ], [ -0.62298, 43.91279 ], [ -0.44281, 43.91279 ], [ -0.44281, 43.82271 ], [ -0.62298, 43.82271 ], [ -0.62298, 43.73262 ], [ -0.98332, 43.73262 ], [ -0.98332, 43.64253 ], [ -1.16349, 43.64253 ], [ -1.16349, 43.55245 ], [ -1.07341, 43.55245 ], [ -1.07341, 43.46236 ], [ -1.34366, 43.46236 ], [ -1.34366, 43.73262 ], [ -1.07341, 43.73262 ], [ -1.07341, 43.82271 ], [ -0.80315, 43.82271 ], [ -0.80315, 44.00288 ] ] ], [ [ [ 2.62008, 43.37228 ], [ 2.62008, 43.28219 ], [ 2.71017, 43.28219 ], [ 2.71017, 43.37228 ], [ 2.62008, 43.37228 ] ] ], [ [ [ 2.43991, 43.28219 ], [ 2.43991, 43.19211 ], [ 2.62008, 43.19211 ], [ 2.62008, 43.28219 ], [ 2.43991, 43.28219 ] ] ], [ [ [ 5.5028, 43.28219 ], [ 5.5028, 43.19211 ], [ 5.77306, 43.19211 ], [ 5.77306, 43.28219 ], [ 5.5028, 43.28219 ] ] ], [ [ [ 6.1334, 43.37228 ], [ 6.1334, 43.28219 ], [ 6.04331, 43.28219 ], [ 6.04331, 43.19211 ], [ 6.22348, 43.19211 ], [ 6.22348, 43.37228 ], [ 6.1334, 43.37228 ] ] ], [ [ [ 5.77306, 43.19211 ], [ 5.77306, 43.10202 ], [ 5.86314, 43.10202 ], [ 5.86314, 43.19211 ], [ 5.77306, 43.19211 ] ] ], [ [ [ 2.80025, 43.37228 ], [ 2.80025, 43.28219 ], [ 2.71017, 43.28219 ], [ 2.71017, 43.19211 ], [ 2.89034, 43.19211 ], [ 2.89034, 43.01194 ], [ 2.98042, 43.01194 ], [ 2.98042, 42.92185 ], [ 3.07051, 42.92185 ], [ 3.07051, 43.10202 ], [ 3.16059, 43.10202 ], [ 3.16059, 43.28219 ], [ 2.98042, 43.28219 ], [ 2.98042, 43.37228 ], [ 2.80025, 43.37228 ] ] ], [ [ [ 2.89034, 42.92185 ], [ 2.89034, 42.83177 ], [ 2.98042, 42.83177 ], [ 2.98042, 42.92185 ], [ 2.89034, 42.92185 ] ] ], [ [ [ 2.53, 42.83177 ], [ 2.53, 42.74168 ], [ 2.62008, 42.74168 ], [ 2.62008, 42.83177 ], [ 2.53, 42.83177 ] ] ], [ [ [ 2.80025, 42.83177 ], [ 2.80025, 42.6516 ], [ 2.71017, 42.6516 ], [ 2.71017, 42.56151 ], [ 2.98042, 42.56151 ], [ 2.98042, 42.6516 ], [ 2.89034, 42.6516 ], [ 2.89034, 42.83177 ], [ 2.80025, 42.83177 ] ] ], [ [ [ 2.62008, 42.56151 ], [ 2.62008, 42.47143 ], [ 2.71017, 42.47143 ], [ 2.71017, 42.56151 ], [ 2.62008, 42.56151 ] ] ], [ [ [ 8.65578, 42.56151 ], [ 8.65578, 42.38134 ], [ 8.74587, 42.38134 ], [ 8.74587, 42.47143 ], [ 8.83595, 42.47143 ], [ 8.83595, 42.56151 ], [ 8.65578, 42.56151 ] ] ], [ [ [ 8.83595, 41.66066 ], [ 8.83595, 41.57058 ], [ 8.92604, 41.57058 ], [ 8.92604, 41.66066 ], [ 8.83595, 41.66066 ] ] ] ] } },
{ "type": "Feature", "properties": { "date_envol": "05/04/2026", "date_iso": "2026-04-05", "semaine": 14, "date_calcul": "2026-07-22", "annee": 2026, "espece": "Pityogenes chalcographus", "modele": "CHAPY", "seuil_vol": 15.6 }, "geometry": { "type": "MultiPolygon", "coordinates": [ [ [ [ -0.5329, 46.43517 ], [ -0.5329, 46.34509 ], [ -0.71307, 46.34509 ], [ -0.71307, 46.255 ], [ -0.62298, 46.255 ], [ -0.62298, 46.16492 ], [ -0.71307, 46.16492 ], [ -0.71307, 46.07483 ], [ -0.62298, 46.07483 ], [ -0.62298, 45.71449 ], [ -0.26264, 45.71449 ], [ -0.26264, 45.80458 ], [ -0.17256, 45.80458 ], [ -0.17256, 46.07483 ], [ -0.44281, 46.07483 ], [ -0.44281, 46.255 ], [ -0.35273, 46.255 ], [ -0.35273, 46.34509 ], [ -0.44281, 46.34509 ], [ -0.44281, 46.43517 ], [ -0.5329, 46.43517 ] ], [ [ -0.44281, 45.89466 ], [ -0.26264, 45.89466 ], [ -0.26264, 45.80458 ], [ -0.44281, 45.80458 ], [ -0.44281, 45.89466 ] ] ], [ [ [ -0.08247, 45.80458 ], [ -0.08247, 45.71449 ], [ 0.0977, 45.71449 ], [ 0.0977, 45.62441 ], [ 0.18778, 45.62441 ], [ 0.18778, 45.80458 ], [ -0.08247, 45.80458 ] ] ], [ [ [ 0.45804, 45.35415 ], [ 0.45804, 45.26407 ], [ 0.54812, 45.26407 ], [ 0.54812, 45.35415 ], [ 0.45804, 45.35415 ] ] ], [ [ [ 1.08863, 45.17398 ], [ 1.08863, 45.0839 ], [ 1.17872, 45.0839 ], [ 1.17872, 45.17398 ], [ 1.08863, 45.17398 ] ] ], [ [ [ 1.17872, 44.90373 ], [ 1.17872, 44.81364 ], [ 1.35889, 44.81364 ], [ 1.35889, 44.90373 ], [ 1.17872, 44.90373 ] ] ], [ [ [ -0.44281, 44.81364 ], [ -0.44281, 44.72356 ], [ -0.26264, 44.72356 ], [ -0.26264, 44.81364 ], [ -0.44281, 44.81364 ] ] ], [ [ [ 1.98948, 44.63347 ], [ 1.98948, 44.54339 ], [ 2.07957, 44.54339 ], [ 2.07957, 44.63347 ], [ 1.98948, 44.63347 ] ] ], [ [ [ -0.44281, 44.54339 ], [ -0.44281, 44.4533 ], [ -0.35273, 44.4533 ], [ -0.35273, 44.54339 ], [ -0.44281, 44.54339 ] ] ], [ [ [ 1.2688, 44.54339 ], [ 1.2688, 44.4533 ], [ 1.35889, 44.4533 ], [ 1.35889, 44.54339 ], [ 1.2688, 44.54339 ] ] ], [ [ [ 1.8994, 44.54339 ], [ 1.8994, 44.4533 ], [ 1.98948, 44.4533 ], [ 1.98948, 44.54339 ], [ 1.8994, 44.54339 ] ] ], [ [ [ 4.24161, 44.54339 ], [ 4.24161, 44.4533 ], [ 4.3317, 44.4533 ], [ 4.3317, 44.54339 ], [ 4.24161, 44.54339 ] ] ], [ [ [ 0.90846, 44.99381 ], [ 0.90846, 44.90373 ], [ 0.72829, 44.90373 ], [ 0.72829, 44.81364 ], [ 0.63821, 44.81364 ], [ 0.63821, 44.72356 ], [ 0.54812, 44.72356 ], [ 0.54812, 44.63347 ], [ 0.45804, 44.63347 ], [ 0.45804, 44.4533 ], [ 0.54812, 44.4533 ], [ 0.54812, 44.36322 ], [ 0.81838, 44.36322 ], [ 0.81838, 44.4533 ], [ 1.17872, 44.4533 ], [ 1.17872, 44.54339 ], [ 0.81838, 44.54339 ], [ 0.81838, 44.63347 ], [ 0.90846, 44.63347 ], [ 0.90846, 44.81364 ], [ 1.08863, 44.81364 ], [ 1.08863, 44.90373 ], [ 0.99855, 44.90373 ], [ 0.99855, 44.99381 ], [ 0.90846, 44.99381 ] ] ], [ [ [ 5.05238, 44.4533 ], [ 5.05238, 44.36322 ], [ 5.14246, 44.36322 ], [ 5.14246, 44.4533 ], [ 5.05238, 44.4533 ] ] ], [ [ [ -0.17256, 45.62441 ], [ -0.17256, 45.53432 ], [ -0.26264, 45.53432 ], [ -0.26264, 45.35415 ], [ -0.35273, 45.35415 ], [ -0.35273, 45.26407 ], [ -0.26264, 45.26407 ], [ -0.26264, 45.17398 ], [ 0.00761, 45.17398 ], [ 0.00761, 45.0839 ], [ 0.0977, 45.0839 ], [ 0.0977, 44.99381 ], [ -0.08247, 44.99381 ], [ -0.08247, 44.90373 ], [ 0.27787, 44.90373 ], [ 0.27787, 44.81364 ], [ -0.17256, 44.81364 ], [ -0.17256, 44.72356 ], [ -0.26264, 44.72356 ], [ -0.26264, 44.63347 ], [ 0.00761, 44.63347 ], [ 0.00761, 44.4533 ], [ -0.35273, 44.4533 ], [ -0.35273, 44.36322 ], [ -0.17256, 44.36322 ], [ -0.17256, 44.27313 ], [ -0.08247, 44.27313 ], [ -0.08247, 44.36322 ], [ 0.00761, 44.36322 ], [ 0.00761, 44.27313 ], [ 0.0977, 44.27313 ], [ 0.0977, 44.36322 ], [ 0.27787, 44.36322 ], [ 0.27787, 44.54339 ], [ 0.18778, 44.54339 ], [ 0.18778, 44.63347 ], [ 0.36795, 44.63347 ], [ 0.36795, 44.72356 ], [ 0.54812, 44.72356 ], [ 0.54812, 44.81364 ], [ 0.63821, 44.81364 ], [ 0.63821, 44.90373 ], [ 0.45804, 44.90373 ], [ 0.45804, 44.99381 ], [ 0.36795, 44.99381 ], [ 0.36795, 45.44424 ], [ 0.0977, 45.44424 ], [ 0.0977, 45.62441 ], [ -0.17256, 45.62441 ] ], [ [ 0.00761, 45.44424 ], [ 0.0977, 45.44424 ], [ 0.0977, 45.35415 ], [ 0.00761, 45.35415 ], [ 0.00761, 45.44424 ] ] ], [ [ [ 0.36795, 44.4533 ], [ 0.36795, 44.36322 ], [ 0.27787, 44.36322 ], [ 0.27787, 44.27313 ], [ 0.54812, 44.27313 ], [ 0.54812, 44.36322 ], [ 0.45804, 44.36322 ], [ 0.45804, 44.4533 ], [ 0.36795, 44.4533 ] ] ], [ [ [ 1.17872, 44.36322 ], [ 1.17872, 44.27313 ], [ 1.2688, 44.27313 ], [ 1.2688, 44.36322 ], [ 1.17872, 44.36322 ] ] ], [ [ [ 4.69204, 44.4533 ], [ 4.69204, 44.36322 ], [ 4.78212, 44.36322 ], [ 4.78212, 44.27313 ], [ 4.87221, 44.27313 ], [ 4.87221, 44.18305 ], [ 4.96229, 44.18305 ], [ 4.96229, 44.36322 ], [ 4.87221, 44.36322 ], [ 4.87221, 44.4533 ], [ 4.69204, 44.4533 ] ] ], [ [ [ -0.5329, 44.27313 ], [ -0.5329, 44.18305 ], [ -0.17256, 44.18305 ], [ -0.17256, 44.27313 ], [ -0.5329, 44.27313 ] ] ], [ [ [ 4.06144, 44.4533 ], [ 4.06144, 44.27313 ], [ 3.97136, 44.27313 ], [ 3.97136, 44.09296 ], [ 4.24161, 44.09296 ], [ 4.24161, 44.27313 ], [ 4.3317, 44.27313 ], [ 4.3317, 44.36322 ], [ 4.24161, 44.36322 ], [ 4.24161, 44.4533 ], [ 4.06144, 44.4533 ] ] ], [ [ [ 1.35889, 44.18305 ], [ 1.35889, 44.09296 ], [ 1.53906, 44.09296 ], [ 1.53906, 44.18305 ], [ 1.35889, 44.18305 ] ] ], [ [ [ 4.96229, 44.18305 ], [ 4.96229, 44.00288 ], [ 5.05238, 44.00288 ], [ 5.05238, 44.09296 ], [ 5.14246, 44.09296 ], [ 5.14246, 44.00288 ], [ 5.23255, 44.00288 ], [ 5.23255, 44.18305 ], [ 4.96229, 44.18305 ] ] ], [ [ [ 3.79119, 44.09296 ], [ 3.79119, 44.00288 ], [ 3.88127, 44.00288 ], [ 3.88127, 44.09296 ], [ 3.79119, 44.09296 ] ] ], [ [ [ 1.8994, 44.00288 ], [ 1.8994, 43.91279 ], [ 1.98948, 43.91279 ], [ 1.98948, 44.00288 ], [ 1.8994, 44.00288 ] ] ], [ [ [ 3.61102, 44.00288 ], [ 3.61102, 43.82271 ], [ 3.79119, 43.82271 ], [ 3.79119, 44.00288 ], [ 3.61102, 44.00288 ] ] ], [ [ [ 4.06144, 43.91279 ], [ 4.06144, 43.82271 ], [ 4.3317, 43.82271 ], [ 4.3317, 43.91279 ], [ 4.06144, 43.91279 ] ] ], [ [ [ 7.48468, 43.91279 ], [ 7.48468, 43.73262 ], [ 7.57476, 43.73262 ], [ 7.57476, 43.91279 ], [ 7.48468, 43.91279 ] ] ], [ [ [ 3.52093, 43.82271 ], [ 3.52093, 43.73262 ], [ 3.61102, 43.73262 ], [ 3.61102, 43.82271 ], [ 3.52093, 43.82271 ] ] ], [ [ [ 7.30451, 43.82271 ], [ 7.30451, 43.73262 ], [ 7.39459, 43.73262 ], [ 7.39459, 43.82271 ], [ 7.30451, 43.82271 ] ] ], [ [ [ 5.05238, 43.82271 ], [ 5.05238, 43.64253 ], [ 5.14246, 43.64253 ], [ 5.14246, 43.73262 ], [ 5.32263, 43.73262 ], [ 5.32263, 43.82271 ], [ 5.05238, 43.82271 ] ] ], [ [ [ 1.8994, 43.73262 ], [ 1.8994, 43.64253 ], [ 2.07957, 43.64253 ], [ 2.07957, 43.73262 ], [ 1.8994, 43.73262 ] ] ], [ [ [ 5.5028, 43.73262 ], [ 5.5028, 43.64253 ], [ 5.59289, 43.64253 ], [ 5.59289, 43.73262 ], [ 5.5028, 43.73262 ] ] ], [ [ [ 5.86314, 44.00288 ], [ 5.86314, 43.91279 ], [ 5.77306, 43.91279 ], [ 5.77306, 43.82271 ], [ 5.86314, 43.82271 ], [ 5.86314, 43.55245 ], [ 5.95323, 43.55245 ], [ 5.95323, 43.64253 ], [ 6.04331, 43.64253 ], [ 6.04331, 43.73262 ], [ 5.95323, 43.73262 ], [ 5.95323, 44.00288 ], [ 5.86314, 44.00288 ] ] ], [ [ [ 3.34076, 43.73262 ], [ 3.34076, 43.55245 ], [ 3.43085, 43.55245 ], [ 3.43085, 43.73262 ], [ 3.34076, 43.73262 ] ] ], [ [ [ 2.07957, 43.64253 ], [ 2.07957, 43.55245 ], [ 2.16966, 43.55245 ], [ 2.16966, 43.64253 ], [ 2.07957, 43.64253 ] ] ], [ [ [ 5.14246, 43.64253 ], [ 5.14246, 43.55245 ], [ 5.32263, 43.55245 ], [ 5.32263, 43.64253 ], [ 5.14246, 43.64253 ] ] ], [ [ [ 3.52093, 43.64253 ], [ 3.52093, 43.46236 ], [ 3.61102, 43.46236 ], [ 3.61102, 43.64253 ], [ 3.52093, 43.64253 ] ] ], [ [ [ 5.68297, 43.64253 ], [ 5.68297, 43.46236 ], [ 5.86314, 43.46236 ], [ 5.86314, 43.55245 ], [ 5.77306, 43.55245 ], [ 5.77306, 43.64253 ], [ 5.68297, 43.64253 ] ] ], [ [ [ 2.89034, 43.55245 ], [ 2.89034, 43.46236 ], [ 2.98042, 43.46236 ], [ 2.98042, 43.55245 ], [ 2.89034, 43.55245 ] ] ], [ [ [ 3.07051, 43.55245 ], [ 3.07051, 43.46236 ], [ 3.16059, 43.46236 ], [ 3.16059, 43.55245 ], [ 3.07051, 43.55245 ] ] ], [ [ [ -0.5329, 43.55245 ], [ -0.5329, 43.37228 ], [ -0.44281, 43.37228 ], [ -0.44281, 43.46236 ], [ -0.35273, 43.46236 ], [ -0.35273, 43.55245 ], [ -0.5329, 43.55245 ] ] ], [ [ [ 0.63821, 44.27313 ], [ 0.63821, 44.18305 ], [ 0.36795, 44.18305 ], [ 0.36795, 44.00288 ], [ 0.18778, 44.00288 ], [ 0.18778, 44.09296 ], [ 0.0977, 44.09296 ], [ 0.0977, 43.91279 ], [ -0.08247, 43.91279 ], [ -0.08247, 43.82271 ], [ -0.17256, 43.82271 ], [ -0.17256, 44.09296 ], [ -0.26264, 44.09296 ], [ -0.26264, 43.91279 ], [ -0.35273, 43.91279 ], [ -0.35273, 43.82271 ], [ -0.26264, 43.82271 ], [ -0.26264, 43.73262 ], [ 0.00761, 43.73262 ], [ 0.00761, 43.55245 ], [ 0.0977, 43.55245 ], [ 0.0977, 43.82271 ], [ 0.18778, 43.82271 ], [ 0.18778, 43.64253 ], [ 0.27787, 43.64253 ], [ 0.27787, 43.73262 ], [ 0.45804, 43.73262 ], [ 0.45804, 43.82271 ], [ 0.54812, 43.82271 ], [ 0.54812, 43.64253 ], [ 0.63821, 43.64253 ], [ 0.63821, 43.82271 ], [ 0.72829, 43.82271 ], [ 0.72829, 43.91279 ], [ 0.63821, 43.91279 ], [ 0.63821, 44.00288 ], [ 0.81838, 44.00288 ], [ 0.81838, 44.09296 ], [ 0.90846, 44.09296 ], [ 0.90846, 44.00288 ], [ 1.08863, 44.00288 ], [ 1.08863, 43.82271 ], [ 1.17872, 43.82271 ], [ 1.17872, 43.73262 ], [ 1.2688, 43.73262 ], [ 1.2688, 43.64253 ], [ 1.35889, 43.64253 ], [ 1.35889, 43.55245 ], [ 1.17872, 43.55245 ], [ 1.17872, 43.46236 ], [ 1.35889, 43.46236 ], [ 1.35889, 43.37228 ], [ 1.44897, 43.37228 ], [ 1.44897, 43.55245 ], [ 1.53906, 43.55245 ], [ 1.53906, 43.46236 ], [ 1.62914, 43.46236 ], [ 1.62914, 43.73262 ], [ 1.80931, 43.73262 ], [ 1.80931, 43.82271 ], [ 1.8994, 43.82271 ], [ 1.8994, 43.91279 ], [ 1.62914, 43.91279 ], [ 1.62914, 44.00288 ], [ 1.53906, 44.00288 ], [ 1.53906, 43.91279 ], [ 1.44897, 43.91279 ], [ 1.44897, 44.00288 ], [ 1.35889, 44.00288 ], [ 1.35889, 44.09296 ], [ 1.2688, 44.09296 ], [ 1.2688, 44.18305 ], [ 1.08863, 44.18305 ], [ 1.08863, 44.27313 ], [ 0.99855, 44.27313 ], [ 0.99855, 44.18305 ], [ 0.90846, 44.18305 ], [ 0.90846, 44.27313 ], [ 0.63821, 44.27313 ] ], [ [ 0.63821, 44.18305 ], [ 0.72829, 44.18305 ], [ 0.72829, 44.09296 ], [ 0.63821, 44.09296 ], [ 0.63821, 44.18305 ] ], [ [ 1.2688, 43.82271 ], [ 1.53906, 43.82271 ], [ 1.53906, 43.73262 ], [ 1.2688, 43.73262 ], [ 1.2688, 43.82271 ] ] ], [ [ [ 4.51187, 44.36322 ], [ 4.51187, 44.27313 ], [ 4.42178, 44.27313 ], [ 4.42178, 44.18305 ], [ 4.51187, 44.18305 ], [ 4.51187, 44.09296 ], [ 4.42178, 44.09296 ], [ 4.42178, 44.00288 ], [ 4.3317, 44.00288 ], [ 4.3317, 43.91279 ], [ 4.51187, 43.91279 ], [ 4.51187, 43.82271 ], [ 4.60195, 43.82271 ], [ 4.60195, 43.73262 ], [ 4.42178, 43.73262 ], [ 4.42178, 43.55245 ], [ 4.15153, 43.55245 ], [ 4.15153, 43.46236 ], [ 4.51187, 43.46236 ], [ 4.51187, 43.37228 ], [ 4.78212, 43.37228 ], [ 4.78212, 43.82271 ], [ 4.96229, 43.82271 ], [ 4.96229, 44.00288 ], [ 4.87221, 44.00288 ], [ 4.87221, 44.18305 ], [ 4.78212, 44.18305 ], [ 4.78212, 44.27313 ], [ 4.69204, 44.27313 ], [ 4.69204, 44.36322 ], [ 4.51187, 44.36322 ] ], [ [ 4.60195, 44.09296 ], [ 4.69204, 44.09296 ], [ 4.69204, 44.00288 ], [ 4.60195, 44.00288 ], [ 4.60195, 44.09296 ] ], [ [ 4.69204, 44.00288 ], [ 4.78212, 44.00288 ], [ 4.78212, 43.82271 ], [ 4.69204, 43.82271 ], [ 4.69204, 44.00288 ] ] ], [ [ [ 2.71017, 43.46236 ], [ 2.71017, 43.37228 ], [ 2.80025, 43.37228 ], [ 2.80025, 43.46236 ], [ 2.71017, 43.46236 ] ] ], [ [ [ 5.14246, 43.46236 ], [ 5.14246, 43.37228 ], [ 5.23255, 43.37228 ], [ 5.23255, 43.46236 ], [ 5.14246, 43.46236 ] ] ], [ [ [ 5.5028, 43.46236 ], [ 5.5028, 43.37228 ], [ 5.59289, 43.37228 ], [ 5.59289, 43.28219 ], [ 5.68297, 43.28219 ], [ 5.68297, 43.46236 ], [ 5.5028, 43.46236 ] ] ], [ [ [ -1.61392, 43.46236 ], [ -1.61392, 43.37228 ], [ -1.79409, 43.37228 ], [ -1.79409, 43.28219 ], [ -1.52383, 43.28219 ], [ -1.52383, 43.37228 ], [ -1.43375, 43.37228 ], [ -1.43375, 43.46236 ], [ -1.61392, 43.46236 ] ] ], [ [ [ 0.63821, 43.37228 ], [ 0.63821, 43.28219 ], [ 0.72829, 43.28219 ], [ 0.72829, 43.37228 ], [ 0.63821, 43.37228 ] ] ], [ [ [ 1.8994, 43.37228 ], [ 1.8994, 43.28219 ], [ 2.16966, 43.28219 ], [ 2.16966, 43.37228 ], [ 1.8994, 43.37228 ] ] ], [ [ [ 5.32263, 43.37228 ], [ 5.32263, 43.28219 ], [ 5.5028, 43.28219 ], [ 5.5028, 43.37228 ], [ 5.32263, 43.37228 ] ] ], [ [ [ 6.04331, 43.37228 ], [ 6.04331, 43.28219 ], [ 6.1334, 43.28219 ], [ 6.1334, 43.37228 ], [ 6.04331, 43.37228 ] ] ], [ [ [ -0.08247, 43.55245 ], [ -0.08247, 43.37228 ], [ 0.00761, 43.37228 ], [ 0.00761, 43.28219 ], [ 0.0977, 43.28219 ], [ 0.0977, 43.19211 ], [ 0.18778, 43.19211 ], [ 0.18778, 43.28219 ], [ 0.27787, 43.28219 ], [ 0.27787, 43.37228 ], [ 0.36795, 43.37228 ], [ 0.36795, 43.28219 ], [ 0.54812, 43.28219 ], [ 0.54812, 43.37228 ], [ 0.63821, 43.37228 ], [ 0.63821, 43.55245 ], [ 0.45804, 43.55245 ], [ 0.45804, 43.46236 ], [ 0.36795, 43.46236 ], [ 0.36795, 43.55245 ], [ 0.0977, 43.55245 ], [ 0.0977, 43.46236 ], [ 0.00761, 43.46236 ], [ 0.00761, 43.55245 ], [ -0.08247, 43.55245 ] ] ], [ [ [ 2.34983, 43.37228 ], [ 2.34983, 43.28219 ], [ 2.16966, 43.28219 ], [ 2.16966, 43.19211 ], [ 2.43991, 43.19211 ], [ 2.43991, 43.28219 ], [ 2.62008, 43.28219 ], [ 2.62008, 43.37228 ], [ 2.34983, 43.37228 ] ] ], [ [ [ 6.31357, 43.28219 ], [ 6.31357, 43.19211 ], [ 6.40365, 43.19211 ], [ 6.40365, 43.28219 ], [ 6.31357, 43.28219 ] ] ], [ [ [ -1.43375, 43.37228 ], [ -1.43375, 43.28219 ], [ -1.34366, 43.28219 ], [ -1.34366, 43.19211 ], [ -0.71307, 43.19211 ], [ -0.71307, 43.10202 ], [ -0.5329, 43.10202 ], [ -0.5329, 43.19211 ], [ -0.26264, 43.19211 ], [ -0.26264, 43.37228 ], [ -0.35273, 43.37228 ], [ -0.35273, 43.28219 ], [ -0.62298, 43.28219 ], [ -0.62298, 43.37228 ], [ -0.71307, 43.37228 ], [ -0.71307, 43.28219 ], [ -1.25358, 43.28219 ], [ -1.25358, 43.37228 ], [ -1.43375, 43.37228 ] ] ], [ [ [ 2.62008, 43.28219 ], [ 2.62008, 43.10202 ], [ 2.89034, 43.10202 ], [ 2.89034, 43.19211 ], [ 2.71017, 43.19211 ], [ 2.71017, 43.28219 ], [ 2.62008, 43.28219 ] ] ], [ [ [ 0.45804, 43.10202 ], [ 0.45804, 43.01194 ], [ 0.54812, 43.01194 ], [ 0.54812, 43.10202 ], [ 0.45804, 43.10202 ] ] ], [ [ [ 2.89034, 43.01194 ], [ 2.89034, 42.92185 ], [ 2.98042, 42.92185 ], [ 2.98042, 43.01194 ], [ 2.89034, 43.01194 ] ] ], [ [ [ 2.62008, 42.74168 ], [ 2.62008, 42.6516 ], [ 2.80025, 42.6516 ], [ 2.80025, 42.74168 ], [ 2.62008, 42.74168 ] ] ], [ [ [ 2.98042, 42.6516 ], [ 2.98042, 42.56151 ], [ 3.07051, 42.56151 ], [ 3.07051, 42.6516 ], [ 2.98042, 42.6516 ] ] ], [ [ [ 2.71017, 42.56151 ], [ 2.71017, 42.47143 ], [ 2.80025, 42.47143 ], [ 2.80025, 42.56151 ], [ 2.71017, 42.56151 ] ] ], [ [ [ 3.07051, 42.56151 ], [ 3.07051, 42.47143 ], [ 3.16059, 42.47143 ], [ 3.16059, 42.56151 ], [ 3.07051, 42.56151 ] ] ], [ [ [ 2.80025, 42.47143 ], [ 2.80025, 42.38134 ], [ 2.89034, 42.38134 ], [ 2.89034, 42.47143 ], [ 2.80025, 42.47143 ] ] ], [ [ [ 8.65578, 42.021 ], [ 8.65578, 41.93092 ], [ 8.74587, 41.93092 ], [ 8.74587, 41.84083 ], [ 8.83595, 41.84083 ], [ 8.83595, 42.021 ], [ 8.65578, 42.021 ] ] ], [ [ [ 8.83595, 41.84083 ], [ 8.83595, 41.66066 ], [ 8.92604, 41.66066 ], [ 8.92604, 41.84083 ], [ 8.83595, 41.84083 ] ] ] ] } },
{ "type": "Feature", "properties": { "date_envol": "06/04/2026", "date_iso": "2026-04-06", "semaine": 15, "date_calcul": "2026-07-22", "annee": 2026, "espece": "Pityogenes chalcographus", "modele": "CHAPY", "seuil_vol": 15.6 }, "geometry": { "type": "MultiPolygon", "coordinates": [ [ [ [ -2.15443, 47.69636 ], [ -2.15443, 47.60628 ], [ -1.97426, 47.60628 ], [ -1.97426, 47.69636 ], [ -2.15443, 47.69636 ] ] ], [ [ [ -3.05528, 47.60628 ], [ -3.05528, 47.51619 ], [ -2.60486, 47.51619 ], [ -2.60486, 47.60628 ], [ -3.05528, 47.60628 ] ] ], [ [ [ -2.60486, 47.51619 ], [ -2.60486, 47.42611 ], [ -2.51477, 47.42611 ], [ -2.51477, 47.51619 ], [ -2.60486, 47.51619 ] ] ], [ [ [ -0.62298, 47.51619 ], [ -0.62298, 47.42611 ], [ -0.26264, 47.42611 ], [ -0.26264, 47.51619 ], [ -0.62298, 47.51619 ] ] ], [ [ [ -2.51477, 47.33602 ], [ -2.51477, 47.24594 ], [ -2.42468, 47.24594 ], [ -2.42468, 47.33602 ], [ -2.51477, 47.33602 ] ] ], [ [ [ -0.26264, 47.15585 ], [ -0.26264, 47.06577 ], [ -0.17256, 47.06577 ], [ -0.17256, 47.15585 ], [ -0.26264, 47.15585 ] ] ], [ [ [ -0.08247, 47.15585 ], [ -0.08247, 47.06577 ], [ 0.27787, 47.06577 ], [ 0.27787, 47.15585 ], [ -0.08247, 47.15585 ] ] ], [ [ [ -0.17256, 47.06577 ], [ -0.17256, 46.97568 ], [ -0.08247, 46.97568 ], [ -0.08247, 47.06577 ], [ -0.17256, 47.06577 ] ] ], [ [ [ 0.27787, 47.06577 ], [ 0.27787, 46.97568 ], [ 0.36795, 46.97568 ], [ 0.36795, 47.06577 ], [ 0.27787, 47.06577 ] ] ], [ [ [ -2.3346, 47.42611 ], [ -2.3346, 47.33602 ], [ -2.15443, 47.33602 ], [ -2.15443, 47.24594 ], [ -2.24451, 47.24594 ], [ -2.24451, 47.15585 ], [ -2.15443, 47.15585 ], [ -2.15443, 47.06577 ], [ -1.97426, 47.06577 ], [ -1.97426, 46.97568 ], [ -1.88417, 46.97568 ], [ -1.88417, 46.8856 ], [ -1.61392, 46.8856 ], [ -1.61392, 46.97568 ], [ -1.43375, 46.97568 ], [ -1.43375, 47.15585 ], [ -1.34366, 47.15585 ], [ -1.34366, 47.33602 ], [ -1.43375, 47.33602 ], [ -1.43375, 47.24594 ], [ -1.97426, 47.24594 ], [ -1.97426, 47.33602 ], [ -2.06434, 47.33602 ], [ -2.06434, 47.42611 ], [ -2.3346, 47.42611 ] ] ], [ [ [ -0.08247, 46.97568 ], [ -0.08247, 46.8856 ], [ 0.18778, 46.8856 ], [ 0.18778, 46.97568 ], [ -0.08247, 46.97568 ] ] ], [ [ [ 0.54812, 46.97568 ], [ 0.54812, 46.8856 ], [ 0.72829, 46.8856 ], [ 0.72829, 46.97568 ], [ 0.54812, 46.97568 ] ] ], [ [ [ 0.36795, 46.8856 ], [ 0.36795, 46.79551 ], [ 0.45804, 46.79551 ], [ 0.45804, 46.8856 ], [ 0.36795, 46.8856 ] ] ], [ [ [ 0.72829, 46.8856 ], [ 0.72829, 46.79551 ], [ 0.81838, 46.79551 ], [ 0.81838, 46.8856 ], [ 0.72829, 46.8856 ] ] ], [ [ [ 0.81838, 46.79551 ], [ 0.81838, 46.61534 ], [ 0.99855, 46.61534 ], [ 0.99855, 46.70543 ], [ 0.90846, 46.70543 ], [ 0.90846, 46.79551 ], [ 0.81838, 46.79551 ] ] ], [ [ [ -1.704, 46.61534 ], [ -1.704, 46.52526 ], [ -1.79409, 46.52526 ], [ -1.79409, 46.43517 ], [ -1.61392, 46.43517 ], [ -1.61392, 46.34509 ], [ -1.43375, 46.34509 ], [ -1.43375, 46.16492 ], [ -1.16349, 46.16492 ], [ -1.16349, 45.98475 ], [ -1.25358, 45.98475 ], [ -1.25358, 46.07483 ], [ -1.43375, 46.07483 ], [ -1.43375, 45.98475 ], [ -1.34366, 45.98475 ], [ -1.34366, 45.89466 ], [ -1.25358, 45.89466 ], [ -1.25358, 45.62441 ], [ -0.89324, 45.62441 ], [ -0.89324, 46.07483 ], [ -1.07341, 46.07483 ], [ -1.07341, 46.34509 ], [ -0.5329, 46.34509 ], [ -0.5329, 46.43517 ], [ -0.71307, 46.43517 ], [ -0.71307, 46.52526 ], [ -0.89324, 46.52526 ], [ -0.89324, 46.61534 ], [ -1.25358, 46.61534 ], [ -1.25358, 46.52526 ], [ -1.61392, 46.52526 ], [ -1.61392, 46.61534 ], [ -1.704, 46.61534 ] ] ], [ [ [ 0.00761, 45.44424 ], [ 0.00761, 45.35415 ], [ 0.0977, 45.35415 ], [ 0.0977, 45.44424 ], [ 0.00761, 45.44424 ] ] ], [ [ [ 1.2688, 45.26407 ], [ 1.2688, 45.17398 ], [ 1.44897, 45.17398 ], [ 1.44897, 45.26407 ], [ 1.2688, 45.26407 ] ] ], [ [ [ 1.44897, 45.17398 ], [ 1.44897, 45.0839 ], [ 1.53906, 45.0839 ], [ 1.53906, 45.17398 ], [ 1.44897, 45.17398 ] ] ], [ [ [ 0.90846, 45.0839 ], [ 0.90846, 44.99381 ], [ 0.99855, 44.99381 ], [ 0.99855, 44.90373 ], [ 1.08863, 44.90373 ], [ 1.08863, 44.99381 ], [ 1.17872, 44.99381 ], [ 1.17872, 45.0839 ], [ 0.90846, 45.0839 ] ] ], [ [ [ 1.53906, 45.0839 ], [ 1.53906, 44.90373 ], [ 1.80931, 44.90373 ], [ 1.80931, 45.0839 ], [ 1.53906, 45.0839 ] ] ], [ [ [ 1.17872, 44.99381 ], [ 1.17872, 44.90373 ], [ 1.2688, 44.90373 ], [ 1.2688, 44.99381 ], [ 1.17872, 44.99381 ] ] ], [ [ [ 4.78212, 44.99381 ], [ 4.78212, 44.90373 ], [ 4.96229, 44.90373 ], [ 4.96229, 44.99381 ], [ 4.78212, 44.99381 ] ] ], [ [ [ -0.5329, 46.52526 ], [ -0.5329, 46.43517 ], [ -0.44281, 46.43517 ], [ -0.44281, 46.34509 ], [ -0.35273, 46.34509 ], [ -0.35273, 46.255 ], [ -0.44281, 46.255 ], [ -0.44281, 46.07483 ], [ -0.17256, 46.07483 ], [ -0.17256, 45.80458 ], [ 0.18778, 45.80458 ], [ 0.18778, 45.62441 ], [ 0.0977, 45.62441 ], [ 0.0977, 45.44424 ], [ 0.36795, 45.44424 ], [ 0.36795, 44.99381 ], [ 0.45804, 44.99381 ], [ 0.45804, 44.90373 ], [ 0.63821, 44.90373 ], [ 0.63821, 44.81364 ], [ 0.72829, 44.81364 ], [ 0.72829, 44.90373 ], [ 0.90846, 44.90373 ], [ 0.90846, 44.99381 ], [ 0.72829, 44.99381 ], [ 0.72829, 45.0839 ], [ 0.81838, 45.0839 ], [ 0.81838, 45.17398 ], [ 0.99855, 45.17398 ], [ 0.99855, 45.26407 ], [ 1.17872, 45.26407 ], [ 1.17872, 45.35415 ], [ 0.99855, 45.35415 ], [ 0.99855, 45.44424 ], [ 0.63821, 45.44424 ], [ 0.63821, 45.53432 ], [ 0.54812, 45.53432 ], [ 0.54812, 45.62441 ], [ 0.45804, 45.62441 ], [ 0.45804, 46.07483 ], [ 0.27787, 46.07483 ], [ 0.27787, 46.16492 ], [ 0.0977, 46.16492 ], [ 0.0977, 46.07483 ], [ 0.00761, 46.07483 ], [ 0.00761, 45.98475 ], [ -0.08247, 45.98475 ], [ -0.08247, 46.16492 ], [ -0.17256, 46.16492 ], [ -0.17256, 46.255 ], [ -0.26264, 46.255 ], [ -0.26264, 46.43517 ], [ -0.35273, 46.43517 ], [ -0.35273, 46.52526 ], [ -0.5329, 46.52526 ] ], [ [ 0.45804, 45.35415 ], [ 0.54812, 45.35415 ], [ 0.54812, 45.26407 ], [ 0.45804, 45.26407 ], [ 0.45804, 45.35415 ] ] ], [ [ [ 1.35889, 44.90373 ], [ 1.35889, 44.81364 ], [ 1.53906, 44.81364 ], [ 1.53906, 44.90373 ], [ 1.35889, 44.90373 ] ] ], [ [ [ 0.54812, 44.81364 ], [ 0.54812, 44.72356 ], [ 0.63821, 44.72356 ], [ 0.63821, 44.81364 ], [ 0.54812, 44.81364 ] ] ], [ [ [ 2.07957, 44.72356 ], [ 2.07957, 44.54339 ], [ 2.25974, 44.54339 ], [ 2.25974, 44.63347 ], [ 2.16966, 44.63347 ], [ 2.16966, 44.72356 ], [ 2.07957, 44.72356 ] ] ], [ [ [ 1.8994, 44.63347 ], [ 1.8994, 44.54339 ], [ 1.98948, 44.54339 ], [ 1.98948, 44.63347 ], [ 1.8994, 44.63347 ] ] ], [ [ [ 4.3317, 44.72356 ], [ 4.3317, 44.4533 ], [ 4.42178, 44.4533 ], [ 4.42178, 44.72356 ], [ 4.3317, 44.72356 ] ] ], [ [ [ 1.98948, 44.54339 ], [ 1.98948, 44.4533 ], [ 2.07957, 44.4533 ], [ 2.07957, 44.54339 ], [ 1.98948, 44.54339 ] ] ], [ [ [ 4.60195, 44.63347 ], [ 4.60195, 44.54339 ], [ 4.51187, 44.54339 ], [ 4.51187, 44.4533 ], [ 4.69204, 44.4533 ], [ 4.69204, 44.54339 ], [ 4.78212, 44.54339 ], [ 4.78212, 44.63347 ], [ 4.60195, 44.63347 ] ] ], [ [ [ 0.36795, 44.72356 ], [ 0.36795, 44.63347 ], [ 0.18778, 44.63347 ], [ 0.18778, 44.54339 ], [ 0.27787, 44.54339 ], [ 0.27787, 44.36322 ], [ 0.36795, 44.36322 ], [ 0.36795, 44.4533 ], [ 0.45804, 44.4533 ], [ 0.45804, 44.63347 ], [ 0.54812, 44.63347 ], [ 0.54812, 44.72356 ], [ 0.36795, 44.72356 ] ] ], [ [ [ 4.24161, 44.4533 ], [ 4.24161, 44.36322 ], [ 4.3317, 44.36322 ], [ 4.3317, 44.4533 ], [ 4.24161, 44.4533 ] ] ], [ [ [ 4.87221, 44.4533 ], [ 4.87221, 44.36322 ], [ 4.96229, 44.36322 ], [ 4.96229, 44.27313 ], [ 5.14246, 44.27313 ], [ 5.14246, 44.36322 ], [ 5.05238, 44.36322 ], [ 5.05238, 44.4533 ], [ 4.87221, 44.4533 ] ] ], [ [ [ 3.97136, 44.36322 ], [ 3.97136, 44.27313 ], [ 4.06144, 44.27313 ], [ 4.06144, 44.36322 ], [ 3.97136, 44.36322 ] ] ], [ [ [ 4.3317, 44.36322 ], [ 4.3317, 44.27313 ], [ 4.51187, 44.27313 ], [ 4.51187, 44.36322 ], [ 4.3317, 44.36322 ] ] ], [ [ [ 4.69204, 44.36322 ], [ 4.69204, 44.27313 ], [ 4.78212, 44.27313 ], [ 4.78212, 44.36322 ], [ 4.69204, 44.36322 ] ] ], [ [ [ 4.24161, 44.27313 ], [ 4.24161, 44.18305 ], [ 4.3317, 44.18305 ], [ 4.3317, 44.27313 ], [ 4.24161, 44.27313 ] ] ], [ [ [ 4.78212, 44.27313 ], [ 4.78212, 44.18305 ], [ 4.87221, 44.18305 ], [ 4.87221, 44.27313 ], [ 4.78212, 44.27313 ] ] ], [ [ [ 3.79119, 44.18305 ], [ 3.79119, 44.09296 ], [ 3.97136, 44.09296 ], [ 3.97136, 44.18305 ], [ 3.79119, 44.18305 ] ] ], [ [ [ 4.42178, 44.18305 ], [ 4.42178, 44.09296 ], [ 4.51187, 44.09296 ], [ 4.51187, 44.18305 ], [ 4.42178, 44.18305 ] ] ], [ [ [ 4.60195, 44.09296 ], [ 4.60195, 44.00288 ], [ 4.69204, 44.00288 ], [ 4.69204, 44.09296 ], [ 4.60195, 44.09296 ] ] ], [ [ [ -0.08247, 44.36322 ], [ -0.08247, 44.27313 ], [ -0.17256, 44.27313 ], [ -0.17256, 43.91279 ], [ 0.0977, 43.91279 ], [ 0.0977, 44.09296 ], [ 0.18778, 44.09296 ], [ 0.18778, 44.36322 ], [ 0.0977, 44.36322 ], [ 0.0977, 44.27313 ], [ 0.00761, 44.27313 ], [ 0.00761, 44.36322 ], [ -0.08247, 44.36322 ] ] ], [ [ [ 1.08863, 44.90373 ], [ 1.08863, 44.81364 ], [ 0.90846, 44.81364 ], [ 0.90846, 44.63347 ], [ 0.81838, 44.63347 ], [ 0.81838, 44.54339 ], [ 1.17872, 44.54339 ], [ 1.17872, 44.4533 ], [ 1.08863, 44.4533 ], [ 1.08863, 44.36322 ], [ 0.99855, 44.36322 ], [ 0.99855, 44.4533 ], [ 0.81838, 44.4533 ], [ 0.81838, 44.36322 ], [ 0.54812, 44.36322 ], [ 0.54812, 44.27313 ], [ 0.90846, 44.27313 ], [ 0.90846, 44.18305 ], [ 0.99855, 44.18305 ], [ 0.99855, 44.27313 ], [ 1.08863, 44.27313 ], [ 1.08863, 44.18305 ], [ 1.2688, 44.18305 ], [ 1.2688, 44.09296 ], [ 1.35889, 44.09296 ], [ 1.35889, 44.00288 ], [ 1.44897, 44.00288 ], [ 1.44897, 43.91279 ], [ 1.53906, 43.91279 ], [ 1.53906, 44.00288 ], [ 1.62914, 44.00288 ], [ 1.62914, 43.91279 ], [ 1.8994, 43.91279 ], [ 1.8994, 44.00288 ], [ 1.98948, 44.00288 ], [ 1.98948, 44.18305 ], [ 1.80931, 44.18305 ], [ 1.80931, 44.09296 ], [ 1.62914, 44.09296 ], [ 1.62914, 44.36322 ], [ 1.71923, 44.36322 ], [ 1.71923, 44.54339 ], [ 1.35889, 44.54339 ], [ 1.35889, 44.4533 ], [ 1.2688, 44.4533 ], [ 1.2688, 44.72356 ], [ 1.35889, 44.72356 ], [ 1.35889, 44.81364 ], [ 1.17872, 44.81364 ], [ 1.17872, 44.90373 ], [ 1.08863, 44.90373 ] ], [ [ 1.08863, 44.72356 ], [ 1.17872, 44.72356 ], [ 1.17872, 44.63347 ], [ 1.08863, 44.63347 ], [ 1.08863, 44.72356 ] ], [ [ 1.17872, 44.36322 ], [ 1.2688, 44.36322 ], [ 1.2688, 44.27313 ], [ 1.17872, 44.27313 ], [ 1.17872, 44.36322 ] ], [ [ 1.35889, 44.18305 ], [ 1.53906, 44.18305 ], [ 1.53906, 44.09296 ], [ 1.35889, 44.09296 ], [ 1.35889, 44.18305 ] ] ], [ [ [ 5.41272, 44.00288 ], [ 5.41272, 43.91279 ], [ 5.5028, 43.91279 ], [ 5.5028, 44.00288 ], [ 5.41272, 44.00288 ] ] ], [ [ [ 5.77306, 44.00288 ], [ 5.77306, 43.91279 ], [ 5.86314, 43.91279 ], [ 5.86314, 44.00288 ], [ 5.77306, 44.00288 ] ] ], [ [ [ 5.23255, 43.91279 ], [ 5.23255, 43.82271 ], [ 5.32263, 43.82271 ], [ 5.32263, 43.91279 ], [ 5.23255, 43.91279 ] ] ], [ [ [ 5.68297, 43.91279 ], [ 5.68297, 43.82271 ], [ 5.77306, 43.82271 ], [ 5.77306, 43.91279 ], [ 5.68297, 43.91279 ] ] ], [ [ [ 5.95323, 43.91279 ], [ 5.95323, 43.73262 ], [ 6.22348, 43.73262 ], [ 6.22348, 43.82271 ], [ 6.04331, 43.82271 ], [ 6.04331, 43.91279 ], [ 5.95323, 43.91279 ] ] ], [ [ [ 1.2688, 43.82271 ], [ 1.2688, 43.73262 ], [ 1.53906, 43.73262 ], [ 1.53906, 43.82271 ], [ 1.2688, 43.82271 ] ] ], [ [ [ 3.34076, 43.82271 ], [ 3.34076, 43.73262 ], [ 3.52093, 43.73262 ], [ 3.52093, 43.82271 ], [ 3.34076, 43.82271 ] ] ], [ [ [ 4.78212, 43.82271 ], [ 4.78212, 43.73262 ], [ 5.05238, 43.73262 ], [ 5.05238, 43.82271 ], [ 4.78212, 43.82271 ] ] ], [ [ [ 5.59289, 43.82271 ], [ 5.59289, 43.73262 ], [ 5.68297, 43.73262 ], [ 5.68297, 43.82271 ], [ 5.59289, 43.82271 ] ] ], [ [ [ 5.77306, 43.82271 ], [ 5.77306, 43.73262 ], [ 5.86314, 43.73262 ], [ 5.86314, 43.82271 ], [ 5.77306, 43.82271 ] ] ], [ [ [ 0.0977, 43.82271 ], [ 0.0977, 43.64253 ], [ 0.18778, 43.64253 ], [ 0.18778, 43.82271 ], [ 0.0977, 43.82271 ] ] ], [ [ [ 0.45804, 43.82271 ], [ 0.45804, 43.73262 ], [ 0.27787, 43.73262 ], [ 0.27787, 43.64253 ], [ 0.54812, 43.64253 ], [ 0.54812, 43.82271 ], [ 0.45804, 43.82271 ] ] ], [ [ [ 5.14246, 43.73262 ], [ 5.14246, 43.64253 ], [ 5.41272, 43.64253 ], [ 5.41272, 43.73262 ], [ 5.14246, 43.73262 ] ] ], [ [ [ 3.16059, 43.64253 ], [ 3.16059, 43.55245 ], [ 3.34076, 43.55245 ], [ 3.34076, 43.64253 ], [ 3.16059, 43.64253 ] ] ], [ [ [ 5.77306, 43.64253 ], [ 5.77306, 43.55245 ], [ 5.86314, 43.55245 ], [ 5.86314, 43.64253 ], [ 5.77306, 43.64253 ] ] ], [ [ [ 5.5028, 43.55245 ], [ 5.5028, 43.46236 ], [ 5.59289, 43.46236 ], [ 5.59289, 43.55245 ], [ 5.5028, 43.55245 ] ] ], [ [ [ 5.23255, 43.55245 ], [ 5.23255, 43.37228 ], [ 5.41272, 43.37228 ], [ 5.41272, 43.55245 ], [ 5.23255, 43.55245 ] ] ], [ [ [ 2.62008, 43.46236 ], [ 2.62008, 43.37228 ], [ 2.71017, 43.37228 ], [ 2.71017, 43.46236 ], [ 2.62008, 43.46236 ] ] ], [ [ [ 2.80025, 43.46236 ], [ 2.80025, 43.37228 ], [ 2.89034, 43.37228 ], [ 2.89034, 43.46236 ], [ 2.80025, 43.46236 ] ] ], [ [ [ 5.77306, 43.46236 ], [ 5.77306, 43.37228 ], [ 5.86314, 43.37228 ], [ 5.86314, 43.46236 ], [ 5.77306, 43.46236 ] ] ], [ [ [ -1.52383, 43.37228 ], [ -1.52383, 43.28219 ], [ -1.43375, 43.28219 ], [ -1.43375, 43.37228 ], [ -1.52383, 43.37228 ] ] ], [ [ [ 0.27787, 43.37228 ], [ 0.27787, 43.28219 ], [ 0.36795, 43.28219 ], [ 0.36795, 43.37228 ], [ 0.27787, 43.37228 ] ] ], [ [ [ 0.54812, 43.37228 ], [ 0.54812, 43.28219 ], [ 0.63821, 43.28219 ], [ 0.63821, 43.37228 ], [ 0.54812, 43.37228 ] ] ], [ [ [ 2.16966, 43.37228 ], [ 2.16966, 43.28219 ], [ 2.34983, 43.28219 ], [ 2.34983, 43.37228 ], [ 2.16966, 43.37228 ] ] ], [ [ [ 5.5028, 43.37228 ], [ 5.5028, 43.28219 ], [ 5.59289, 43.28219 ], [ 5.59289, 43.37228 ], [ 5.5028, 43.37228 ] ] ], [ [ [ 5.95323, 43.37228 ], [ 5.95323, 43.19211 ], [ 6.04331, 43.19211 ], [ 6.04331, 43.37228 ], [ 5.95323, 43.37228 ] ] ], [ [ [ -1.704, 43.28219 ], [ -1.704, 43.19211 ], [ -1.61392, 43.19211 ], [ -1.61392, 43.28219 ], [ -1.704, 43.28219 ] ] ], [ [ [ -0.26264, 43.28219 ], [ -0.26264, 43.19211 ], [ -0.17256, 43.19211 ], [ -0.17256, 43.28219 ], [ -0.26264, 43.28219 ] ] ], [ [ [ 1.35889, 43.28219 ], [ 1.35889, 43.19211 ], [ 1.44897, 43.19211 ], [ 1.44897, 43.28219 ], [ 1.35889, 43.28219 ] ] ], [ [ [ 1.98948, 43.28219 ], [ 1.98948, 43.19211 ], [ 2.16966, 43.19211 ], [ 2.16966, 43.28219 ], [ 1.98948, 43.28219 ] ] ], [ [ [ 5.77306, 43.28219 ], [ 5.77306, 43.19211 ], [ 5.86314, 43.19211 ], [ 5.86314, 43.28219 ], [ 5.77306, 43.28219 ] ] ], [ [ [ 6.22348, 43.28219 ], [ 6.22348, 43.19211 ], [ 6.31357, 43.19211 ], [ 6.31357, 43.28219 ], [ 6.22348, 43.28219 ] ] ], [ [ [ 1.98948, 44.00288 ], [ 1.98948, 43.91279 ], [ 1.8994, 43.91279 ], [ 1.8994, 43.82271 ], [ 1.80931, 43.82271 ], [ 1.80931, 43.73262 ], [ 1.62914, 43.73262 ], [ 1.62914, 43.46236 ], [ 1.53906, 43.46236 ], [ 1.53906, 43.55245 ], [ 1.44897, 43.55245 ], [ 1.44897, 43.28219 ], [ 1.53906, 43.28219 ], [ 1.53906, 43.19211 ], [ 1.62914, 43.19211 ], [ 1.62914, 43.10202 ], [ 1.71923, 43.10202 ], [ 1.71923, 43.28219 ], [ 1.62914, 43.28219 ], [ 1.62914, 43.37228 ], [ 1.8994, 43.37228 ], [ 1.8994, 43.46236 ], [ 2.07957, 43.46236 ], [ 2.07957, 43.64253 ], [ 2.16966, 43.64253 ], [ 2.16966, 43.55245 ], [ 2.34983, 43.55245 ], [ 2.34983, 43.73262 ], [ 2.16966, 43.73262 ], [ 2.16966, 44.00288 ], [ 1.98948, 44.00288 ] ], [ [ 1.8994, 43.73262 ], [ 2.07957, 43.73262 ], [ 2.07957, 43.64253 ], [ 1.8994, 43.64253 ], [ 1.8994, 43.73262 ] ] ], [ [ [ 0.18778, 43.28219 ], [ 0.18778, 43.10202 ], [ 0.27787, 43.10202 ], [ 0.27787, 43.28219 ], [ 0.18778, 43.28219 ] ] ], [ [ [ -1.34366, 43.19211 ], [ -1.34366, 43.10202 ], [ -1.25358, 43.10202 ], [ -1.25358, 43.19211 ], [ -1.34366, 43.19211 ] ] ], [ [ [ -0.89324, 43.19211 ], [ -0.89324, 43.10202 ], [ -0.71307, 43.10202 ], [ -0.71307, 43.19211 ], [ -0.89324, 43.19211 ] ] ], [ [ [ -0.35273, 43.55245 ], [ -0.35273, 43.46236 ], [ -0.44281, 43.46236 ], [ -0.44281, 43.37228 ], [ -0.17256, 43.37228 ], [ -0.17256, 43.28219 ], [ -0.08247, 43.28219 ], [ -0.08247, 43.19211 ], [ -0.17256, 43.19211 ], [ -0.17256, 43.10202 ], [ 0.00761, 43.10202 ], [ 0.00761, 43.19211 ], [ 0.0977, 43.19211 ], [ 0.0977, 43.28219 ], [ 0.00761, 43.28219 ], [ 0.00761, 43.37228 ], [ -0.08247, 43.37228 ], [ -0.08247, 43.55245 ], [ -0.35273, 43.55245 ] ] ], [ [ [ 0.36795, 43.10202 ], [ 0.36795, 43.01194 ], [ 0.45804, 43.01194 ], [ 0.45804, 43.10202 ], [ 0.36795, 43.10202 ] ] ], [ [ [ 0.81838, 44.09296 ], [ 0.81838, 44.00288 ], [ 0.63821, 44.00288 ], [ 0.63821, 43.91279 ], [ 0.72829, 43.91279 ], [ 0.72829, 43.82271 ], [ 0.63821, 43.82271 ], [ 0.63821, 43.46236 ], [ 0.72829, 43.46236 ], [ 0.72829, 43.37228 ], [ 0.90846, 43.37228 ], [ 0.90846, 43.46236 ], [ 0.99855, 43.46236 ], [ 0.99855, 43.10202 ], [ 0.90846, 43.10202 ], [ 0.90846, 43.01194 ], [ 1.17872, 43.01194 ], [ 1.17872, 43.10202 ], [ 1.08863, 43.10202 ], [ 1.08863, 43.19211 ], [ 1.2688, 43.19211 ], [ 1.2688, 43.37228 ], [ 1.35889, 43.37228 ], [ 1.35889, 43.46236 ], [ 1.17872, 43.46236 ], [ 1.17872, 43.55245 ], [ 1.35889, 43.55245 ], [ 1.35889, 43.64253 ], [ 1.2688, 43.64253 ], [ 1.2688, 43.73262 ], [ 1.17872, 43.73262 ], [ 1.17872, 43.82271 ], [ 1.08863, 43.82271 ], [ 1.08863, 44.00288 ], [ 0.90846, 44.00288 ], [ 0.90846, 44.09296 ], [ 0.81838, 44.09296 ] ], [ [ 0.72829, 43.55245 ], [ 0.81838, 43.55245 ], [ 0.81838, 43.46236 ], [ 0.72829, 43.46236 ], [ 0.72829, 43.55245 ] ], [ [ 0.99855, 43.55245 ], [ 1.08863, 43.55245 ], [ 1.08863, 43.46236 ], [ 0.99855, 43.46236 ], [ 0.99855, 43.55245 ] ] ], [ [ [ 1.35889, 43.10202 ], [ 1.35889, 43.01194 ], [ 1.44897, 43.01194 ], [ 1.44897, 43.10202 ], [ 1.35889, 43.10202 ] ] ], [ [ [ 1.71923, 43.10202 ], [ 1.71923, 43.01194 ], [ 1.8994, 43.01194 ], [ 1.8994, 43.10202 ], [ 1.71923, 43.10202 ] ] ], [ [ [ 2.16966, 43.19211 ], [ 2.16966, 43.10202 ], [ 2.07957, 43.10202 ], [ 2.07957, 42.92185 ], [ 2.34983, 42.92185 ], [ 2.34983, 43.01194 ], [ 2.25974, 43.01194 ], [ 2.25974, 43.10202 ], [ 2.34983, 43.10202 ], [ 2.34983, 43.19211 ], [ 2.16966, 43.19211 ] ] ], [ [ [ 0.54812, 43.01194 ], [ 0.54812, 42.92185 ], [ 0.63821, 42.92185 ], [ 0.63821, 43.01194 ], [ 0.54812, 43.01194 ] ] ], [ [ [ 2.62008, 42.92185 ], [ 2.62008, 42.83177 ], [ 2.71017, 42.83177 ], [ 2.71017, 42.92185 ], [ 2.62008, 42.92185 ] ] ], [ [ [ 8.83595, 42.6516 ], [ 8.83595, 42.56151 ], [ 8.92604, 42.56151 ], [ 8.92604, 42.6516 ], [ 8.83595, 42.6516 ] ] ], [ [ [ 3.07051, 42.47143 ], [ 3.07051, 42.38134 ], [ 3.16059, 42.38134 ], [ 3.16059, 42.47143 ], [ 3.07051, 42.47143 ] ] ], [ [ [ 8.5657, 42.20117 ], [ 8.5657, 42.11109 ], [ 8.74587, 42.11109 ], [ 8.74587, 42.20117 ], [ 8.5657, 42.20117 ] ] ], [ [ [ 8.74587, 41.84083 ], [ 8.74587, 41.75075 ], [ 8.83595, 41.75075 ], [ 8.83595, 41.84083 ], [ 8.74587, 41.84083 ] ] ] ] } },
{ "type": "Feature", "properties": { "date_envol": "07/04/2026", "date_iso": "2026-04-07", "semaine": 15, "date_calcul": "2026-07-22", "annee": 2026, "espece": "Pityogenes chalcographus", "modele": "CHAPY", "seuil_vol": 15.6 }, "geometry": { "type": "MultiPolygon", "coordinates": [ [ [ [ -1.88417, 48.95756 ], [ -1.88417, 48.86747 ], [ -1.79409, 48.86747 ], [ -1.79409, 48.95756 ], [ -1.88417, 48.95756 ] ] ], [ [ [ -1.88417, 48.6873 ], [ -1.88417, 48.59722 ], [ -1.704, 48.59722 ], [ -1.704, 48.6873 ], [ -1.88417, 48.6873 ] ] ], [ [ [ -1.52383, 48.6873 ], [ -1.52383, 48.59722 ], [ -1.43375, 48.59722 ], [ -1.43375, 48.6873 ], [ -1.52383, 48.6873 ] ] ], [ [ [ -1.97426, 48.14679 ], [ -1.97426, 48.0567 ], [ -1.88417, 48.0567 ], [ -1.88417, 48.14679 ], [ -1.97426, 48.14679 ] ] ], [ [ [ -3.23545, 47.78645 ], [ -3.23545, 47.69636 ], [ -3.05528, 47.69636 ], [ -3.05528, 47.78645 ], [ -3.23545, 47.78645 ] ] ], [ [ [ 1.35889, 47.69636 ], [ 1.35889, 47.60628 ], [ 1.17872, 47.60628 ], [ 1.17872, 47.51619 ], [ 1.53906, 47.51619 ], [ 1.53906, 47.69636 ], [ 1.35889, 47.69636 ] ] ], [ [ [ 1.62914, 47.60628 ], [ 1.62914, 47.51619 ], [ 1.71923, 47.51619 ], [ 1.71923, 47.60628 ], [ 1.62914, 47.60628 ] ] ], [ [ [ -2.87511, 47.51619 ], [ -2.87511, 47.42611 ], [ -2.60486, 47.42611 ], [ -2.60486, 47.51619 ], [ -2.87511, 47.51619 ] ] ], [ [ [ 2.07957, 47.15585 ], [ 2.07957, 46.97568 ], [ 2.25974, 46.97568 ], [ 2.25974, 47.06577 ], [ 2.43991, 47.06577 ], [ 2.43991, 47.15585 ], [ 2.07957, 47.15585 ] ] ], [ [ [ -2.3346, 46.79551 ], [ -2.3346, 46.70543 ], [ -2.24451, 46.70543 ], [ -2.24451, 46.79551 ], [ -2.3346, 46.79551 ] ] ], [ [ [ 2.43991, 46.70543 ], [ 2.43991, 46.52526 ], [ 2.62008, 46.52526 ], [ 2.62008, 46.70543 ], [ 2.43991, 46.70543 ] ] ], [ [ [ 4.69204, 46.255 ], [ 4.69204, 46.16492 ], [ 4.78212, 46.16492 ], [ 4.78212, 46.255 ], [ 4.69204, 46.255 ] ] ], [ [ [ -1.07341, 46.16492 ], [ -1.07341, 46.07483 ], [ -0.89324, 46.07483 ], [ -0.89324, 46.16492 ], [ -1.07341, 46.16492 ] ] ], [ [ [ 4.69204, 45.98475 ], [ 4.69204, 45.89466 ], [ 4.78212, 45.89466 ], [ 4.78212, 45.98475 ], [ 4.69204, 45.98475 ] ] ], [ [ [ 4.60195, 45.80458 ], [ 4.60195, 45.71449 ], [ 4.78212, 45.71449 ], [ 4.78212, 45.80458 ], [ 4.60195, 45.80458 ] ] ], [ [ [ 4.60195, 45.53432 ], [ 4.60195, 45.44424 ], [ 4.78212, 45.44424 ], [ 4.78212, 45.53432 ], [ 4.60195, 45.53432 ] ] ], [ [ [ -2.06434, 47.96662 ], [ -2.06434, 47.87653 ], [ -2.15443, 47.87653 ], [ -2.15443, 47.78645 ], [ -2.24451, 47.78645 ], [ -2.24451, 47.87653 ], [ -2.42468, 47.87653 ], [ -2.42468, 47.78645 ], [ -2.3346, 47.78645 ], [ -2.3346, 47.51619 ], [ -2.42468, 47.51619 ], [ -2.42468, 47.60628 ], [ -2.51477, 47.60628 ], [ -2.51477, 47.69636 ], [ -2.87511, 47.69636 ], [ -2.87511, 47.78645 ], [ -2.9652, 47.78645 ], [ -2.9652, 47.69636 ], [ -3.05528, 47.69636 ], [ -3.05528, 47.60628 ], [ -2.60486, 47.60628 ], [ -2.60486, 47.51619 ], [ -2.51477, 47.51619 ], [ -2.51477, 47.33602 ], [ -2.42468, 47.33602 ], [ -2.42468, 47.24594 ], [ -2.15443, 47.24594 ], [ -2.15443, 47.33602 ], [ -2.3346, 47.33602 ], [ -2.3346, 47.42611 ], [ -2.06434, 47.42611 ], [ -2.06434, 47.33602 ], [ -1.97426, 47.33602 ], [ -1.97426, 47.24594 ], [ -1.79409, 47.24594 ], [ -1.79409, 47.33602 ], [ -1.704, 47.33602 ], [ -1.704, 47.24594 ], [ -1.43375, 47.24594 ], [ -1.43375, 47.33602 ], [ -1.34366, 47.33602 ], [ -1.34366, 47.15585 ], [ -1.43375, 47.15585 ], [ -1.43375, 46.97568 ], [ -1.61392, 46.97568 ], [ -1.61392, 46.8856 ], [ -1.88417, 46.8856 ], [ -1.88417, 46.97568 ], [ -1.97426, 46.97568 ], [ -1.97426, 47.06577 ], [ -2.06434, 47.06577 ], [ -2.06434, 46.97568 ], [ -2.15443, 46.97568 ], [ -2.15443, 47.06577 ], [ -2.24451, 47.06577 ], [ -2.24451, 46.8856 ], [ -2.15443, 46.8856 ], [ -2.15443, 46.79551 ], [ -2.06434, 46.79551 ], [ -2.06434, 46.70543 ], [ -1.88417, 46.70543 ], [ -1.88417, 46.52526 ], [ -1.704, 46.52526 ], [ -1.704, 46.61534 ], [ -1.61392, 46.61534 ], [ -1.61392, 46.52526 ], [ -1.25358, 46.52526 ], [ -1.25358, 46.61534 ], [ -0.89324, 46.61534 ], [ -0.89324, 46.52526 ], [ -0.71307, 46.52526 ], [ -0.71307, 46.43517 ], [ -0.5329, 46.43517 ], [ -0.5329, 46.52526 ], [ -0.35273, 46.52526 ], [ -0.35273, 46.43517 ], [ -0.26264, 46.43517 ], [ -0.26264, 46.255 ], [ -0.17256, 46.255 ], [ -0.17256, 46.16492 ], [ -0.08247, 46.16492 ], [ -0.08247, 45.98475 ], [ 0.00761, 45.98475 ], [ 0.00761, 46.07483 ], [ 0.0977, 46.07483 ], [ 0.0977, 46.16492 ], [ 0.27787, 46.16492 ], [ 0.27787, 46.07483 ], [ 0.45804, 46.07483 ], [ 0.45804, 45.80458 ], [ 0.54812, 45.80458 ], [ 0.54812, 45.71449 ], [ 0.45804, 45.71449 ], [ 0.45804, 45.62441 ], [ 0.54812, 45.62441 ], [ 0.54812, 45.53432 ], [ 0.63821, 45.53432 ], [ 0.63821, 45.44424 ], [ 0.99855, 45.44424 ], [ 0.99855, 45.35415 ], [ 1.17872, 45.35415 ], [ 1.17872, 45.44424 ], [ 1.08863, 45.44424 ], [ 1.08863, 45.53432 ], [ 0.72829, 45.53432 ], [ 0.72829, 45.71449 ], [ 0.63821, 45.71449 ], [ 0.63821, 45.80458 ], [ 0.81838, 45.80458 ], [ 0.81838, 45.89466 ], [ 0.72829, 45.89466 ], [ 0.72829, 46.34509 ], [ 0.90846, 46.34509 ], [ 0.90846, 46.43517 ], [ 1.08863, 46.43517 ], [ 1.08863, 46.52526 ], [ 1.2688, 46.52526 ], [ 1.2688, 46.61534 ], [ 1.44897, 46.61534 ], [ 1.44897, 46.70543 ], [ 1.53906, 46.70543 ], [ 1.53906, 46.79551 ], [ 1.44897, 46.79551 ], [ 1.44897, 46.97568 ], [ 1.35889, 46.97568 ], [ 1.35889, 47.06577 ], [ 1.2688, 47.06577 ], [ 1.2688, 47.15585 ], [ 1.62914, 47.15585 ], [ 1.62914, 47.06577 ], [ 1.98948, 47.06577 ], [ 1.98948, 47.15585 ], [ 2.07957, 47.15585 ], [ 2.07957, 47.24594 ], [ 1.71923, 47.24594 ], [ 1.71923, 47.33602 ], [ 1.53906, 47.33602 ], [ 1.53906, 47.24594 ], [ 1.2688, 47.24594 ], [ 1.2688, 47.33602 ], [ 0.99855, 47.33602 ], [ 0.99855, 47.42611 ], [ 1.17872, 47.42611 ], [ 1.17872, 47.51619 ], [ 0.90846, 47.51619 ], [ 0.90846, 47.42611 ], [ 0.54812, 47.42611 ], [ 0.54812, 47.51619 ], [ 0.36795, 47.51619 ], [ 0.36795, 47.60628 ], [ 0.27787, 47.60628 ], [ 0.27787, 47.42611 ], [ 0.0977, 47.42611 ], [ 0.0977, 47.51619 ], [ -0.17256, 47.51619 ], [ -0.17256, 47.60628 ], [ -0.08247, 47.60628 ], [ -0.08247, 47.69636 ], [ -0.17256, 47.69636 ], [ -0.17256, 47.87653 ], [ -0.44281, 47.87653 ], [ -0.44281, 47.78645 ], [ -0.98332, 47.78645 ], [ -0.98332, 47.60628 ], [ -1.16349, 47.60628 ], [ -1.16349, 47.51619 ], [ -1.34366, 47.51619 ], [ -1.34366, 47.60628 ], [ -1.43375, 47.60628 ], [ -1.43375, 47.69636 ], [ -1.61392, 47.69636 ], [ -1.61392, 47.78645 ], [ -1.704, 47.78645 ], [ -1.704, 47.87653 ], [ -1.97426, 47.87653 ], [ -1.97426, 47.96662 ], [ -2.06434, 47.96662 ] ], [ [ -2.15443, 47.69636 ], [ -1.97426, 47.69636 ], [ -1.97426, 47.60628 ], [ -2.15443, 47.60628 ], [ -2.15443, 47.69636 ] ], [ [ -1.704, 47.60628 ], [ -1.61392, 47.60628 ], [ -1.61392, 47.51619 ], [ -1.704, 47.51619 ], [ -1.704, 47.60628 ] ], [ [ -0.89324, 47.60628 ], [ -0.80315, 47.60628 ], [ -0.80315, 47.51619 ], [ -0.71307, 47.51619 ], [ -0.71307, 47.42611 ], [ -1.16349, 47.42611 ], [ -1.16349, 47.51619 ], [ -0.89324, 47.51619 ], [ -0.89324, 47.60628 ] ], [ [ -0.62298, 47.51619 ], [ -0.26264, 47.51619 ], [ -0.26264, 47.42611 ], [ -0.62298, 47.42611 ], [ -0.62298, 47.51619 ] ], [ [ -1.88417, 47.42611 ], [ -1.79409, 47.42611 ], [ -1.79409, 47.33602 ], [ -1.88417, 47.33602 ], [ -1.88417, 47.42611 ] ], [ [ 0.00761, 47.42611 ], [ 0.0977, 47.42611 ], [ 0.0977, 47.33602 ], [ 0.00761, 47.33602 ], [ 0.00761, 47.42611 ] ], [ [ -0.89324, 47.33602 ], [ -0.80315, 47.33602 ], [ -0.80315, 47.24594 ], [ -0.89324, 47.24594 ], [ -0.89324, 47.33602 ] ], [ [ -0.80315, 47.24594 ], [ -0.62298, 47.24594 ], [ -0.62298, 47.15585 ], [ -0.44281, 47.15585 ], [ -0.44281, 47.06577 ], [ -0.89324, 47.06577 ], [ -0.89324, 46.97568 ], [ -0.71307, 46.97568 ], [ -0.71307, 46.8856 ], [ -0.35273, 46.8856 ], [ -0.35273, 46.79551 ], [ -0.26264, 46.79551 ], [ -0.26264, 46.70543 ], [ -0.35273, 46.70543 ], [ -0.35273, 46.61534 ], [ -0.62298, 46.61534 ], [ -0.62298, 46.70543 ], [ -0.44281, 46.70543 ], [ -0.44281, 46.79551 ], [ -0.71307, 46.79551 ], [ -0.71307, 46.70543 ], [ -0.89324, 46.70543 ], [ -0.89324, 46.8856 ], [ -0.98332, 46.8856 ], [ -0.98332, 47.15585 ], [ -0.80315, 47.15585 ], [ -0.80315, 47.24594 ] ], [ [ 0.63821, 47.24594 ], [ 0.81838, 47.24594 ], [ 0.81838, 47.15585 ], [ 0.63821, 47.15585 ], [ 0.63821, 47.24594 ] ], [ [ 0.90846, 47.24594 ], [ 0.99855, 47.24594 ], [ 0.99855, 47.15585 ], [ 0.90846, 47.15585 ], [ 0.90846, 47.24594 ] ], [ [ -0.26264, 47.15585 ], [ -0.17256, 47.15585 ], [ -0.17256, 47.06577 ], [ -0.26264, 47.06577 ], [ -0.26264, 47.15585 ] ], [ [ -0.08247, 47.15585 ], [ 0.27787, 47.15585 ], [ 0.27787, 47.06577 ], [ -0.08247, 47.06577 ], [ -0.08247, 47.15585 ] ], [ [ 0.81838, 47.15585 ], [ 0.90846, 47.15585 ], [ 0.90846, 47.06577 ], [ 0.81838, 47.06577 ], [ 0.81838, 47.15585 ] ], [ [ -0.17256, 47.06577 ], [ -0.08247, 47.06577 ], [ -0.08247, 46.97568 ], [ -0.17256, 46.97568 ], [ -0.17256, 47.06577 ] ], [ [ 0.27787, 47.06577 ], [ 0.36795, 47.06577 ], [ 0.36795, 46.97568 ], [ 0.27787, 46.97568 ], [ 0.27787, 47.06577 ] ], [ [ -0.08247, 46.97568 ], [ 0.18778, 46.97568 ], [ 0.18778, 46.8856 ], [ -0.08247, 46.8856 ], [ -0.08247, 46.97568 ] ], [ [ 0.54812, 46.97568 ], [ 0.72829, 46.97568 ], [ 0.72829, 46.8856 ], [ 0.54812, 46.8856 ], [ 0.54812, 46.97568 ] ], [ [ 0.36795, 46.8856 ], [ 0.45804, 46.8856 ], [ 0.45804, 46.79551 ], [ 0.36795, 46.79551 ], [ 0.36795, 46.8856 ] ], [ [ 0.72829, 46.8856 ], [ 0.81838, 46.8856 ], [ 0.81838, 46.79551 ], [ 0.72829, 46.79551 ], [ 0.72829, 46.8856 ] ], [ [ 0.81838, 46.79551 ], [ 0.90846, 46.79551 ], [ 0.90846, 46.70543 ], [ 0.99855, 46.70543 ], [ 0.99855, 46.61534 ], [ 0.81838, 46.61534 ], [ 0.81838, 46.79551 ] ], [ [ -0.35273, 46.61534 ], [ 0.00761, 46.61534 ], [ 0.00761, 46.52526 ], [ -0.35273, 46.52526 ], [ -0.35273, 46.61534 ] ] ], [ [ [ 4.69204, 45.35415 ], [ 4.69204, 45.26407 ], [ 4.87221, 45.26407 ], [ 4.87221, 45.35415 ], [ 4.69204, 45.35415 ] ] ], [ [ [ 1.44897, 45.26407 ], [ 1.44897, 45.17398 ], [ 1.53906, 45.17398 ], [ 1.53906, 45.0839 ], [ 1.71923, 45.0839 ], [ 1.71923, 45.26407 ], [ 1.44897, 45.26407 ] ] ], [ [ [ 1.80931, 45.17398 ], [ 1.80931, 45.0839 ], [ 1.8994, 45.0839 ], [ 1.8994, 45.17398 ], [ 1.80931, 45.17398 ] ] ], [ [ [ 4.69204, 45.17398 ], [ 4.69204, 45.0839 ], [ 4.87221, 45.0839 ], [ 4.87221, 44.99381 ], [ 5.05238, 44.99381 ], [ 5.05238, 45.17398 ], [ 4.69204, 45.17398 ] ] ], [ [ [ 1.17872, 45.35415 ], [ 1.17872, 45.26407 ], [ 0.99855, 45.26407 ], [ 0.99855, 45.17398 ], [ 0.81838, 45.17398 ], [ 0.81838, 45.0839 ], [ 0.72829, 45.0839 ], [ 0.72829, 44.99381 ], [ 0.90846, 44.99381 ], [ 0.90846, 45.0839 ], [ 1.08863, 45.0839 ], [ 1.08863, 45.17398 ], [ 1.17872, 45.17398 ], [ 1.17872, 44.99381 ], [ 1.2688, 44.99381 ], [ 1.2688, 45.0839 ], [ 1.44897, 45.0839 ], [ 1.44897, 45.17398 ], [ 1.2688, 45.17398 ], [ 1.2688, 45.26407 ], [ 1.44897, 45.26407 ], [ 1.44897, 45.35415 ], [ 1.17872, 45.35415 ] ] ], [ [ [ 1.08863, 44.99381 ], [ 1.08863, 44.90373 ], [ 1.17872, 44.90373 ], [ 1.17872, 44.99381 ], [ 1.08863, 44.99381 ] ] ], [ [ [ 1.44897, 45.0839 ], [ 1.44897, 44.99381 ], [ 1.2688, 44.99381 ], [ 1.2688, 44.90373 ], [ 1.53906, 44.90373 ], [ 1.53906, 45.0839 ], [ 1.44897, 45.0839 ] ] ], [ [ [ 2.07957, 44.81364 ], [ 2.07957, 44.72356 ], [ 2.16966, 44.72356 ], [ 2.16966, 44.81364 ], [ 2.07957, 44.81364 ] ] ], [ [ [ 1.08863, 44.72356 ], [ 1.08863, 44.63347 ], [ 1.17872, 44.63347 ], [ 1.17872, 44.72356 ], [ 1.08863, 44.72356 ] ] ], [ [ [ 2.16966, 44.72356 ], [ 2.16966, 44.63347 ], [ 2.25974, 44.63347 ], [ 2.25974, 44.72356 ], [ 2.16966, 44.72356 ] ] ], [ [ [ 4.69204, 44.90373 ], [ 4.69204, 44.63347 ], [ 4.78212, 44.63347 ], [ 4.78212, 44.54339 ], [ 4.87221, 44.54339 ], [ 4.87221, 44.63347 ], [ 4.96229, 44.63347 ], [ 4.96229, 44.72356 ], [ 4.78212, 44.72356 ], [ 4.78212, 44.81364 ], [ 4.96229, 44.81364 ], [ 4.96229, 44.90373 ], [ 4.69204, 44.90373 ] ] ], [ [ [ 4.24161, 44.63347 ], [ 4.24161, 44.54339 ], [ 4.3317, 44.54339 ], [ 4.3317, 44.63347 ], [ 4.24161, 44.63347 ] ] ], [ [ [ 4.51187, 44.63347 ], [ 4.51187, 44.54339 ], [ 4.60195, 44.54339 ], [ 4.60195, 44.63347 ], [ 4.51187, 44.63347 ] ] ], [ [ [ 1.80931, 44.99381 ], [ 1.80931, 44.90373 ], [ 1.53906, 44.90373 ], [ 1.53906, 44.81364 ], [ 1.44897, 44.81364 ], [ 1.44897, 44.72356 ], [ 1.62914, 44.72356 ], [ 1.62914, 44.81364 ], [ 1.71923, 44.81364 ], [ 1.71923, 44.63347 ], [ 1.35889, 44.63347 ], [ 1.35889, 44.72356 ], [ 1.2688, 44.72356 ], [ 1.2688, 44.54339 ], [ 1.71923, 44.54339 ], [ 1.71923, 44.4533 ], [ 1.8994, 44.4533 ], [ 1.8994, 44.63347 ], [ 2.07957, 44.63347 ], [ 2.07957, 44.72356 ], [ 1.80931, 44.72356 ], [ 1.80931, 44.81364 ], [ 1.8994, 44.81364 ], [ 1.8994, 44.99381 ], [ 1.80931, 44.99381 ] ] ], [ [ [ 2.16966, 44.54339 ], [ 2.16966, 44.4533 ], [ 2.25974, 44.4533 ], [ 2.25974, 44.54339 ], [ 2.16966, 44.54339 ] ] ], [ [ [ 4.15153, 44.54339 ], [ 4.15153, 44.4533 ], [ 4.24161, 44.4533 ], [ 4.24161, 44.54339 ], [ 4.15153, 44.54339 ] ] ], [ [ [ 4.69204, 44.54339 ], [ 4.69204, 44.4533 ], [ 4.78212, 44.4533 ], [ 4.78212, 44.54339 ], [ 4.69204, 44.54339 ] ] ], [ [ [ 4.87221, 44.54339 ], [ 4.87221, 44.4533 ], [ 5.05238, 44.4533 ], [ 5.05238, 44.54339 ], [ 4.87221, 44.54339 ] ] ], [ [ [ 0.99855, 44.4533 ], [ 0.99855, 44.36322 ], [ 1.08863, 44.36322 ], [ 1.08863, 44.4533 ], [ 0.99855, 44.4533 ] ] ], [ [ [ 3.97136, 44.4533 ], [ 3.97136, 44.36322 ], [ 4.06144, 44.36322 ], [ 4.06144, 44.4533 ], [ 3.97136, 44.4533 ] ] ], [ [ [ 4.3317, 44.4533 ], [ 4.3317, 44.36322 ], [ 4.60195, 44.36322 ], [ 4.60195, 44.4533 ], [ 4.3317, 44.4533 ] ] ], [ [ [ 5.14246, 44.4533 ], [ 5.14246, 44.27313 ], [ 5.23255, 44.27313 ], [ 5.23255, 44.4533 ], [ 5.14246, 44.4533 ] ] ], [ [ [ 5.77306, 44.36322 ], [ 5.77306, 44.18305 ], [ 5.86314, 44.18305 ], [ 5.86314, 44.27313 ], [ 5.95323, 44.27313 ], [ 5.95323, 44.36322 ], [ 5.77306, 44.36322 ] ] ], [ [ [ 3.88127, 44.27313 ], [ 3.88127, 44.18305 ], [ 3.97136, 44.18305 ], [ 3.97136, 44.27313 ], [ 3.88127, 44.27313 ] ] ], [ [ [ 4.96229, 44.27313 ], [ 4.96229, 44.18305 ], [ 5.14246, 44.18305 ], [ 5.14246, 44.27313 ], [ 4.96229, 44.27313 ] ] ], [ [ [ 1.62914, 44.27313 ], [ 1.62914, 44.09296 ], [ 1.80931, 44.09296 ], [ 1.80931, 44.18305 ], [ 1.71923, 44.18305 ], [ 1.71923, 44.27313 ], [ 1.62914, 44.27313 ] ] ], [ [ [ 4.3317, 44.27313 ], [ 4.3317, 44.18305 ], [ 4.24161, 44.18305 ], [ 4.24161, 44.09296 ], [ 4.42178, 44.09296 ], [ 4.42178, 44.27313 ], [ 4.3317, 44.27313 ] ] ], [ [ [ 1.98948, 44.09296 ], [ 1.98948, 44.00288 ], [ 2.16966, 44.00288 ], [ 2.16966, 44.09296 ], [ 1.98948, 44.09296 ] ] ], [ [ [ 3.61102, 44.09296 ], [ 3.61102, 44.00288 ], [ 3.7011, 44.00288 ], [ 3.7011, 44.09296 ], [ 3.61102, 44.09296 ] ] ], [ [ [ 5.86314, 44.09296 ], [ 5.86314, 44.00288 ], [ 5.95323, 44.00288 ], [ 5.95323, 44.09296 ], [ 5.86314, 44.09296 ] ] ], [ [ [ 2.16966, 44.00288 ], [ 2.16966, 43.91279 ], [ 2.25974, 43.91279 ], [ 2.25974, 44.00288 ], [ 2.16966, 44.00288 ] ] ], [ [ [ 5.68297, 44.00288 ], [ 5.68297, 43.91279 ], [ 5.77306, 43.91279 ], [ 5.77306, 44.00288 ], [ 5.68297, 44.00288 ] ] ], [ [ [ 7.12434, 44.00288 ], [ 7.12434, 43.91279 ], [ 7.21442, 43.91279 ], [ 7.21442, 44.00288 ], [ 7.12434, 44.00288 ] ] ], [ [ [ 7.57476, 44.00288 ], [ 7.57476, 43.91279 ], [ 7.66485, 43.91279 ], [ 7.66485, 44.00288 ], [ 7.57476, 44.00288 ] ] ], [ [ [ 5.59289, 43.91279 ], [ 5.59289, 43.82271 ], [ 5.68297, 43.82271 ], [ 5.68297, 43.91279 ], [ 5.59289, 43.91279 ] ] ], [ [ [ 2.16966, 43.82271 ], [ 2.16966, 43.73262 ], [ 2.25974, 43.73262 ], [ 2.25974, 43.82271 ], [ 2.16966, 43.82271 ] ] ], [ [ [ 5.5028, 43.82271 ], [ 5.5028, 43.73262 ], [ 5.59289, 43.73262 ], [ 5.59289, 43.82271 ], [ 5.5028, 43.82271 ] ] ], [ [ [ 7.03425, 43.82271 ], [ 7.03425, 43.73262 ], [ 7.21442, 43.73262 ], [ 7.21442, 43.82271 ], [ 7.03425, 43.82271 ] ] ], [ [ [ 5.59289, 43.73262 ], [ 5.59289, 43.64253 ], [ 5.68297, 43.64253 ], [ 5.68297, 43.73262 ], [ 5.59289, 43.73262 ] ] ], [ [ [ 3.16059, 43.82271 ], [ 3.16059, 43.73262 ], [ 3.07051, 43.73262 ], [ 3.07051, 43.55245 ], [ 3.16059, 43.55245 ], [ 3.16059, 43.64253 ], [ 3.34076, 43.64253 ], [ 3.34076, 43.82271 ], [ 3.16059, 43.82271 ] ] ], [ [ [ 6.04331, 43.73262 ], [ 6.04331, 43.64253 ], [ 5.95323, 43.64253 ], [ 5.95323, 43.55245 ], [ 6.1334, 43.55245 ], [ 6.1334, 43.73262 ], [ 6.04331, 43.73262 ] ] ], [ [ [ 6.58382, 43.64253 ], [ 6.58382, 43.55245 ], [ 6.67391, 43.55245 ], [ 6.67391, 43.64253 ], [ 6.58382, 43.64253 ] ] ], [ [ [ 0.72829, 43.55245 ], [ 0.72829, 43.46236 ], [ 0.81838, 43.46236 ], [ 0.81838, 43.55245 ], [ 0.72829, 43.55245 ] ] ], [ [ [ 0.99855, 43.55245 ], [ 0.99855, 43.46236 ], [ 1.08863, 43.46236 ], [ 1.08863, 43.55245 ], [ 0.99855, 43.55245 ] ] ], [ [ [ 0.63821, 43.46236 ], [ 0.63821, 43.37228 ], [ 0.72829, 43.37228 ], [ 0.72829, 43.46236 ], [ 0.63821, 43.46236 ] ] ], [ [ [ 1.8994, 43.46236 ], [ 1.8994, 43.37228 ], [ 1.98948, 43.37228 ], [ 1.98948, 43.46236 ], [ 1.8994, 43.46236 ] ] ], [ [ [ 2.53, 43.46236 ], [ 2.53, 43.37228 ], [ 2.62008, 43.37228 ], [ 2.62008, 43.46236 ], [ 2.53, 43.46236 ] ] ], [ [ [ 5.68297, 43.46236 ], [ 5.68297, 43.37228 ], [ 5.77306, 43.37228 ], [ 5.77306, 43.46236 ], [ 5.68297, 43.46236 ] ] ], [ [ [ -0.26264, 43.37228 ], [ -0.26264, 43.28219 ], [ -0.17256, 43.28219 ], [ -0.17256, 43.37228 ], [ -0.26264, 43.37228 ] ] ], [ [ [ 1.62914, 43.37228 ], [ 1.62914, 43.28219 ], [ 1.8994, 43.28219 ], [ 1.8994, 43.37228 ], [ 1.62914, 43.37228 ] ] ], [ [ [ 5.86314, 43.37228 ], [ 5.86314, 43.28219 ], [ 5.95323, 43.28219 ], [ 5.95323, 43.37228 ], [ 5.86314, 43.37228 ] ] ], [ [ [ 0.90846, 43.46236 ], [ 0.90846, 43.37228 ], [ 0.72829, 43.37228 ], [ 0.72829, 43.19211 ], [ 0.81838, 43.19211 ], [ 0.81838, 43.28219 ], [ 0.90846, 43.28219 ], [ 0.90846, 43.19211 ], [ 0.99855, 43.19211 ], [ 0.99855, 43.46236 ], [ 0.90846, 43.46236 ] ] ], [ [ [ -1.43375, 43.28219 ], [ -1.43375, 43.19211 ], [ -1.34366, 43.19211 ], [ -1.34366, 43.28219 ], [ -1.43375, 43.28219 ] ] ], [ [ [ -0.17256, 43.28219 ], [ -0.17256, 43.19211 ], [ -0.08247, 43.19211 ], [ -0.08247, 43.28219 ], [ -0.17256, 43.28219 ] ] ], [ [ [ 1.8994, 43.28219 ], [ 1.8994, 43.19211 ], [ 1.98948, 43.19211 ], [ 1.98948, 43.28219 ], [ 1.8994, 43.28219 ] ] ], [ [ [ 0.27787, 43.28219 ], [ 0.27787, 43.19211 ], [ 0.54812, 43.19211 ], [ 0.54812, 43.10202 ], [ 0.63821, 43.10202 ], [ 0.63821, 43.28219 ], [ 0.27787, 43.28219 ] ] ], [ [ [ -1.25358, 43.19211 ], [ -1.25358, 43.10202 ], [ -1.16349, 43.10202 ], [ -1.16349, 43.19211 ], [ -1.25358, 43.19211 ] ] ], [ [ [ -1.07341, 43.19211 ], [ -1.07341, 43.10202 ], [ -0.89324, 43.10202 ], [ -0.89324, 43.19211 ], [ -1.07341, 43.19211 ] ] ], [ [ [ -0.35273, 43.19211 ], [ -0.35273, 43.10202 ], [ -0.26264, 43.10202 ], [ -0.26264, 43.19211 ], [ -0.35273, 43.19211 ] ] ], [ [ [ 0.00761, 43.19211 ], [ 0.00761, 43.10202 ], [ 0.18778, 43.10202 ], [ 0.18778, 43.19211 ], [ 0.00761, 43.19211 ] ] ], [ [ [ 0.81838, 43.19211 ], [ 0.81838, 43.10202 ], [ 0.90846, 43.10202 ], [ 0.90846, 43.19211 ], [ 0.81838, 43.19211 ] ] ], [ [ [ 1.98948, 43.19211 ], [ 1.98948, 43.10202 ], [ 2.16966, 43.10202 ], [ 2.16966, 43.19211 ], [ 1.98948, 43.19211 ] ] ], [ [ [ 2.34983, 43.19211 ], [ 2.34983, 43.10202 ], [ 2.43991, 43.10202 ], [ 2.43991, 43.19211 ], [ 2.34983, 43.19211 ] ] ], [ [ [ 1.2688, 43.37228 ], [ 1.2688, 43.10202 ], [ 1.17872, 43.10202 ], [ 1.17872, 43.01194 ], [ 1.35889, 43.01194 ], [ 1.35889, 43.10202 ], [ 1.62914, 43.10202 ], [ 1.62914, 43.19211 ], [ 1.53906, 43.19211 ], [ 1.53906, 43.28219 ], [ 1.44897, 43.28219 ], [ 1.44897, 43.37228 ], [ 1.2688, 43.37228 ] ], [ [ 1.35889, 43.28219 ], [ 1.44897, 43.28219 ], [ 1.44897, 43.19211 ], [ 1.35889, 43.19211 ], [ 1.35889, 43.28219 ] ] ], [ [ [ 1.62914, 43.10202 ], [ 1.62914, 43.01194 ], [ 1.71923, 43.01194 ], [ 1.71923, 43.10202 ], [ 1.62914, 43.10202 ] ] ], [ [ [ 2.25974, 43.10202 ], [ 2.25974, 43.01194 ], [ 2.34983, 43.01194 ], [ 2.34983, 43.10202 ], [ 2.25974, 43.10202 ] ] ], [ [ [ 2.80025, 43.10202 ], [ 2.80025, 43.01194 ], [ 2.89034, 43.01194 ], [ 2.89034, 43.10202 ], [ 2.80025, 43.10202 ] ] ], [ [ [ 2.80025, 42.92185 ], [ 2.80025, 42.83177 ], [ 2.89034, 42.83177 ], [ 2.89034, 42.92185 ], [ 2.80025, 42.92185 ] ] ], [ [ [ 2.71017, 42.83177 ], [ 2.71017, 42.74168 ], [ 2.80025, 42.74168 ], [ 2.80025, 42.83177 ], [ 2.71017, 42.83177 ] ] ], [ [ [ 2.43991, 42.83177 ], [ 2.43991, 42.6516 ], [ 2.62008, 42.6516 ], [ 2.62008, 42.74168 ], [ 2.53, 42.74168 ], [ 2.53, 42.83177 ], [ 2.43991, 42.83177 ] ] ], [ [ [ 2.80025, 42.56151 ], [ 2.80025, 42.47143 ], [ 2.89034, 42.47143 ], [ 2.89034, 42.56151 ], [ 2.80025, 42.56151 ] ] ], [ [ [ 8.74587, 42.20117 ], [ 8.74587, 42.11109 ], [ 8.83595, 42.11109 ], [ 8.83595, 42.20117 ], [ 8.74587, 42.20117 ] ] ] ] } },
{ "type": "Feature", "properties": { "date_envol": "08/04/2026", "date_iso": "2026-04-08", "semaine": 15, "date_calcul": "2026-07-22", "annee": 2026, "espece": "Pityogenes chalcographus", "modele": "CHAPY", "seuil_vol": 15.6 }, "geometry": { "type": "MultiPolygon", "coordinates": [ [ [ [ 0.54812, 49.49807 ], [ 0.54812, 49.40798 ], [ 0.90846, 49.40798 ], [ 0.90846, 49.49807 ], [ 0.54812, 49.49807 ] ] ], [ [ [ 0.99855, 49.49807 ], [ 0.99855, 49.3179 ], [ 1.08863, 49.3179 ], [ 1.08863, 49.22781 ], [ 1.35889, 49.22781 ], [ 1.35889, 49.3179 ], [ 1.2688, 49.3179 ], [ 1.2688, 49.40798 ], [ 1.08863, 49.40798 ], [ 1.08863, 49.49807 ], [ 0.99855, 49.49807 ] ] ], [ [ [ 1.35889, 49.22781 ], [ 1.35889, 49.13773 ], [ 1.44897, 49.13773 ], [ 1.44897, 49.22781 ], [ 1.35889, 49.22781 ] ] ], [ [ [ -3.14537, 48.86747 ], [ -3.14537, 48.77739 ], [ -2.87511, 48.77739 ], [ -2.87511, 48.86747 ], [ -3.14537, 48.86747 ] ] ], [ [ [ 1.80931, 48.86747 ], [ 1.80931, 48.77739 ], [ 1.8994, 48.77739 ], [ 1.8994, 48.86747 ], [ 1.80931, 48.86747 ] ] ], [ [ [ -3.68588, 48.86747 ], [ -3.68588, 48.6873 ], [ -3.50571, 48.6873 ], [ -3.50571, 48.86747 ], [ -3.68588, 48.86747 ] ] ], [ [ [ -2.87511, 48.6873 ], [ -2.87511, 48.59722 ], [ -2.78503, 48.59722 ], [ -2.78503, 48.6873 ], [ -2.87511, 48.6873 ] ] ], [ [ [ -2.06434, 48.6873 ], [ -2.06434, 48.59722 ], [ -1.88417, 48.59722 ], [ -1.88417, 48.6873 ], [ -2.06434, 48.6873 ] ] ], [ [ [ 1.71923, 49.04764 ], [ 1.71923, 48.95756 ], [ 1.98948, 48.95756 ], [ 1.98948, 48.86747 ], [ 2.25974, 48.86747 ], [ 2.25974, 48.77739 ], [ 2.34983, 48.77739 ], [ 2.34983, 48.6873 ], [ 2.25974, 48.6873 ], [ 2.25974, 48.59722 ], [ 2.53, 48.59722 ], [ 2.53, 48.86747 ], [ 2.43991, 48.86747 ], [ 2.43991, 48.95756 ], [ 2.53, 48.95756 ], [ 2.53, 49.04764 ], [ 1.71923, 49.04764 ] ] ], [ [ [ -2.78503, 48.59722 ], [ -2.78503, 48.50713 ], [ -2.60486, 48.50713 ], [ -2.60486, 48.59722 ], [ -2.78503, 48.59722 ] ] ], [ [ [ -1.704, 48.6873 ], [ -1.704, 48.59722 ], [ -1.88417, 48.59722 ], [ -1.88417, 48.50713 ], [ -1.52383, 48.50713 ], [ -1.52383, 48.6873 ], [ -1.704, 48.6873 ] ] ], [ [ [ 2.71017, 48.50713 ], [ 2.71017, 48.32696 ], [ 2.89034, 48.32696 ], [ 2.89034, 48.41705 ], [ 2.98042, 48.41705 ], [ 2.98042, 48.50713 ], [ 2.71017, 48.50713 ] ] ], [ [ [ -4.67681, 48.32696 ], [ -4.67681, 48.23687 ], [ -4.58673, 48.23687 ], [ -4.58673, 48.32696 ], [ -4.67681, 48.32696 ] ] ], [ [ [ 2.53, 48.32696 ], [ 2.53, 48.14679 ], [ 2.80025, 48.14679 ], [ 2.80025, 48.23687 ], [ 2.71017, 48.23687 ], [ 2.71017, 48.32696 ], [ 2.53, 48.32696 ] ] ], [ [ [ -4.04622, 48.23687 ], [ -4.04622, 48.14679 ], [ -3.86605, 48.14679 ], [ -3.86605, 48.23687 ], [ -4.04622, 48.23687 ] ] ], [ [ [ 0.63821, 48.23687 ], [ 0.63821, 48.14679 ], [ 0.72829, 48.14679 ], [ 0.72829, 48.23687 ], [ 0.63821, 48.23687 ] ] ], [ [ [ -3.68588, 48.14679 ], [ -3.68588, 48.0567 ], [ -3.59579, 48.0567 ], [ -3.59579, 48.14679 ], [ -3.68588, 48.14679 ] ] ], [ [ [ -3.05528, 48.14679 ], [ -3.05528, 48.0567 ], [ -2.87511, 48.0567 ], [ -2.87511, 48.14679 ], [ -3.05528, 48.14679 ] ] ], [ [ [ -4.58673, 48.23687 ], [ -4.58673, 48.14679 ], [ -4.40656, 48.14679 ], [ -4.40656, 47.96662 ], [ -4.31647, 47.96662 ], [ -4.31647, 48.23687 ], [ -4.58673, 48.23687 ] ] ], [ [ [ 3.43085, 48.0567 ], [ 3.43085, 47.96662 ], [ 3.61102, 47.96662 ], [ 3.61102, 48.0567 ], [ 3.43085, 48.0567 ] ] ], [ [ [ -2.15443, 47.96662 ], [ -2.15443, 47.87653 ], [ -2.06434, 47.87653 ], [ -2.06434, 47.96662 ], [ -2.15443, 47.96662 ] ] ], [ [ [ -2.24451, 47.87653 ], [ -2.24451, 47.78645 ], [ -2.15443, 47.78645 ], [ -2.15443, 47.87653 ], [ -2.24451, 47.87653 ] ] ], [ [ [ 1.2688, 47.69636 ], [ 1.2688, 47.60628 ], [ 1.35889, 47.60628 ], [ 1.35889, 47.69636 ], [ 1.2688, 47.69636 ] ] ], [ [ [ 0.90846, 47.69636 ], [ 0.90846, 47.51619 ], [ 1.17872, 47.51619 ], [ 1.17872, 47.60628 ], [ 0.99855, 47.60628 ], [ 0.99855, 47.69636 ], [ 0.90846, 47.69636 ] ] ], [ [ [ -1.704, 47.60628 ], [ -1.704, 47.51619 ], [ -1.61392, 47.51619 ], [ -1.61392, 47.60628 ], [ -1.704, 47.60628 ] ] ], [ [ [ -2.42468, 48.50713 ], [ -2.42468, 48.32696 ], [ -2.24451, 48.32696 ], [ -2.24451, 48.14679 ], [ -2.51477, 48.14679 ], [ -2.51477, 48.0567 ], [ -2.60486, 48.0567 ], [ -2.60486, 48.14679 ], [ -2.69494, 48.14679 ], [ -2.69494, 48.0567 ], [ -2.87511, 48.0567 ], [ -2.87511, 47.96662 ], [ -3.05528, 47.96662 ], [ -3.05528, 48.0567 ], [ -3.59579, 48.0567 ], [ -3.59579, 47.96662 ], [ -3.50571, 47.96662 ], [ -3.50571, 47.87653 ], [ -3.95613, 47.87653 ], [ -3.95613, 48.0567 ], [ -4.22639, 48.0567 ], [ -4.22639, 47.96662 ], [ -4.31647, 47.96662 ], [ -4.31647, 47.87653 ], [ -4.40656, 47.87653 ], [ -4.40656, 47.69636 ], [ -4.1363, 47.69636 ], [ -4.1363, 47.78645 ], [ -3.59579, 47.78645 ], [ -3.59579, 47.69636 ], [ -3.50571, 47.69636 ], [ -3.50571, 47.60628 ], [ -3.14537, 47.60628 ], [ -3.14537, 47.42611 ], [ -3.05528, 47.42611 ], [ -3.05528, 47.69636 ], [ -2.9652, 47.69636 ], [ -2.9652, 47.78645 ], [ -2.87511, 47.78645 ], [ -2.87511, 47.69636 ], [ -2.51477, 47.69636 ], [ -2.51477, 47.60628 ], [ -2.42468, 47.60628 ], [ -2.42468, 47.51619 ], [ -2.3346, 47.51619 ], [ -2.3346, 47.78645 ], [ -2.42468, 47.78645 ], [ -2.42468, 47.87653 ], [ -2.24451, 47.87653 ], [ -2.24451, 48.0567 ], [ -2.06434, 48.0567 ], [ -2.06434, 47.96662 ], [ -1.97426, 47.96662 ], [ -1.97426, 47.87653 ], [ -1.704, 47.87653 ], [ -1.704, 47.78645 ], [ -1.61392, 47.78645 ], [ -1.61392, 47.69636 ], [ -1.43375, 47.69636 ], [ -1.43375, 47.60628 ], [ -1.34366, 47.60628 ], [ -1.34366, 47.51619 ], [ -1.16349, 47.51619 ], [ -1.16349, 47.60628 ], [ -0.98332, 47.60628 ], [ -0.98332, 47.78645 ], [ -0.44281, 47.78645 ], [ -0.44281, 47.87653 ], [ -0.17256, 47.87653 ], [ -0.17256, 47.69636 ], [ -0.08247, 47.69636 ], [ -0.08247, 47.60628 ], [ -0.17256, 47.60628 ], [ -0.17256, 47.51619 ], [ 0.0977, 47.51619 ], [ 0.0977, 47.42611 ], [ 0.27787, 47.42611 ], [ 0.27787, 47.60628 ], [ 0.36795, 47.60628 ], [ 0.36795, 47.51619 ], [ 0.54812, 47.51619 ], [ 0.54812, 47.42611 ], [ 0.90846, 47.42611 ], [ 0.90846, 47.51619 ], [ 0.72829, 47.51619 ], [ 0.72829, 47.69636 ], [ 0.63821, 47.69636 ], [ 0.63821, 47.78645 ], [ 0.45804, 47.78645 ], [ 0.45804, 47.69636 ], [ 0.36795, 47.69636 ], [ 0.36795, 47.87653 ], [ 0.45804, 47.87653 ], [ 0.45804, 47.96662 ], [ 0.54812, 47.96662 ], [ 0.54812, 48.0567 ], [ 0.63821, 48.0567 ], [ 0.63821, 48.14679 ], [ 0.45804, 48.14679 ], [ 0.45804, 48.23687 ], [ 0.54812, 48.23687 ], [ 0.54812, 48.32696 ], [ 0.0977, 48.32696 ], [ 0.0977, 48.23687 ], [ 0.00761, 48.23687 ], [ 0.00761, 48.14679 ], [ -0.08247, 48.14679 ], [ -0.08247, 48.0567 ], [ -0.5329, 48.0567 ], [ -0.5329, 48.14679 ], [ -0.80315, 48.14679 ], [ -0.80315, 48.0567 ], [ -1.07341, 48.0567 ], [ -1.07341, 48.14679 ], [ -1.34366, 48.14679 ], [ -1.34366, 48.23687 ], [ -1.16349, 48.23687 ], [ -1.16349, 48.32696 ], [ -1.34366, 48.32696 ], [ -1.34366, 48.41705 ], [ -1.43375, 48.41705 ], [ -1.43375, 48.50713 ], [ -1.52383, 48.50713 ], [ -1.52383, 48.41705 ], [ -1.88417, 48.41705 ], [ -1.88417, 48.50713 ], [ -2.42468, 48.50713 ] ], [ [ -1.97426, 48.32696 ], [ -1.88417, 48.32696 ], [ -1.88417, 48.23687 ], [ -1.97426, 48.23687 ], [ -1.97426, 48.32696 ] ], [ [ -1.97426, 48.14679 ], [ -1.88417, 48.14679 ], [ -1.88417, 48.0567 ], [ -1.97426, 48.0567 ], [ -1.97426, 48.14679 ] ], [ [ -3.32554, 47.96662 ], [ -3.14537, 47.96662 ], [ -3.14537, 47.87653 ], [ -3.32554, 47.87653 ], [ -3.32554, 47.96662 ] ], [ [ -2.78503, 47.96662 ], [ -2.60486, 47.96662 ], [ -2.60486, 47.78645 ], [ -2.69494, 47.78645 ], [ -2.69494, 47.87653 ], [ -2.78503, 47.87653 ], [ -2.78503, 47.96662 ] ], [ [ -1.25358, 47.96662 ], [ -1.16349, 47.96662 ], [ -1.16349, 47.78645 ], [ -1.34366, 47.78645 ], [ -1.34366, 47.87653 ], [ -1.25358, 47.87653 ], [ -1.25358, 47.96662 ] ], [ [ -3.23545, 47.78645 ], [ -3.05528, 47.78645 ], [ -3.05528, 47.69636 ], [ -3.23545, 47.69636 ], [ -3.23545, 47.78645 ] ] ], [ [ [ -0.89324, 47.60628 ], [ -0.89324, 47.51619 ], [ -1.16349, 47.51619 ], [ -1.16349, 47.42611 ], [ -0.71307, 47.42611 ], [ -0.71307, 47.51619 ], [ -0.80315, 47.51619 ], [ -0.80315, 47.60628 ], [ -0.89324, 47.60628 ] ] ], [ [ [ 2.89034, 47.51619 ], [ 2.89034, 47.42611 ], [ 2.98042, 47.42611 ], [ 2.98042, 47.51619 ], [ 2.89034, 47.51619 ] ] ], [ [ [ -3.23545, 47.42611 ], [ -3.23545, 47.33602 ], [ -3.14537, 47.33602 ], [ -3.14537, 47.42611 ], [ -3.23545, 47.42611 ] ] ], [ [ [ -2.9652, 47.42611 ], [ -2.9652, 47.33602 ], [ -2.87511, 47.33602 ], [ -2.87511, 47.42611 ], [ -2.9652, 47.42611 ] ] ], [ [ [ -1.88417, 47.42611 ], [ -1.88417, 47.33602 ], [ -1.79409, 47.33602 ], [ -1.79409, 47.42611 ], [ -1.88417, 47.42611 ] ] ], [ [ [ 0.00761, 47.42611 ], [ 0.00761, 47.33602 ], [ 0.0977, 47.33602 ], [ 0.0977, 47.42611 ], [ 0.00761, 47.42611 ] ] ], [ [ [ -3.14537, 47.33602 ], [ -3.14537, 47.24594 ], [ -3.05528, 47.24594 ], [ -3.05528, 47.33602 ], [ -3.14537, 47.33602 ] ] ], [ [ [ -1.79409, 47.33602 ], [ -1.79409, 47.24594 ], [ -1.704, 47.24594 ], [ -1.704, 47.33602 ], [ -1.79409, 47.33602 ] ] ], [ [ [ -0.89324, 47.33602 ], [ -0.89324, 47.24594 ], [ -0.80315, 47.24594 ], [ -0.80315, 47.33602 ], [ -0.89324, 47.33602 ] ] ], [ [ [ 2.98042, 47.33602 ], [ 2.98042, 47.24594 ], [ 3.07051, 47.24594 ], [ 3.07051, 47.33602 ], [ 2.98042, 47.33602 ] ] ], [ [ [ 1.80931, 48.0567 ], [ 1.80931, 47.96662 ], [ 1.71923, 47.96662 ], [ 1.71923, 47.87653 ], [ 1.62914, 47.87653 ], [ 1.62914, 47.78645 ], [ 1.53906, 47.78645 ], [ 1.53906, 47.51619 ], [ 1.17872, 47.51619 ], [ 1.17872, 47.42611 ], [ 0.99855, 47.42611 ], [ 0.99855, 47.33602 ], [ 1.2688, 47.33602 ], [ 1.2688, 47.24594 ], [ 1.53906, 47.24594 ], [ 1.53906, 47.33602 ], [ 1.71923, 47.33602 ], [ 1.71923, 47.24594 ], [ 2.07957, 47.24594 ], [ 2.07957, 47.15585 ], [ 2.43991, 47.15585 ], [ 2.43991, 47.24594 ], [ 2.34983, 47.24594 ], [ 2.34983, 47.51619 ], [ 2.43991, 47.51619 ], [ 2.43991, 47.60628 ], [ 2.34983, 47.60628 ], [ 2.34983, 47.69636 ], [ 2.43991, 47.69636 ], [ 2.43991, 47.78645 ], [ 2.34983, 47.78645 ], [ 2.34983, 47.87653 ], [ 2.16966, 47.87653 ], [ 2.16966, 47.96662 ], [ 1.98948, 47.96662 ], [ 1.98948, 48.0567 ], [ 1.80931, 48.0567 ] ], [ [ 1.62914, 47.60628 ], [ 1.71923, 47.60628 ], [ 1.71923, 47.51619 ], [ 1.62914, 47.51619 ], [ 1.62914, 47.60628 ] ] ], [ [ [ 0.63821, 47.24594 ], [ 0.63821, 47.15585 ], [ 0.81838, 47.15585 ], [ 0.81838, 47.24594 ], [ 0.63821, 47.24594 ] ] ], [ [ [ 0.90846, 47.24594 ], [ 0.90846, 47.15585 ], [ 0.99855, 47.15585 ], [ 0.99855, 47.24594 ], [ 0.90846, 47.24594 ] ] ], [ [ [ 0.81838, 47.15585 ], [ 0.81838, 47.06577 ], [ 0.90846, 47.06577 ], [ 0.90846, 47.15585 ], [ 0.81838, 47.15585 ] ] ], [ [ [ 2.89034, 47.06577 ], [ 2.89034, 46.97568 ], [ 2.98042, 46.97568 ], [ 2.98042, 47.06577 ], [ 2.89034, 47.06577 ] ] ], [ [ [ 2.62008, 46.97568 ], [ 2.62008, 46.8856 ], [ 2.71017, 46.8856 ], [ 2.71017, 46.97568 ], [ 2.62008, 46.97568 ] ] ], [ [ [ -0.80315, 47.24594 ], [ -0.80315, 47.15585 ], [ -0.98332, 47.15585 ], [ -0.98332, 46.8856 ], [ -0.89324, 46.8856 ], [ -0.89324, 46.70543 ], [ -0.71307, 46.70543 ], [ -0.71307, 46.79551 ], [ -0.44281, 46.79551 ], [ -0.44281, 46.70543 ], [ -0.62298, 46.70543 ], [ -0.62298, 46.61534 ], [ -0.35273, 46.61534 ], [ -0.35273, 46.70543 ], [ -0.26264, 46.70543 ], [ -0.26264, 46.79551 ], [ -0.35273, 46.79551 ], [ -0.35273, 46.8856 ], [ -0.71307, 46.8856 ], [ -0.71307, 46.97568 ], [ -0.89324, 46.97568 ], [ -0.89324, 47.06577 ], [ -0.44281, 47.06577 ], [ -0.44281, 47.15585 ], [ -0.62298, 47.15585 ], [ -0.62298, 47.24594 ], [ -0.80315, 47.24594 ] ] ], [ [ [ -0.35273, 46.61534 ], [ -0.35273, 46.52526 ], [ 0.00761, 46.52526 ], [ 0.00761, 46.61534 ], [ -0.35273, 46.61534 ] ] ], [ [ [ 2.98042, 46.61534 ], [ 2.98042, 46.52526 ], [ 3.07051, 46.52526 ], [ 3.07051, 46.61534 ], [ 2.98042, 46.61534 ] ] ], [ [ [ 2.80025, 46.52526 ], [ 2.80025, 46.43517 ], [ 2.89034, 46.43517 ], [ 2.89034, 46.52526 ], [ 2.80025, 46.52526 ] ] ], [ [ [ 5.23255, 46.52526 ], [ 5.23255, 46.43517 ], [ 5.32263, 46.43517 ], [ 5.32263, 46.52526 ], [ 5.23255, 46.52526 ] ] ], [ [ [ 2.43991, 46.52526 ], [ 2.43991, 46.34509 ], [ 2.62008, 46.34509 ], [ 2.62008, 46.52526 ], [ 2.43991, 46.52526 ] ] ], [ [ [ 3.25068, 46.52526 ], [ 3.25068, 46.34509 ], [ 3.34076, 46.34509 ], [ 3.34076, 46.43517 ], [ 3.43085, 46.43517 ], [ 3.43085, 46.52526 ], [ 3.25068, 46.52526 ] ] ], [ [ [ 1.53906, 46.43517 ], [ 1.53906, 46.34509 ], [ 1.71923, 46.34509 ], [ 1.71923, 46.43517 ], [ 1.53906, 46.43517 ] ] ], [ [ [ 4.78212, 46.52526 ], [ 4.78212, 46.255 ], [ 4.87221, 46.255 ], [ 4.87221, 46.52526 ], [ 4.78212, 46.52526 ] ] ], [ [ [ 3.34076, 46.07483 ], [ 3.34076, 45.98475 ], [ 3.43085, 45.98475 ], [ 3.43085, 46.07483 ], [ 3.34076, 46.07483 ] ] ], [ [ [ 3.07051, 45.98475 ], [ 3.07051, 45.89466 ], [ 3.25068, 45.89466 ], [ 3.25068, 45.80458 ], [ 3.34076, 45.80458 ], [ 3.34076, 45.98475 ], [ 3.07051, 45.98475 ] ] ], [ [ [ 1.2688, 47.15585 ], [ 1.2688, 47.06577 ], [ 1.35889, 47.06577 ], [ 1.35889, 46.97568 ], [ 1.44897, 46.97568 ], [ 1.44897, 46.79551 ], [ 1.53906, 46.79551 ], [ 1.53906, 46.70543 ], [ 1.44897, 46.70543 ], [ 1.44897, 46.61534 ], [ 1.2688, 46.61534 ], [ 1.2688, 46.52526 ], [ 1.08863, 46.52526 ], [ 1.08863, 46.43517 ], [ 0.90846, 46.43517 ], [ 0.90846, 46.34509 ], [ 0.72829, 46.34509 ], [ 0.72829, 45.89466 ], [ 0.81838, 45.89466 ], [ 0.81838, 45.71449 ], [ 0.90846, 45.71449 ], [ 0.90846, 45.89466 ], [ 0.99855, 45.89466 ], [ 0.99855, 45.80458 ], [ 1.08863, 45.80458 ], [ 1.08863, 45.71449 ], [ 1.17872, 45.71449 ], [ 1.17872, 45.80458 ], [ 1.2688, 45.80458 ], [ 1.2688, 45.89466 ], [ 1.17872, 45.89466 ], [ 1.17872, 46.07483 ], [ 0.90846, 46.07483 ], [ 0.90846, 46.16492 ], [ 1.08863, 46.16492 ], [ 1.08863, 46.34509 ], [ 1.2688, 46.34509 ], [ 1.2688, 46.43517 ], [ 1.35889, 46.43517 ], [ 1.35889, 46.52526 ], [ 1.53906, 46.52526 ], [ 1.53906, 46.61534 ], [ 1.98948, 46.61534 ], [ 1.98948, 46.70543 ], [ 2.07957, 46.70543 ], [ 2.07957, 46.61534 ], [ 2.43991, 46.61534 ], [ 2.43991, 46.8856 ], [ 2.34983, 46.8856 ], [ 2.34983, 46.97568 ], [ 2.62008, 46.97568 ], [ 2.62008, 47.06577 ], [ 2.71017, 47.06577 ], [ 2.71017, 47.15585 ], [ 2.43991, 47.15585 ], [ 2.43991, 47.06577 ], [ 2.25974, 47.06577 ], [ 2.25974, 46.97568 ], [ 2.07957, 46.97568 ], [ 2.07957, 47.15585 ], [ 1.98948, 47.15585 ], [ 1.98948, 46.97568 ], [ 1.80931, 46.97568 ], [ 1.80931, 47.06577 ], [ 1.62914, 47.06577 ], [ 1.62914, 47.15585 ], [ 1.2688, 47.15585 ] ], [ [ 0.81838, 46.07483 ], [ 0.90846, 46.07483 ], [ 0.90846, 45.98475 ], [ 0.81838, 45.98475 ], [ 0.81838, 46.07483 ] ] ], [ [ [ 0.45804, 45.80458 ], [ 0.45804, 45.71449 ], [ 0.54812, 45.71449 ], [ 0.54812, 45.80458 ], [ 0.45804, 45.80458 ] ] ], [ [ [ 0.63821, 45.80458 ], [ 0.63821, 45.71449 ], [ 0.72829, 45.71449 ], [ 0.72829, 45.80458 ], [ 0.63821, 45.80458 ] ] ], [ [ [ 1.2688, 45.80458 ], [ 1.2688, 45.71449 ], [ 1.35889, 45.71449 ], [ 1.35889, 45.80458 ], [ 1.2688, 45.80458 ] ] ], [ [ [ 5.32263, 45.80458 ], [ 5.32263, 45.71449 ], [ 5.5028, 45.71449 ], [ 5.5028, 45.80458 ], [ 5.32263, 45.80458 ] ] ], [ [ [ 5.14246, 45.71449 ], [ 5.14246, 45.62441 ], [ 5.23255, 45.62441 ], [ 5.23255, 45.71449 ], [ 5.14246, 45.71449 ] ] ], [ [ [ 0.72829, 45.62441 ], [ 0.72829, 45.53432 ], [ 0.90846, 45.53432 ], [ 0.90846, 45.62441 ], [ 0.72829, 45.62441 ] ] ], [ [ [ 5.59289, 45.53432 ], [ 5.59289, 45.44424 ], [ 5.68297, 45.44424 ], [ 5.68297, 45.53432 ], [ 5.59289, 45.53432 ] ] ], [ [ [ 1.08863, 45.53432 ], [ 1.08863, 45.44424 ], [ 1.17872, 45.44424 ], [ 1.17872, 45.35415 ], [ 1.2688, 45.35415 ], [ 1.2688, 45.44424 ], [ 1.35889, 45.44424 ], [ 1.35889, 45.53432 ], [ 1.08863, 45.53432 ] ] ], [ [ [ 1.35889, 45.44424 ], [ 1.35889, 45.35415 ], [ 1.44897, 45.35415 ], [ 1.44897, 45.44424 ], [ 1.35889, 45.44424 ] ] ], [ [ [ 4.78212, 45.89466 ], [ 4.78212, 45.62441 ], [ 4.51187, 45.62441 ], [ 4.51187, 45.53432 ], [ 4.78212, 45.53432 ], [ 4.78212, 45.44424 ], [ 4.60195, 45.44424 ], [ 4.60195, 45.35415 ], [ 4.87221, 45.35415 ], [ 4.87221, 45.26407 ], [ 4.69204, 45.26407 ], [ 4.69204, 45.17398 ], [ 4.96229, 45.17398 ], [ 4.96229, 45.44424 ], [ 4.87221, 45.44424 ], [ 4.87221, 45.53432 ], [ 4.96229, 45.53432 ], [ 4.96229, 45.62441 ], [ 4.87221, 45.62441 ], [ 4.87221, 45.71449 ], [ 4.96229, 45.71449 ], [ 4.96229, 45.80458 ], [ 5.05238, 45.80458 ], [ 5.05238, 45.71449 ], [ 5.14246, 45.71449 ], [ 5.14246, 45.89466 ], [ 4.78212, 45.89466 ] ] ], [ [ [ 1.53906, 45.35415 ], [ 1.53906, 45.26407 ], [ 1.71923, 45.26407 ], [ 1.71923, 45.0839 ], [ 1.80931, 45.0839 ], [ 1.80931, 45.35415 ], [ 1.53906, 45.35415 ] ] ], [ [ [ 1.8994, 45.17398 ], [ 1.8994, 45.0839 ], [ 1.98948, 45.0839 ], [ 1.98948, 45.17398 ], [ 1.8994, 45.17398 ] ] ], [ [ [ 5.05238, 45.17398 ], [ 5.05238, 45.0839 ], [ 5.14246, 45.0839 ], [ 5.14246, 45.17398 ], [ 5.05238, 45.17398 ] ] ], [ [ [ 5.68297, 45.17398 ], [ 5.68297, 45.0839 ], [ 5.77306, 45.0839 ], [ 5.77306, 45.17398 ], [ 5.68297, 45.17398 ] ] ], [ [ [ 1.2688, 45.0839 ], [ 1.2688, 44.99381 ], [ 1.44897, 44.99381 ], [ 1.44897, 45.0839 ], [ 1.2688, 45.0839 ] ] ], [ [ [ 1.80931, 45.0839 ], [ 1.80931, 44.99381 ], [ 1.8994, 44.99381 ], [ 1.8994, 45.0839 ], [ 1.80931, 45.0839 ] ] ], [ [ [ 4.69204, 44.99381 ], [ 4.69204, 44.90373 ], [ 4.78212, 44.90373 ], [ 4.78212, 44.99381 ], [ 4.69204, 44.99381 ] ] ], [ [ [ 4.96229, 44.99381 ], [ 4.96229, 44.81364 ], [ 5.05238, 44.81364 ], [ 5.05238, 44.99381 ], [ 4.96229, 44.99381 ] ] ], [ [ [ 1.80931, 44.81364 ], [ 1.80931, 44.72356 ], [ 1.8994, 44.72356 ], [ 1.8994, 44.81364 ], [ 1.80931, 44.81364 ] ] ], [ [ [ 2.53, 44.81364 ], [ 2.53, 44.72356 ], [ 2.62008, 44.72356 ], [ 2.62008, 44.81364 ], [ 2.53, 44.81364 ] ] ], [ [ [ 1.35889, 44.81364 ], [ 1.35889, 44.63347 ], [ 1.71923, 44.63347 ], [ 1.71923, 44.81364 ], [ 1.62914, 44.81364 ], [ 1.62914, 44.72356 ], [ 1.44897, 44.72356 ], [ 1.44897, 44.81364 ], [ 1.35889, 44.81364 ] ] ], [ [ [ 4.60195, 44.81364 ], [ 4.60195, 44.63347 ], [ 4.69204, 44.63347 ], [ 4.69204, 44.81364 ], [ 4.60195, 44.81364 ] ] ], [ [ [ 4.24161, 44.72356 ], [ 4.24161, 44.63347 ], [ 4.3317, 44.63347 ], [ 4.3317, 44.72356 ], [ 4.24161, 44.72356 ] ] ], [ [ [ 2.25974, 44.72356 ], [ 2.25974, 44.54339 ], [ 2.43991, 44.54339 ], [ 2.43991, 44.63347 ], [ 2.34983, 44.63347 ], [ 2.34983, 44.72356 ], [ 2.25974, 44.72356 ] ] ], [ [ [ 4.42178, 44.63347 ], [ 4.42178, 44.4533 ], [ 4.51187, 44.4533 ], [ 4.51187, 44.63347 ], [ 4.42178, 44.63347 ] ] ], [ [ [ 2.07957, 44.54339 ], [ 2.07957, 44.4533 ], [ 2.16966, 44.4533 ], [ 2.16966, 44.54339 ], [ 2.07957, 44.54339 ] ] ], [ [ [ 3.88127, 44.36322 ], [ 3.88127, 44.27313 ], [ 3.97136, 44.27313 ], [ 3.97136, 44.36322 ], [ 3.88127, 44.36322 ] ] ], [ [ [ 1.71923, 44.4533 ], [ 1.71923, 44.36322 ], [ 1.62914, 44.36322 ], [ 1.62914, 44.27313 ], [ 1.71923, 44.27313 ], [ 1.71923, 44.18305 ], [ 1.98948, 44.18305 ], [ 1.98948, 44.4533 ], [ 1.71923, 44.4533 ] ] ], [ [ [ 2.16966, 44.27313 ], [ 2.16966, 44.18305 ], [ 2.25974, 44.18305 ], [ 2.25974, 44.27313 ], [ 2.16966, 44.27313 ] ] ], [ [ [ 3.7011, 44.27313 ], [ 3.7011, 44.18305 ], [ 3.88127, 44.18305 ], [ 3.88127, 44.27313 ], [ 3.7011, 44.27313 ] ] ], [ [ [ 2.07957, 44.18305 ], [ 2.07957, 44.09296 ], [ 2.16966, 44.09296 ], [ 2.16966, 44.18305 ], [ 2.07957, 44.18305 ] ] ], [ [ [ 5.86314, 44.18305 ], [ 5.86314, 44.09296 ], [ 6.04331, 44.09296 ], [ 6.04331, 44.18305 ], [ 5.86314, 44.18305 ] ] ], [ [ [ 5.05238, 44.09296 ], [ 5.05238, 44.00288 ], [ 5.14246, 44.00288 ], [ 5.14246, 44.09296 ], [ 5.05238, 44.09296 ] ] ], [ [ [ 5.23255, 44.09296 ], [ 5.23255, 44.00288 ], [ 5.32263, 44.00288 ], [ 5.32263, 44.09296 ], [ 5.23255, 44.09296 ] ] ], [ [ [ 2.62008, 44.09296 ], [ 2.62008, 44.00288 ], [ 2.71017, 44.00288 ], [ 2.71017, 43.91279 ], [ 2.80025, 43.91279 ], [ 2.80025, 44.09296 ], [ 2.62008, 44.09296 ] ] ], [ [ [ 6.67391, 44.00288 ], [ 6.67391, 43.91279 ], [ 6.76399, 43.91279 ], [ 6.76399, 44.00288 ], [ 6.67391, 44.00288 ] ] ], [ [ [ 5.5028, 44.00288 ], [ 5.5028, 43.82271 ], [ 5.59289, 43.82271 ], [ 5.59289, 44.00288 ], [ 5.5028, 44.00288 ] ] ], [ [ [ 6.1334, 44.09296 ], [ 6.1334, 44.00288 ], [ 5.95323, 44.00288 ], [ 5.95323, 43.91279 ], [ 6.04331, 43.91279 ], [ 6.04331, 43.82271 ], [ 6.22348, 43.82271 ], [ 6.22348, 44.09296 ], [ 6.1334, 44.09296 ] ] ], [ [ [ 2.16966, 43.91279 ], [ 2.16966, 43.82271 ], [ 2.25974, 43.82271 ], [ 2.25974, 43.91279 ], [ 2.16966, 43.91279 ] ] ], [ [ [ 5.05238, 43.91279 ], [ 5.05238, 43.82271 ], [ 5.23255, 43.82271 ], [ 5.23255, 43.91279 ], [ 5.05238, 43.91279 ] ] ], [ [ [ 5.32263, 43.91279 ], [ 5.32263, 43.82271 ], [ 5.41272, 43.82271 ], [ 5.41272, 43.91279 ], [ 5.32263, 43.91279 ] ] ], [ [ [ 7.12434, 43.91279 ], [ 7.12434, 43.82271 ], [ 7.21442, 43.82271 ], [ 7.21442, 43.91279 ], [ 7.12434, 43.91279 ] ] ], [ [ [ 3.07051, 43.82271 ], [ 3.07051, 43.73262 ], [ 3.16059, 43.73262 ], [ 3.16059, 43.82271 ], [ 3.07051, 43.82271 ] ] ], [ [ [ 7.21442, 43.82271 ], [ 7.21442, 43.73262 ], [ 7.30451, 43.73262 ], [ 7.30451, 43.82271 ], [ 7.21442, 43.82271 ] ] ], [ [ [ 2.34983, 43.64253 ], [ 2.34983, 43.55245 ], [ 2.43991, 43.55245 ], [ 2.43991, 43.64253 ], [ 2.34983, 43.64253 ] ] ], [ [ [ 2.98042, 43.73262 ], [ 2.98042, 43.64253 ], [ 2.89034, 43.64253 ], [ 2.89034, 43.55245 ], [ 3.07051, 43.55245 ], [ 3.07051, 43.73262 ], [ 2.98042, 43.73262 ] ] ], [ [ [ 2.07957, 43.55245 ], [ 2.07957, 43.46236 ], [ 2.16966, 43.46236 ], [ 2.16966, 43.55245 ], [ 2.07957, 43.55245 ] ] ], [ [ [ 5.41272, 43.46236 ], [ 5.41272, 43.37228 ], [ 5.5028, 43.37228 ], [ 5.5028, 43.46236 ], [ 5.41272, 43.46236 ] ] ], [ [ [ 5.68297, 43.37228 ], [ 5.68297, 43.28219 ], [ 5.77306, 43.28219 ], [ 5.77306, 43.37228 ], [ 5.68297, 43.37228 ] ] ], [ [ [ -1.61392, 43.28219 ], [ -1.61392, 43.19211 ], [ -1.52383, 43.19211 ], [ -1.52383, 43.28219 ], [ -1.61392, 43.28219 ] ] ], [ [ [ 0.81838, 43.28219 ], [ 0.81838, 43.19211 ], [ 0.90846, 43.19211 ], [ 0.90846, 43.28219 ], [ 0.81838, 43.28219 ] ] ], [ [ [ 1.71923, 43.28219 ], [ 1.71923, 43.19211 ], [ 1.8994, 43.19211 ], [ 1.8994, 43.28219 ], [ 1.71923, 43.28219 ] ] ], [ [ [ -1.43375, 43.19211 ], [ -1.43375, 43.10202 ], [ -1.34366, 43.10202 ], [ -1.34366, 43.19211 ], [ -1.43375, 43.19211 ] ] ], [ [ [ -0.44281, 43.19211 ], [ -0.44281, 43.10202 ], [ -0.35273, 43.10202 ], [ -0.35273, 43.19211 ], [ -0.44281, 43.19211 ] ] ], [ [ [ -0.26264, 43.19211 ], [ -0.26264, 43.10202 ], [ -0.17256, 43.10202 ], [ -0.17256, 43.19211 ], [ -0.26264, 43.19211 ] ] ], [ [ [ 0.90846, 43.19211 ], [ 0.90846, 43.10202 ], [ 0.99855, 43.10202 ], [ 0.99855, 43.19211 ], [ 0.90846, 43.19211 ] ] ], [ [ [ 1.08863, 43.19211 ], [ 1.08863, 43.10202 ], [ 1.2688, 43.10202 ], [ 1.2688, 43.19211 ], [ 1.08863, 43.19211 ] ] ], [ [ [ 2.43991, 43.19211 ], [ 2.43991, 43.10202 ], [ 2.62008, 43.10202 ], [ 2.62008, 43.19211 ], [ 2.43991, 43.19211 ] ] ], [ [ [ 0.63821, 43.28219 ], [ 0.63821, 43.10202 ], [ 0.72829, 43.10202 ], [ 0.72829, 43.01194 ], [ 0.90846, 43.01194 ], [ 0.90846, 43.10202 ], [ 0.81838, 43.10202 ], [ 0.81838, 43.19211 ], [ 0.72829, 43.19211 ], [ 0.72829, 43.28219 ], [ 0.63821, 43.28219 ] ] ], [ [ [ 0.27787, 43.19211 ], [ 0.27787, 43.01194 ], [ 0.36795, 43.01194 ], [ 0.36795, 43.10202 ], [ 0.54812, 43.10202 ], [ 0.54812, 43.19211 ], [ 0.27787, 43.19211 ] ] ], [ [ [ 1.44897, 43.10202 ], [ 1.44897, 43.01194 ], [ 1.62914, 43.01194 ], [ 1.62914, 43.10202 ], [ 1.44897, 43.10202 ] ] ], [ [ [ 2.62008, 43.10202 ], [ 2.62008, 43.01194 ], [ 2.80025, 43.01194 ], [ 2.80025, 43.10202 ], [ 2.62008, 43.10202 ] ] ], [ [ [ 1.17872, 43.01194 ], [ 1.17872, 42.92185 ], [ 1.2688, 42.92185 ], [ 1.2688, 43.01194 ], [ 1.17872, 43.01194 ] ] ], [ [ [ 1.98948, 43.01194 ], [ 1.98948, 42.92185 ], [ 2.07957, 42.92185 ], [ 2.07957, 43.01194 ], [ 1.98948, 43.01194 ] ] ], [ [ [ 2.34983, 43.01194 ], [ 2.34983, 42.92185 ], [ 2.43991, 42.92185 ], [ 2.43991, 43.01194 ], [ 2.34983, 43.01194 ] ] ], [ [ [ 1.53906, 42.92185 ], [ 1.53906, 42.83177 ], [ 1.62914, 42.83177 ], [ 1.62914, 42.92185 ], [ 1.53906, 42.92185 ] ] ], [ [ [ 2.07957, 42.92185 ], [ 2.07957, 42.83177 ], [ 2.25974, 42.83177 ], [ 2.25974, 42.92185 ], [ 2.07957, 42.92185 ] ] ], [ [ [ 2.71017, 42.92185 ], [ 2.71017, 42.83177 ], [ 2.80025, 42.83177 ], [ 2.80025, 42.92185 ], [ 2.71017, 42.92185 ] ] ], [ [ [ 2.62008, 42.6516 ], [ 2.62008, 42.56151 ], [ 2.71017, 42.56151 ], [ 2.71017, 42.6516 ], [ 2.62008, 42.6516 ] ] ], [ [ [ 2.98042, 42.56151 ], [ 2.98042, 42.38134 ], [ 3.07051, 42.38134 ], [ 3.07051, 42.56151 ], [ 2.98042, 42.56151 ] ] ], [ [ [ 2.53, 42.47143 ], [ 2.53, 42.38134 ], [ 2.62008, 42.38134 ], [ 2.62008, 42.47143 ], [ 2.53, 42.47143 ] ] ], [ [ [ 2.71017, 42.47143 ], [ 2.71017, 42.38134 ], [ 2.80025, 42.38134 ], [ 2.80025, 42.47143 ], [ 2.71017, 42.47143 ] ] ], [ [ [ 8.65578, 42.38134 ], [ 8.65578, 42.29126 ], [ 8.74587, 42.29126 ], [ 8.74587, 42.38134 ], [ 8.65578, 42.38134 ] ] ], [ [ [ 8.92604, 42.11109 ], [ 8.92604, 42.021 ], [ 9.01612, 42.021 ], [ 9.01612, 42.11109 ], [ 8.92604, 42.11109 ] ] ], [ [ [ 8.83595, 41.93092 ], [ 8.83595, 41.84083 ], [ 8.92604, 41.84083 ], [ 8.92604, 41.93092 ], [ 8.83595, 41.93092 ] ] ] ] } },
{ "type": "Feature", "properties": { "date_envol": "09/04/2026", "date_iso": "2026-04-09", "semaine": 15, "date_calcul": "2026-07-22", "annee": 2026, "espece": "Pityogenes chalcographus", "modele": "CHAPY", "seuil_vol": 15.6 }, "geometry": { "type": "MultiPolygon", "coordinates": [ [ [ [ 0.45804, 49.49807 ], [ 0.45804, 49.40798 ], [ 0.54812, 49.40798 ], [ 0.54812, 49.49807 ], [ 0.45804, 49.49807 ] ] ], [ [ [ 1.35889, 49.49807 ], [ 1.35889, 49.40798 ], [ 1.44897, 49.40798 ], [ 1.44897, 49.49807 ], [ 1.35889, 49.49807 ] ] ], [ [ [ 0.90846, 49.49807 ], [ 0.90846, 49.3179 ], [ 0.99855, 49.3179 ], [ 0.99855, 49.49807 ], [ 0.90846, 49.49807 ] ] ], [ [ [ 1.2688, 49.40798 ], [ 1.2688, 49.3179 ], [ 1.35889, 49.3179 ], [ 1.35889, 49.40798 ], [ 1.2688, 49.40798 ] ] ], [ [ [ 2.53, 49.40798 ], [ 2.53, 49.3179 ], [ 2.71017, 49.3179 ], [ 2.71017, 49.40798 ], [ 2.53, 49.40798 ] ] ], [ [ [ -1.704, 49.3179 ], [ -1.704, 49.22781 ], [ -1.61392, 49.22781 ], [ -1.61392, 49.3179 ], [ -1.704, 49.3179 ] ] ], [ [ [ 1.35889, 49.3179 ], [ 1.35889, 49.22781 ], [ 1.44897, 49.22781 ], [ 1.44897, 49.3179 ], [ 1.35889, 49.3179 ] ] ], [ [ [ 0.0977, 49.40798 ], [ 0.0977, 49.22781 ], [ 0.18778, 49.22781 ], [ 0.18778, 49.13773 ], [ 0.27787, 49.13773 ], [ 0.27787, 49.40798 ], [ 0.0977, 49.40798 ] ] ], [ [ [ 1.98948, 49.13773 ], [ 1.98948, 49.04764 ], [ 2.25974, 49.04764 ], [ 2.25974, 49.13773 ], [ 1.98948, 49.13773 ] ] ], [ [ [ 3.07051, 49.13773 ], [ 3.07051, 49.04764 ], [ 3.25068, 49.04764 ], [ 3.25068, 49.13773 ], [ 3.07051, 49.13773 ] ] ], [ [ [ -0.44281, 49.22781 ], [ -0.44281, 49.13773 ], [ -0.08247, 49.13773 ], [ -0.08247, 49.04764 ], [ 0.00761, 49.04764 ], [ 0.00761, 48.95756 ], [ 0.0977, 48.95756 ], [ 0.0977, 49.04764 ], [ 0.18778, 49.04764 ], [ 0.18778, 49.13773 ], [ 0.00761, 49.13773 ], [ 0.00761, 49.22781 ], [ -0.44281, 49.22781 ] ] ], [ [ [ 3.97136, 49.04764 ], [ 3.97136, 48.95756 ], [ 4.24161, 48.95756 ], [ 4.24161, 49.04764 ], [ 3.97136, 49.04764 ] ] ], [ [ [ 2.89034, 48.86747 ], [ 2.89034, 48.77739 ], [ 2.98042, 48.77739 ], [ 2.98042, 48.86747 ], [ 2.89034, 48.86747 ] ] ], [ [ [ 1.53906, 49.40798 ], [ 1.53906, 49.04764 ], [ 1.44897, 49.04764 ], [ 1.44897, 49.13773 ], [ 1.35889, 49.13773 ], [ 1.35889, 49.22781 ], [ 1.08863, 49.22781 ], [ 1.08863, 49.3179 ], [ 0.99855, 49.3179 ], [ 0.99855, 49.22781 ], [ 0.81838, 49.22781 ], [ 0.81838, 49.04764 ], [ 0.72829, 49.04764 ], [ 0.72829, 48.95756 ], [ 0.90846, 48.95756 ], [ 0.90846, 48.6873 ], [ 0.99855, 48.6873 ], [ 0.99855, 48.77739 ], [ 1.35889, 48.77739 ], [ 1.35889, 48.86747 ], [ 1.44897, 48.86747 ], [ 1.44897, 48.95756 ], [ 1.71923, 48.95756 ], [ 1.71923, 49.3179 ], [ 1.80931, 49.3179 ], [ 1.80931, 49.40798 ], [ 1.53906, 49.40798 ] ] ], [ [ [ -1.61392, 48.77739 ], [ -1.61392, 48.6873 ], [ -1.43375, 48.6873 ], [ -1.43375, 48.59722 ], [ -1.34366, 48.59722 ], [ -1.34366, 48.77739 ], [ -1.61392, 48.77739 ] ] ], [ [ [ -2.51477, 48.6873 ], [ -2.51477, 48.59722 ], [ -2.24451, 48.59722 ], [ -2.24451, 48.6873 ], [ -2.51477, 48.6873 ] ] ], [ [ [ -1.25358, 48.6873 ], [ -1.25358, 48.59722 ], [ -1.16349, 48.59722 ], [ -1.16349, 48.6873 ], [ -1.25358, 48.6873 ] ] ], [ [ [ -2.60486, 48.59722 ], [ -2.60486, 48.50713 ], [ -2.51477, 48.50713 ], [ -2.51477, 48.59722 ], [ -2.60486, 48.59722 ] ] ], [ [ [ -1.97426, 48.59722 ], [ -1.97426, 48.50713 ], [ -1.88417, 48.50713 ], [ -1.88417, 48.59722 ], [ -1.97426, 48.59722 ] ] ], [ [ [ -1.52383, 48.59722 ], [ -1.52383, 48.50713 ], [ -1.43375, 48.50713 ], [ -1.43375, 48.59722 ], [ -1.52383, 48.59722 ] ] ], [ [ [ -1.88417, 48.50713 ], [ -1.88417, 48.41705 ], [ -1.52383, 48.41705 ], [ -1.52383, 48.50713 ], [ -1.88417, 48.50713 ] ] ], [ [ [ 0.54812, 48.50713 ], [ 0.54812, 48.41705 ], [ 0.72829, 48.41705 ], [ 0.72829, 48.50713 ], [ 0.54812, 48.50713 ] ] ], [ [ [ 3.79119, 48.59722 ], [ 3.79119, 48.50713 ], [ 3.61102, 48.50713 ], [ 3.61102, 48.41705 ], [ 4.06144, 48.41705 ], [ 4.06144, 48.50713 ], [ 3.97136, 48.50713 ], [ 3.97136, 48.59722 ], [ 3.79119, 48.59722 ] ] ], [ [ [ -2.51477, 48.41705 ], [ -2.51477, 48.32696 ], [ -2.42468, 48.32696 ], [ -2.42468, 48.41705 ], [ -2.51477, 48.41705 ] ] ], [ [ [ 4.42178, 48.41705 ], [ 4.42178, 48.32696 ], [ 4.51187, 48.32696 ], [ 4.51187, 48.41705 ], [ 4.42178, 48.41705 ] ] ], [ [ [ -1.97426, 48.32696 ], [ -1.97426, 48.23687 ], [ -1.88417, 48.23687 ], [ -1.88417, 48.32696 ], [ -1.97426, 48.32696 ] ] ], [ [ [ -2.42468, 48.32696 ], [ -2.42468, 48.14679 ], [ -2.24451, 48.14679 ], [ -2.24451, 48.32696 ], [ -2.42468, 48.32696 ] ] ], [ [ [ -0.17256, 48.32696 ], [ -0.17256, 48.23687 ], [ -0.08247, 48.23687 ], [ -0.08247, 48.14679 ], [ 0.00761, 48.14679 ], [ 0.00761, 48.23687 ], [ 0.0977, 48.23687 ], [ 0.0977, 48.32696 ], [ -0.17256, 48.32696 ] ] ], [ [ [ -3.05528, 48.23687 ], [ -3.05528, 48.14679 ], [ -2.9652, 48.14679 ], [ -2.9652, 48.23687 ], [ -3.05528, 48.23687 ] ] ], [ [ [ -1.34366, 48.50713 ], [ -1.34366, 48.32696 ], [ -1.16349, 48.32696 ], [ -1.16349, 48.23687 ], [ -1.34366, 48.23687 ], [ -1.34366, 48.14679 ], [ -1.07341, 48.14679 ], [ -1.07341, 48.0567 ], [ -0.80315, 48.0567 ], [ -0.80315, 48.14679 ], [ -0.5329, 48.14679 ], [ -0.5329, 48.0567 ], [ -0.26264, 48.0567 ], [ -0.26264, 48.23687 ], [ -0.44281, 48.23687 ], [ -0.44281, 48.32696 ], [ -0.5329, 48.32696 ], [ -0.5329, 48.50713 ], [ -0.71307, 48.50713 ], [ -0.71307, 48.41705 ], [ -0.80315, 48.41705 ], [ -0.80315, 48.32696 ], [ -0.98332, 48.32696 ], [ -0.98332, 48.41705 ], [ -1.07341, 48.41705 ], [ -1.07341, 48.50713 ], [ -1.34366, 48.50713 ] ] ], [ [ [ -3.59579, 48.14679 ], [ -3.59579, 48.0567 ], [ -3.41562, 48.0567 ], [ -3.41562, 48.14679 ], [ -3.59579, 48.14679 ] ] ], [ [ [ -3.14537, 48.14679 ], [ -3.14537, 48.0567 ], [ -3.05528, 48.0567 ], [ -3.05528, 48.14679 ], [ -3.14537, 48.14679 ] ] ], [ [ [ -2.87511, 48.14679 ], [ -2.87511, 48.0567 ], [ -2.69494, 48.0567 ], [ -2.69494, 48.14679 ], [ -2.87511, 48.14679 ] ] ], [ [ [ -2.60486, 48.14679 ], [ -2.60486, 48.0567 ], [ -2.51477, 48.0567 ], [ -2.51477, 48.14679 ], [ -2.60486, 48.14679 ] ] ], [ [ [ -4.31647, 48.0567 ], [ -4.31647, 47.96662 ], [ -4.22639, 47.96662 ], [ -4.22639, 48.0567 ], [ -4.31647, 48.0567 ] ] ], [ [ [ -3.05528, 48.0567 ], [ -3.05528, 47.96662 ], [ -2.87511, 47.96662 ], [ -2.87511, 48.0567 ], [ -3.05528, 48.0567 ] ] ], [ [ [ -3.95613, 48.0567 ], [ -3.95613, 47.87653 ], [ -3.50571, 47.87653 ], [ -3.50571, 47.96662 ], [ -3.59579, 47.96662 ], [ -3.59579, 48.0567 ], [ -3.68588, 48.0567 ], [ -3.68588, 47.96662 ], [ -3.86605, 47.96662 ], [ -3.86605, 48.0567 ], [ -3.95613, 48.0567 ] ] ], [ [ [ -2.24451, 48.0567 ], [ -2.24451, 47.87653 ], [ -2.15443, 47.87653 ], [ -2.15443, 47.96662 ], [ -2.06434, 47.96662 ], [ -2.06434, 48.0567 ], [ -2.24451, 48.0567 ] ] ], [ [ [ -3.32554, 47.96662 ], [ -3.32554, 47.87653 ], [ -3.14537, 47.87653 ], [ -3.14537, 47.96662 ], [ -3.32554, 47.96662 ] ] ], [ [ [ 3.97136, 47.96662 ], [ 3.97136, 47.87653 ], [ 4.06144, 47.87653 ], [ 4.06144, 47.96662 ], [ 3.97136, 47.96662 ] ] ], [ [ [ 3.34076, 48.0567 ], [ 3.34076, 47.87653 ], [ 3.52093, 47.87653 ], [ 3.52093, 47.78645 ], [ 3.61102, 47.78645 ], [ 3.61102, 47.87653 ], [ 3.79119, 47.87653 ], [ 3.79119, 47.96662 ], [ 3.97136, 47.96662 ], [ 3.97136, 48.0567 ], [ 3.61102, 48.0567 ], [ 3.61102, 47.96662 ], [ 3.43085, 47.96662 ], [ 3.43085, 48.0567 ], [ 3.34076, 48.0567 ] ] ], [ [ [ -2.78503, 47.96662 ], [ -2.78503, 47.87653 ], [ -2.69494, 47.87653 ], [ -2.69494, 47.78645 ], [ -2.60486, 47.78645 ], [ -2.60486, 47.96662 ], [ -2.78503, 47.96662 ] ] ], [ [ [ -1.25358, 47.96662 ], [ -1.25358, 47.87653 ], [ -1.34366, 47.87653 ], [ -1.34366, 47.78645 ], [ -1.16349, 47.78645 ], [ -1.16349, 47.96662 ], [ -1.25358, 47.96662 ] ] ], [ [ [ 3.79119, 47.87653 ], [ 3.79119, 47.78645 ], [ 3.88127, 47.78645 ], [ 3.88127, 47.87653 ], [ 3.79119, 47.87653 ] ] ], [ [ [ 4.06144, 47.87653 ], [ 4.06144, 47.78645 ], [ 4.15153, 47.78645 ], [ 4.15153, 47.87653 ], [ 4.06144, 47.87653 ] ] ], [ [ [ 3.88127, 47.78645 ], [ 3.88127, 47.69636 ], [ 4.06144, 47.69636 ], [ 4.06144, 47.78645 ], [ 3.88127, 47.78645 ] ] ], [ [ [ 4.15153, 47.78645 ], [ 4.15153, 47.69636 ], [ 4.24161, 47.69636 ], [ 4.24161, 47.78645 ], [ 4.15153, 47.78645 ] ] ], [ [ [ 6.31357, 47.51619 ], [ 6.31357, 47.42611 ], [ 6.40365, 47.42611 ], [ 6.40365, 47.51619 ], [ 6.31357, 47.51619 ] ] ], [ [ [ 3.61102, 47.78645 ], [ 3.61102, 47.60628 ], [ 3.43085, 47.60628 ], [ 3.43085, 47.33602 ], [ 3.52093, 47.33602 ], [ 3.52093, 47.42611 ], [ 3.61102, 47.42611 ], [ 3.61102, 47.51619 ], [ 3.7011, 47.51619 ], [ 3.7011, 47.42611 ], [ 3.88127, 47.42611 ], [ 3.88127, 47.69636 ], [ 3.79119, 47.69636 ], [ 3.79119, 47.78645 ], [ 3.61102, 47.78645 ] ] ], [ [ [ -3.23545, 47.33602 ], [ -3.23545, 47.24594 ], [ -3.14537, 47.24594 ], [ -3.14537, 47.33602 ], [ -3.23545, 47.33602 ] ] ], [ [ [ 1.80931, 47.06577 ], [ 1.80931, 46.97568 ], [ 1.98948, 46.97568 ], [ 1.98948, 47.06577 ], [ 1.80931, 47.06577 ] ] ], [ [ [ 4.78212, 46.8856 ], [ 4.78212, 46.70543 ], [ 4.87221, 46.70543 ], [ 4.87221, 46.8856 ], [ 4.78212, 46.8856 ] ] ], [ [ [ 2.25974, 46.61534 ], [ 2.25974, 46.52526 ], [ 2.43991, 46.52526 ], [ 2.43991, 46.61534 ], [ 2.25974, 46.61534 ] ] ], [ [ [ 2.71017, 46.52526 ], [ 2.71017, 46.43517 ], [ 2.80025, 46.43517 ], [ 2.80025, 46.52526 ], [ 2.71017, 46.52526 ] ] ], [ [ [ 3.79119, 46.52526 ], [ 3.79119, 46.43517 ], [ 3.97136, 46.43517 ], [ 3.97136, 46.52526 ], [ 3.79119, 46.52526 ] ] ], [ [ [ 6.40365, 46.52526 ], [ 6.40365, 46.43517 ], [ 6.58382, 46.43517 ], [ 6.58382, 46.52526 ], [ 6.40365, 46.52526 ] ] ], [ [ [ 1.71923, 46.43517 ], [ 1.71923, 46.34509 ], [ 1.8994, 46.34509 ], [ 1.8994, 46.43517 ], [ 1.71923, 46.43517 ] ] ], [ [ [ 2.80025, 46.43517 ], [ 2.80025, 46.34509 ], [ 2.89034, 46.34509 ], [ 2.89034, 46.43517 ], [ 2.80025, 46.43517 ] ] ], [ [ [ 6.22348, 46.43517 ], [ 6.22348, 46.34509 ], [ 6.40365, 46.34509 ], [ 6.40365, 46.43517 ], [ 6.22348, 46.43517 ] ] ], [ [ [ 6.58382, 46.43517 ], [ 6.58382, 46.34509 ], [ 6.85408, 46.34509 ], [ 6.85408, 46.43517 ], [ 6.58382, 46.43517 ] ] ], [ [ [ 1.98948, 46.70543 ], [ 1.98948, 46.61534 ], [ 1.53906, 46.61534 ], [ 1.53906, 46.52526 ], [ 1.35889, 46.52526 ], [ 1.35889, 46.43517 ], [ 1.44897, 46.43517 ], [ 1.44897, 46.255 ], [ 1.53906, 46.255 ], [ 1.53906, 46.43517 ], [ 1.62914, 46.43517 ], [ 1.62914, 46.52526 ], [ 2.07957, 46.52526 ], [ 2.07957, 46.70543 ], [ 1.98948, 46.70543 ] ] ], [ [ [ 1.62914, 46.34509 ], [ 1.62914, 46.255 ], [ 1.71923, 46.255 ], [ 1.71923, 46.34509 ], [ 1.62914, 46.34509 ] ] ], [ [ [ 4.69204, 46.34509 ], [ 4.69204, 46.255 ], [ 4.78212, 46.255 ], [ 4.78212, 46.34509 ], [ 4.69204, 46.34509 ] ] ], [ [ [ 6.1334, 46.34509 ], [ 6.1334, 46.255 ], [ 6.22348, 46.255 ], [ 6.22348, 46.34509 ], [ 6.1334, 46.34509 ] ] ], [ [ [ 5.32263, 47.42611 ], [ 5.32263, 47.33602 ], [ 5.14246, 47.33602 ], [ 5.14246, 47.15585 ], [ 4.96229, 47.15585 ], [ 4.96229, 47.06577 ], [ 4.87221, 47.06577 ], [ 4.87221, 46.8856 ], [ 4.96229, 46.8856 ], [ 4.96229, 46.61534 ], [ 4.78212, 46.61534 ], [ 4.78212, 46.52526 ], [ 4.87221, 46.52526 ], [ 4.87221, 46.255 ], [ 4.78212, 46.255 ], [ 4.78212, 46.16492 ], [ 4.96229, 46.16492 ], [ 4.96229, 46.255 ], [ 5.32263, 46.255 ], [ 5.32263, 46.43517 ], [ 5.23255, 46.43517 ], [ 5.23255, 46.52526 ], [ 5.32263, 46.52526 ], [ 5.32263, 46.61534 ], [ 5.41272, 46.61534 ], [ 5.41272, 46.8856 ], [ 5.5028, 46.8856 ], [ 5.5028, 47.15585 ], [ 5.41272, 47.15585 ], [ 5.41272, 47.24594 ], [ 5.5028, 47.24594 ], [ 5.5028, 47.42611 ], [ 5.32263, 47.42611 ] ], [ [ 4.96229, 46.97568 ], [ 5.14246, 46.97568 ], [ 5.14246, 46.8856 ], [ 4.96229, 46.8856 ], [ 4.96229, 46.97568 ] ] ], [ [ [ 2.34983, 49.13773 ], [ 2.34983, 49.04764 ], [ 2.53, 49.04764 ], [ 2.53, 48.95756 ], [ 2.43991, 48.95756 ], [ 2.43991, 48.86747 ], [ 2.53, 48.86747 ], [ 2.53, 48.59722 ], [ 2.25974, 48.59722 ], [ 2.25974, 48.6873 ], [ 2.34983, 48.6873 ], [ 2.34983, 48.77739 ], [ 2.16966, 48.77739 ], [ 2.16966, 48.86747 ], [ 1.98948, 48.86747 ], [ 1.98948, 48.95756 ], [ 1.71923, 48.95756 ], [ 1.71923, 48.77739 ], [ 1.44897, 48.77739 ], [ 1.44897, 48.6873 ], [ 1.2688, 48.6873 ], [ 1.2688, 48.59722 ], [ 1.35889, 48.59722 ], [ 1.35889, 48.50713 ], [ 1.2688, 48.50713 ], [ 1.2688, 48.41705 ], [ 1.17872, 48.41705 ], [ 1.17872, 48.23687 ], [ 0.99855, 48.23687 ], [ 0.99855, 48.14679 ], [ 1.08863, 48.14679 ], [ 1.08863, 48.0567 ], [ 1.17872, 48.0567 ], [ 1.17872, 47.96662 ], [ 0.99855, 47.96662 ], [ 0.99855, 48.0567 ], [ 0.81838, 48.0567 ], [ 0.81838, 48.32696 ], [ 0.90846, 48.32696 ], [ 0.90846, 48.41705 ], [ 0.72829, 48.41705 ], [ 0.72829, 48.32696 ], [ 0.54812, 48.32696 ], [ 0.54812, 48.23687 ], [ 0.45804, 48.23687 ], [ 0.45804, 48.14679 ], [ 0.63821, 48.14679 ], [ 0.63821, 48.0567 ], [ 0.54812, 48.0567 ], [ 0.54812, 47.96662 ], [ 0.45804, 47.96662 ], [ 0.45804, 47.87653 ], [ 0.36795, 47.87653 ], [ 0.36795, 47.69636 ], [ 0.45804, 47.69636 ], [ 0.45804, 47.78645 ], [ 0.63821, 47.78645 ], [ 0.63821, 47.69636 ], [ 0.72829, 47.69636 ], [ 0.72829, 47.51619 ], [ 0.90846, 47.51619 ], [ 0.90846, 47.69636 ], [ 0.99855, 47.69636 ], [ 0.99855, 47.60628 ], [ 1.2688, 47.60628 ], [ 1.2688, 47.69636 ], [ 1.53906, 47.69636 ], [ 1.53906, 47.78645 ], [ 1.62914, 47.78645 ], [ 1.62914, 47.87653 ], [ 1.71923, 47.87653 ], [ 1.71923, 47.96662 ], [ 1.80931, 47.96662 ], [ 1.80931, 48.0567 ], [ 1.98948, 48.0567 ], [ 1.98948, 47.96662 ], [ 2.16966, 47.96662 ], [ 2.16966, 47.87653 ], [ 2.34983, 47.87653 ], [ 2.34983, 47.78645 ], [ 2.43991, 47.78645 ], [ 2.43991, 47.69636 ], [ 2.34983, 47.69636 ], [ 2.34983, 47.60628 ], [ 2.43991, 47.60628 ], [ 2.43991, 47.51619 ], [ 2.34983, 47.51619 ], [ 2.34983, 47.24594 ], [ 2.43991, 47.24594 ], [ 2.43991, 47.15585 ], [ 2.71017, 47.15585 ], [ 2.71017, 47.06577 ], [ 2.62008, 47.06577 ], [ 2.62008, 46.97568 ], [ 2.34983, 46.97568 ], [ 2.34983, 46.8856 ], [ 2.43991, 46.8856 ], [ 2.43991, 46.70543 ], [ 2.89034, 46.70543 ], [ 2.89034, 47.06577 ], [ 2.98042, 47.06577 ], [ 2.98042, 46.61534 ], [ 3.25068, 46.61534 ], [ 3.25068, 46.52526 ], [ 3.07051, 46.52526 ], [ 3.07051, 46.34509 ], [ 2.98042, 46.34509 ], [ 2.98042, 46.255 ], [ 3.07051, 46.255 ], [ 3.07051, 46.16492 ], [ 3.34076, 46.16492 ], [ 3.34076, 46.07483 ], [ 3.43085, 46.07483 ], [ 3.43085, 46.255 ], [ 3.52093, 46.255 ], [ 3.52093, 46.34509 ], [ 3.61102, 46.34509 ], [ 3.61102, 46.43517 ], [ 3.52093, 46.43517 ], [ 3.52093, 46.52526 ], [ 3.79119, 46.52526 ], [ 3.79119, 46.61534 ], [ 3.7011, 46.61534 ], [ 3.7011, 46.79551 ], [ 3.61102, 46.79551 ], [ 3.61102, 46.97568 ], [ 3.52093, 46.97568 ], [ 3.52093, 47.06577 ], [ 3.43085, 47.06577 ], [ 3.43085, 46.8856 ], [ 3.34076, 46.8856 ], [ 3.34076, 47.24594 ], [ 3.25068, 47.24594 ], [ 3.25068, 47.42611 ], [ 2.89034, 47.42611 ], [ 2.89034, 47.51619 ], [ 3.07051, 47.51619 ], [ 3.07051, 47.60628 ], [ 2.98042, 47.60628 ], [ 2.98042, 47.69636 ], [ 2.89034, 47.69636 ], [ 2.89034, 47.78645 ], [ 2.98042, 47.78645 ], [ 2.98042, 47.96662 ], [ 2.89034, 47.96662 ], [ 2.89034, 48.0567 ], [ 2.98042, 48.0567 ], [ 2.98042, 48.14679 ], [ 2.89034, 48.14679 ], [ 2.89034, 48.32696 ], [ 2.71017, 48.32696 ], [ 2.71017, 48.50713 ], [ 2.98042, 48.50713 ], [ 2.98042, 48.23687 ], [ 3.25068, 48.23687 ], [ 3.25068, 48.14679 ], [ 3.52093, 48.14679 ], [ 3.52093, 48.23687 ], [ 3.43085, 48.23687 ], [ 3.43085, 48.32696 ], [ 3.34076, 48.32696 ], [ 3.34076, 48.50713 ], [ 3.07051, 48.50713 ], [ 3.07051, 48.59722 ], [ 2.98042, 48.59722 ], [ 2.98042, 48.6873 ], [ 2.89034, 48.6873 ], [ 2.89034, 48.77739 ], [ 2.80025, 48.77739 ], [ 2.80025, 48.86747 ], [ 2.89034, 48.86747 ], [ 2.89034, 48.95756 ], [ 2.98042, 48.95756 ], [ 2.98042, 48.86747 ], [ 3.25068, 48.86747 ], [ 3.25068, 48.95756 ], [ 3.07051, 48.95756 ], [ 3.07051, 49.04764 ], [ 2.98042, 49.04764 ], [ 2.98042, 49.13773 ], [ 2.34983, 49.13773 ] ], [ [ 1.80931, 48.86747 ], [ 1.8994, 48.86747 ], [ 1.8994, 48.77739 ], [ 1.80931, 48.77739 ], [ 1.80931, 48.86747 ] ], [ [ 2.53, 48.32696 ], [ 2.71017, 48.32696 ], [ 2.71017, 48.23687 ], [ 2.80025, 48.23687 ], [ 2.80025, 48.14679 ], [ 2.53, 48.14679 ], [ 2.53, 48.32696 ] ], [ [ 0.63821, 48.23687 ], [ 0.72829, 48.23687 ], [ 0.72829, 48.14679 ], [ 0.63821, 48.14679 ], [ 0.63821, 48.23687 ] ], [ [ 1.2688, 48.23687 ], [ 1.35889, 48.23687 ], [ 1.35889, 48.14679 ], [ 1.2688, 48.14679 ], [ 1.2688, 48.23687 ] ], [ [ 2.71017, 47.60628 ], [ 2.80025, 47.60628 ], [ 2.80025, 47.51619 ], [ 2.71017, 47.51619 ], [ 2.71017, 47.60628 ] ], [ [ 2.62008, 47.42611 ], [ 2.80025, 47.42611 ], [ 2.80025, 47.24594 ], [ 2.71017, 47.24594 ], [ 2.71017, 47.33602 ], [ 2.62008, 47.33602 ], [ 2.62008, 47.42611 ] ], [ [ 2.98042, 47.33602 ], [ 3.07051, 47.33602 ], [ 3.07051, 47.24594 ], [ 2.98042, 47.24594 ], [ 2.98042, 47.33602 ] ], [ [ 3.07051, 47.24594 ], [ 3.25068, 47.24594 ], [ 3.25068, 47.06577 ], [ 3.07051, 47.06577 ], [ 3.07051, 47.24594 ] ], [ [ 2.62008, 46.97568 ], [ 2.71017, 46.97568 ], [ 2.71017, 46.8856 ], [ 2.62008, 46.8856 ], [ 2.62008, 46.97568 ] ], [ [ 3.25068, 46.79551 ], [ 3.34076, 46.79551 ], [ 3.34076, 46.70543 ], [ 3.25068, 46.70543 ], [ 3.25068, 46.79551 ] ], [ [ 3.34076, 46.61534 ], [ 3.43085, 46.61534 ], [ 3.43085, 46.43517 ], [ 3.34076, 46.43517 ], [ 3.34076, 46.34509 ], [ 3.25068, 46.34509 ], [ 3.25068, 46.52526 ], [ 3.34076, 46.52526 ], [ 3.34076, 46.61534 ] ] ], [ [ [ 3.97136, 46.255 ], [ 3.97136, 46.07483 ], [ 4.06144, 46.07483 ], [ 4.06144, 46.255 ], [ 3.97136, 46.255 ] ] ], [ [ [ 5.32263, 46.16492 ], [ 5.32263, 46.07483 ], [ 5.41272, 46.07483 ], [ 5.41272, 46.16492 ], [ 5.32263, 46.16492 ] ] ], [ [ [ 4.51187, 46.255 ], [ 4.51187, 45.98475 ], [ 4.78212, 45.98475 ], [ 4.78212, 46.16492 ], [ 4.69204, 46.16492 ], [ 4.69204, 46.255 ], [ 4.51187, 46.255 ] ] ], [ [ [ 1.2688, 46.43517 ], [ 1.2688, 46.34509 ], [ 1.08863, 46.34509 ], [ 1.08863, 46.16492 ], [ 0.90846, 46.16492 ], [ 0.90846, 46.07483 ], [ 1.17872, 46.07483 ], [ 1.17872, 45.98475 ], [ 1.2688, 45.98475 ], [ 1.2688, 46.255 ], [ 1.35889, 46.255 ], [ 1.35889, 46.43517 ], [ 1.2688, 46.43517 ] ] ], [ [ [ 3.07051, 46.07483 ], [ 3.07051, 45.98475 ], [ 3.34076, 45.98475 ], [ 3.34076, 46.07483 ], [ 3.07051, 46.07483 ] ] ], [ [ [ 1.35889, 45.98475 ], [ 1.35889, 45.89466 ], [ 1.44897, 45.89466 ], [ 1.44897, 45.80458 ], [ 1.53906, 45.80458 ], [ 1.53906, 45.98475 ], [ 1.35889, 45.98475 ] ] ], [ [ [ 3.34076, 45.98475 ], [ 3.34076, 45.80458 ], [ 3.52093, 45.80458 ], [ 3.52093, 45.89466 ], [ 3.43085, 45.89466 ], [ 3.43085, 45.98475 ], [ 3.34076, 45.98475 ] ] ], [ [ [ 1.2688, 45.89466 ], [ 1.2688, 45.80458 ], [ 1.35889, 45.80458 ], [ 1.35889, 45.89466 ], [ 1.2688, 45.89466 ] ] ], [ [ [ 4.69204, 45.89466 ], [ 4.69204, 45.80458 ], [ 4.78212, 45.80458 ], [ 4.78212, 45.89466 ], [ 4.69204, 45.89466 ] ] ], [ [ [ 5.14246, 46.07483 ], [ 5.14246, 45.71449 ], [ 5.32263, 45.71449 ], [ 5.32263, 45.80458 ], [ 5.41272, 45.80458 ], [ 5.41272, 45.89466 ], [ 5.23255, 45.89466 ], [ 5.23255, 46.07483 ], [ 5.14246, 46.07483 ] ] ], [ [ [ 0.90846, 45.89466 ], [ 0.90846, 45.71449 ], [ 1.08863, 45.71449 ], [ 1.08863, 45.80458 ], [ 0.99855, 45.80458 ], [ 0.99855, 45.89466 ], [ 0.90846, 45.89466 ] ] ], [ [ [ 5.59289, 45.80458 ], [ 5.59289, 45.71449 ], [ 5.68297, 45.71449 ], [ 5.68297, 45.80458 ], [ 5.59289, 45.80458 ] ] ], [ [ [ 2.98042, 45.98475 ], [ 2.98042, 45.80458 ], [ 3.07051, 45.80458 ], [ 3.07051, 45.62441 ], [ 3.16059, 45.62441 ], [ 3.16059, 45.71449 ], [ 3.25068, 45.71449 ], [ 3.25068, 45.89466 ], [ 3.07051, 45.89466 ], [ 3.07051, 45.98475 ], [ 2.98042, 45.98475 ] ] ], [ [ [ 0.72829, 45.80458 ], [ 0.72829, 45.62441 ], [ 0.90846, 45.62441 ], [ 0.90846, 45.71449 ], [ 0.81838, 45.71449 ], [ 0.81838, 45.80458 ], [ 0.72829, 45.80458 ] ] ], [ [ [ 4.60195, 45.71449 ], [ 4.60195, 45.62441 ], [ 4.78212, 45.62441 ], [ 4.78212, 45.71449 ], [ 4.60195, 45.71449 ] ] ], [ [ [ 4.96229, 45.80458 ], [ 4.96229, 45.71449 ], [ 4.87221, 45.71449 ], [ 4.87221, 45.62441 ], [ 5.14246, 45.62441 ], [ 5.14246, 45.71449 ], [ 5.05238, 45.71449 ], [ 5.05238, 45.80458 ], [ 4.96229, 45.80458 ] ] ], [ [ [ 5.77306, 45.71449 ], [ 5.77306, 45.62441 ], [ 5.86314, 45.62441 ], [ 5.86314, 45.71449 ], [ 5.77306, 45.71449 ] ] ], [ [ [ 4.06144, 45.89466 ], [ 4.06144, 45.62441 ], [ 4.15153, 45.62441 ], [ 4.15153, 45.53432 ], [ 4.24161, 45.53432 ], [ 4.24161, 45.89466 ], [ 4.06144, 45.89466 ] ] ], [ [ [ 1.17872, 45.80458 ], [ 1.17872, 45.62441 ], [ 0.90846, 45.62441 ], [ 0.90846, 45.53432 ], [ 1.2688, 45.53432 ], [ 1.2688, 45.62441 ], [ 1.35889, 45.62441 ], [ 1.35889, 45.71449 ], [ 1.2688, 45.71449 ], [ 1.2688, 45.80458 ], [ 1.17872, 45.80458 ] ] ], [ [ [ 5.59289, 45.62441 ], [ 5.59289, 45.53432 ], [ 5.68297, 45.53432 ], [ 5.68297, 45.62441 ], [ 5.59289, 45.62441 ] ] ], [ [ [ 1.2688, 45.44424 ], [ 1.2688, 45.35415 ], [ 1.35889, 45.35415 ], [ 1.35889, 45.44424 ], [ 1.2688, 45.44424 ] ] ], [ [ [ 4.96229, 45.44424 ], [ 4.96229, 45.35415 ], [ 5.05238, 45.35415 ], [ 5.05238, 45.44424 ], [ 4.96229, 45.44424 ] ] ], [ [ [ 5.95323, 45.44424 ], [ 5.95323, 45.35415 ], [ 6.04331, 45.35415 ], [ 6.04331, 45.44424 ], [ 5.95323, 45.44424 ] ] ], [ [ [ 3.16059, 45.62441 ], [ 3.16059, 45.35415 ], [ 3.34076, 45.35415 ], [ 3.34076, 45.26407 ], [ 3.43085, 45.26407 ], [ 3.43085, 45.44424 ], [ 3.34076, 45.44424 ], [ 3.34076, 45.62441 ], [ 3.16059, 45.62441 ] ] ], [ [ [ 1.35889, 45.53432 ], [ 1.35889, 45.44424 ], [ 1.44897, 45.44424 ], [ 1.44897, 45.26407 ], [ 1.53906, 45.26407 ], [ 1.53906, 45.44424 ], [ 1.62914, 45.44424 ], [ 1.62914, 45.35415 ], [ 1.80931, 45.35415 ], [ 1.80931, 45.53432 ], [ 1.35889, 45.53432 ] ] ], [ [ [ 4.06144, 45.35415 ], [ 4.06144, 45.26407 ], [ 4.15153, 45.26407 ], [ 4.15153, 45.35415 ], [ 4.06144, 45.35415 ] ] ], [ [ [ 2.07957, 45.26407 ], [ 2.07957, 45.17398 ], [ 2.16966, 45.17398 ], [ 2.16966, 45.26407 ], [ 2.07957, 45.26407 ] ] ], [ [ [ 5.77306, 45.26407 ], [ 5.77306, 45.17398 ], [ 5.86314, 45.17398 ], [ 5.86314, 45.26407 ], [ 5.77306, 45.26407 ] ] ], [ [ [ 4.60195, 45.26407 ], [ 4.60195, 45.0839 ], [ 4.69204, 45.0839 ], [ 4.69204, 45.26407 ], [ 4.60195, 45.26407 ] ] ], [ [ [ 5.14246, 45.17398 ], [ 5.14246, 45.0839 ], [ 5.23255, 45.0839 ], [ 5.23255, 45.17398 ], [ 5.14246, 45.17398 ] ] ], [ [ [ 4.69204, 45.0839 ], [ 4.69204, 44.99381 ], [ 4.87221, 44.99381 ], [ 4.87221, 45.0839 ], [ 4.69204, 45.0839 ] ] ], [ [ [ 4.51187, 44.90373 ], [ 4.51187, 44.81364 ], [ 4.69204, 44.81364 ], [ 4.69204, 44.90373 ], [ 4.51187, 44.90373 ] ] ], [ [ [ 2.16966, 44.81364 ], [ 2.16966, 44.72356 ], [ 2.25974, 44.72356 ], [ 2.25974, 44.81364 ], [ 2.16966, 44.81364 ] ] ], [ [ [ 2.34983, 44.72356 ], [ 2.34983, 44.63347 ], [ 2.62008, 44.63347 ], [ 2.62008, 44.72356 ], [ 2.34983, 44.72356 ] ] ], [ [ [ 4.15153, 44.63347 ], [ 4.15153, 44.54339 ], [ 4.24161, 44.54339 ], [ 4.24161, 44.63347 ], [ 4.15153, 44.63347 ] ] ], [ [ [ 4.78212, 44.81364 ], [ 4.78212, 44.72356 ], [ 4.96229, 44.72356 ], [ 4.96229, 44.63347 ], [ 4.87221, 44.63347 ], [ 4.87221, 44.54339 ], [ 5.14246, 44.54339 ], [ 5.14246, 44.72356 ], [ 5.23255, 44.72356 ], [ 5.23255, 44.81364 ], [ 4.78212, 44.81364 ] ] ], [ [ [ 2.25974, 44.54339 ], [ 2.25974, 44.4533 ], [ 2.53, 44.4533 ], [ 2.53, 44.54339 ], [ 2.25974, 44.54339 ] ] ], [ [ [ 4.78212, 44.54339 ], [ 4.78212, 44.4533 ], [ 4.87221, 44.4533 ], [ 4.87221, 44.54339 ], [ 4.78212, 44.54339 ] ] ], [ [ [ 1.98948, 44.4533 ], [ 1.98948, 44.36322 ], [ 2.07957, 44.36322 ], [ 2.07957, 44.4533 ], [ 1.98948, 44.4533 ] ] ], [ [ [ 3.88127, 44.4533 ], [ 3.88127, 44.36322 ], [ 3.97136, 44.36322 ], [ 3.97136, 44.4533 ], [ 3.88127, 44.4533 ] ] ], [ [ [ 3.79119, 44.36322 ], [ 3.79119, 44.27313 ], [ 3.88127, 44.27313 ], [ 3.88127, 44.36322 ], [ 3.79119, 44.36322 ] ] ], [ [ [ 5.23255, 44.36322 ], [ 5.23255, 44.27313 ], [ 5.32263, 44.27313 ], [ 5.32263, 44.36322 ], [ 5.23255, 44.36322 ] ] ], [ [ [ 5.68297, 44.36322 ], [ 5.68297, 44.27313 ], [ 5.77306, 44.27313 ], [ 5.77306, 44.36322 ], [ 5.68297, 44.36322 ] ] ], [ [ [ 1.98948, 44.27313 ], [ 1.98948, 44.09296 ], [ 2.07957, 44.09296 ], [ 2.07957, 44.18305 ], [ 2.16966, 44.18305 ], [ 2.16966, 44.27313 ], [ 1.98948, 44.27313 ] ] ], [ [ [ 2.43991, 44.18305 ], [ 2.43991, 44.09296 ], [ 2.53, 44.09296 ], [ 2.53, 44.18305 ], [ 2.43991, 44.18305 ] ] ], [ [ [ 2.80025, 44.18305 ], [ 2.80025, 44.09296 ], [ 2.89034, 44.09296 ], [ 2.89034, 44.18305 ], [ 2.80025, 44.18305 ] ] ], [ [ [ 6.22348, 44.18305 ], [ 6.22348, 44.09296 ], [ 6.31357, 44.09296 ], [ 6.31357, 44.18305 ], [ 6.22348, 44.18305 ] ] ], [ [ [ 2.16966, 44.09296 ], [ 2.16966, 44.00288 ], [ 2.25974, 44.00288 ], [ 2.25974, 44.09296 ], [ 2.16966, 44.09296 ] ] ], [ [ [ 3.7011, 44.09296 ], [ 3.7011, 44.00288 ], [ 3.79119, 44.00288 ], [ 3.79119, 44.09296 ], [ 3.7011, 44.09296 ] ] ], [ [ [ 5.95323, 44.09296 ], [ 5.95323, 44.00288 ], [ 6.1334, 44.00288 ], [ 6.1334, 44.09296 ], [ 5.95323, 44.09296 ] ] ], [ [ [ 5.59289, 44.00288 ], [ 5.59289, 43.91279 ], [ 5.68297, 43.91279 ], [ 5.68297, 44.00288 ], [ 5.59289, 44.00288 ] ] ], [ [ [ 2.53, 44.09296 ], [ 2.53, 43.91279 ], [ 2.62008, 43.91279 ], [ 2.62008, 43.82271 ], [ 2.89034, 43.82271 ], [ 2.89034, 44.00288 ], [ 2.80025, 44.00288 ], [ 2.80025, 43.91279 ], [ 2.71017, 43.91279 ], [ 2.71017, 44.00288 ], [ 2.62008, 44.00288 ], [ 2.62008, 44.09296 ], [ 2.53, 44.09296 ] ] ], [ [ [ 3.52093, 43.91279 ], [ 3.52093, 43.82271 ], [ 3.61102, 43.82271 ], [ 3.61102, 43.91279 ], [ 3.52093, 43.91279 ] ] ], [ [ [ 6.76399, 43.91279 ], [ 6.76399, 43.82271 ], [ 7.12434, 43.82271 ], [ 7.12434, 43.91279 ], [ 6.76399, 43.91279 ] ] ], [ [ [ 2.25974, 44.00288 ], [ 2.25974, 43.73262 ], [ 2.43991, 43.73262 ], [ 2.43991, 44.00288 ], [ 2.25974, 44.00288 ] ] ], [ [ [ 7.39459, 43.82271 ], [ 7.39459, 43.73262 ], [ 7.48468, 43.73262 ], [ 7.48468, 43.82271 ], [ 7.39459, 43.82271 ] ] ], [ [ [ 5.5028, 43.64253 ], [ 5.5028, 43.55245 ], [ 5.59289, 43.55245 ], [ 5.59289, 43.46236 ], [ 5.68297, 43.46236 ], [ 5.68297, 43.64253 ], [ 5.5028, 43.64253 ] ] ], [ [ [ 2.34983, 43.55245 ], [ 2.34983, 43.46236 ], [ 2.53, 43.46236 ], [ 2.53, 43.55245 ], [ 2.34983, 43.55245 ] ] ], [ [ [ 2.71017, 43.55245 ], [ 2.71017, 43.46236 ], [ 2.89034, 43.46236 ], [ 2.89034, 43.55245 ], [ 2.71017, 43.55245 ] ] ], [ [ [ 5.77306, 43.37228 ], [ 5.77306, 43.28219 ], [ 5.86314, 43.28219 ], [ 5.86314, 43.37228 ], [ 5.77306, 43.37228 ] ] ], [ [ [ -1.52383, 43.28219 ], [ -1.52383, 43.19211 ], [ -1.43375, 43.19211 ], [ -1.43375, 43.28219 ], [ -1.52383, 43.28219 ] ] ], [ [ [ -0.5329, 43.19211 ], [ -0.5329, 43.10202 ], [ -0.44281, 43.10202 ], [ -0.44281, 43.19211 ], [ -0.5329, 43.19211 ] ] ], [ [ [ 1.71923, 43.19211 ], [ 1.71923, 43.10202 ], [ 1.98948, 43.10202 ], [ 1.98948, 43.19211 ], [ 1.71923, 43.19211 ] ] ], [ [ [ 0.54812, 43.10202 ], [ 0.54812, 43.01194 ], [ 0.72829, 43.01194 ], [ 0.72829, 43.10202 ], [ 0.54812, 43.10202 ] ] ], [ [ [ 1.98948, 43.10202 ], [ 1.98948, 43.01194 ], [ 2.07957, 43.01194 ], [ 2.07957, 43.10202 ], [ 1.98948, 43.10202 ] ] ], [ [ [ 2.34983, 43.10202 ], [ 2.34983, 43.01194 ], [ 2.43991, 43.01194 ], [ 2.43991, 43.10202 ], [ 2.34983, 43.10202 ] ] ], [ [ [ 2.53, 43.10202 ], [ 2.53, 43.01194 ], [ 2.62008, 43.01194 ], [ 2.62008, 43.10202 ], [ 2.53, 43.10202 ] ] ], [ [ [ 0.90846, 43.01194 ], [ 0.90846, 42.92185 ], [ 0.99855, 42.92185 ], [ 0.99855, 43.01194 ], [ 0.90846, 43.01194 ] ] ], [ [ [ 1.80931, 43.01194 ], [ 1.80931, 42.92185 ], [ 1.98948, 42.92185 ], [ 1.98948, 43.01194 ], [ 1.80931, 43.01194 ] ] ], [ [ [ 2.62008, 43.01194 ], [ 2.62008, 42.92185 ], [ 2.89034, 42.92185 ], [ 2.89034, 43.01194 ], [ 2.62008, 43.01194 ] ] ], [ [ [ 2.53, 42.92185 ], [ 2.53, 42.83177 ], [ 2.62008, 42.83177 ], [ 2.62008, 42.92185 ], [ 2.53, 42.92185 ] ] ], [ [ [ 2.34983, 42.74168 ], [ 2.34983, 42.6516 ], [ 2.43991, 42.6516 ], [ 2.43991, 42.74168 ], [ 2.34983, 42.74168 ] ] ], [ [ [ 8.65578, 42.29126 ], [ 8.65578, 42.20117 ], [ 8.74587, 42.20117 ], [ 8.74587, 42.29126 ], [ 8.65578, 42.29126 ] ] ], [ [ [ 8.83595, 42.11109 ], [ 8.83595, 42.021 ], [ 8.92604, 42.021 ], [ 8.92604, 42.11109 ], [ 8.83595, 42.11109 ] ] ] ] } },
{ "type": "Feature", "properties": { "date_envol": "10/04/2026", "date_iso": "2026-04-10", "semaine": 15, "date_calcul": "2026-07-22", "annee": 2026, "espece": "Pityogenes chalcographus", "modele": "CHAPY", "seuil_vol": 15.6 }, "geometry": { "type": "MultiPolygon", "coordinates": [ [ [ [ -3.41562, 48.6873 ], [ -3.41562, 48.59722 ], [ -3.14537, 48.59722 ], [ -3.14537, 48.50713 ], [ -3.05528, 48.50713 ], [ -3.05528, 48.59722 ], [ -2.9652, 48.59722 ], [ -2.9652, 48.6873 ], [ -3.41562, 48.6873 ] ] ], [ [ [ 3.43085, 48.32696 ], [ 3.43085, 48.23687 ], [ 3.52093, 48.23687 ], [ 3.52093, 48.32696 ], [ 3.43085, 48.32696 ] ] ], [ [ [ 3.52093, 48.23687 ], [ 3.52093, 48.14679 ], [ 3.61102, 48.14679 ], [ 3.61102, 48.23687 ], [ 3.52093, 48.23687 ] ] ], [ [ [ -4.1363, 48.14679 ], [ -4.1363, 48.0567 ], [ -3.77596, 48.0567 ], [ -3.77596, 48.14679 ], [ -4.1363, 48.14679 ] ] ], [ [ [ 3.34076, 48.14679 ], [ 3.34076, 48.0567 ], [ 3.43085, 48.0567 ], [ 3.43085, 48.14679 ], [ 3.34076, 48.14679 ] ] ], [ [ [ 2.89034, 48.0567 ], [ 2.89034, 47.96662 ], [ 2.98042, 47.96662 ], [ 2.98042, 48.0567 ], [ 2.89034, 48.0567 ] ] ], [ [ [ 4.06144, 47.96662 ], [ 4.06144, 47.87653 ], [ 4.15153, 47.87653 ], [ 4.15153, 47.96662 ], [ 4.06144, 47.96662 ] ] ], [ [ [ 4.51187, 47.96662 ], [ 4.51187, 47.87653 ], [ 4.60195, 47.87653 ], [ 4.60195, 47.96662 ], [ 4.51187, 47.96662 ] ] ], [ [ [ 3.07051, 47.96662 ], [ 3.07051, 47.87653 ], [ 2.98042, 47.87653 ], [ 2.98042, 47.78645 ], [ 3.25068, 47.78645 ], [ 3.25068, 47.96662 ], [ 3.07051, 47.96662 ] ] ], [ [ [ 3.61102, 47.87653 ], [ 3.61102, 47.78645 ], [ 3.79119, 47.78645 ], [ 3.79119, 47.87653 ], [ 3.61102, 47.87653 ] ] ], [ [ [ 3.88127, 47.87653 ], [ 3.88127, 47.78645 ], [ 4.06144, 47.78645 ], [ 4.06144, 47.87653 ], [ 3.88127, 47.87653 ] ] ], [ [ [ 6.22348, 47.87653 ], [ 6.22348, 47.78645 ], [ 6.31357, 47.78645 ], [ 6.31357, 47.87653 ], [ 6.22348, 47.87653 ] ] ], [ [ [ 2.89034, 47.78645 ], [ 2.89034, 47.69636 ], [ 2.98042, 47.69636 ], [ 2.98042, 47.78645 ], [ 2.89034, 47.78645 ] ] ], [ [ [ 3.79119, 47.78645 ], [ 3.79119, 47.69636 ], [ 3.88127, 47.69636 ], [ 3.88127, 47.78645 ], [ 3.79119, 47.78645 ] ] ], [ [ [ 3.52093, 47.69636 ], [ 3.52093, 47.60628 ], [ 3.61102, 47.60628 ], [ 3.61102, 47.69636 ], [ 3.52093, 47.69636 ] ] ], [ [ [ 2.71017, 47.60628 ], [ 2.71017, 47.51619 ], [ 2.80025, 47.51619 ], [ 2.80025, 47.60628 ], [ 2.71017, 47.60628 ] ] ], [ [ [ 3.34076, 47.60628 ], [ 3.34076, 47.51619 ], [ 3.43085, 47.51619 ], [ 3.43085, 47.60628 ], [ 3.34076, 47.60628 ] ] ], [ [ [ 3.88127, 47.60628 ], [ 3.88127, 47.51619 ], [ 3.97136, 47.51619 ], [ 3.97136, 47.60628 ], [ 3.88127, 47.60628 ] ] ], [ [ [ 4.06144, 47.60628 ], [ 4.06144, 47.51619 ], [ 4.15153, 47.51619 ], [ 4.15153, 47.60628 ], [ 4.06144, 47.60628 ] ] ], [ [ [ 5.95323, 47.60628 ], [ 5.95323, 47.51619 ], [ 6.04331, 47.51619 ], [ 6.04331, 47.60628 ], [ 5.95323, 47.60628 ] ] ], [ [ [ 2.98042, 47.51619 ], [ 2.98042, 47.42611 ], [ 3.25068, 47.42611 ], [ 3.25068, 47.24594 ], [ 3.34076, 47.24594 ], [ 3.34076, 47.51619 ], [ 2.98042, 47.51619 ] ] ], [ [ [ 2.71017, 47.42611 ], [ 2.71017, 47.24594 ], [ 2.80025, 47.24594 ], [ 2.80025, 47.42611 ], [ 2.71017, 47.42611 ] ] ], [ [ [ 3.61102, 47.42611 ], [ 3.61102, 47.24594 ], [ 3.7011, 47.24594 ], [ 3.7011, 47.42611 ], [ 3.61102, 47.42611 ] ] ], [ [ [ 5.05238, 47.33602 ], [ 5.05238, 47.15585 ], [ 5.14246, 47.15585 ], [ 5.14246, 47.33602 ], [ 5.05238, 47.33602 ] ] ], [ [ [ 3.34076, 47.24594 ], [ 3.34076, 47.15585 ], [ 3.43085, 47.15585 ], [ 3.43085, 47.24594 ], [ 3.34076, 47.24594 ] ] ], [ [ [ 3.07051, 47.24594 ], [ 3.07051, 47.06577 ], [ 3.25068, 47.06577 ], [ 3.25068, 47.24594 ], [ 3.07051, 47.24594 ] ] ], [ [ [ 4.87221, 47.15585 ], [ 4.87221, 47.06577 ], [ 4.96229, 47.06577 ], [ 4.96229, 47.15585 ], [ 4.87221, 47.15585 ] ] ], [ [ [ 3.52093, 47.06577 ], [ 3.52093, 46.97568 ], [ 3.61102, 46.97568 ], [ 3.61102, 47.06577 ], [ 3.52093, 47.06577 ] ] ], [ [ [ 5.32263, 47.60628 ], [ 5.32263, 47.51619 ], [ 5.23255, 47.51619 ], [ 5.23255, 47.42611 ], [ 5.14246, 47.42611 ], [ 5.14246, 47.33602 ], [ 5.32263, 47.33602 ], [ 5.32263, 47.42611 ], [ 5.5028, 47.42611 ], [ 5.5028, 47.24594 ], [ 5.41272, 47.24594 ], [ 5.41272, 47.15585 ], [ 5.5028, 47.15585 ], [ 5.5028, 46.8856 ], [ 5.86314, 46.8856 ], [ 5.86314, 47.06577 ], [ 5.68297, 47.06577 ], [ 5.68297, 47.33602 ], [ 5.77306, 47.33602 ], [ 5.77306, 47.51619 ], [ 5.86314, 47.51619 ], [ 5.86314, 47.60628 ], [ 5.59289, 47.60628 ], [ 5.59289, 47.51619 ], [ 5.41272, 47.51619 ], [ 5.41272, 47.60628 ], [ 5.32263, 47.60628 ] ] ], [ [ [ 3.34076, 47.06577 ], [ 3.34076, 46.8856 ], [ 3.43085, 46.8856 ], [ 3.43085, 47.06577 ], [ 3.34076, 47.06577 ] ] ], [ [ [ 4.96229, 46.97568 ], [ 4.96229, 46.8856 ], [ 5.14246, 46.8856 ], [ 5.14246, 46.97568 ], [ 4.96229, 46.97568 ] ] ], [ [ [ 3.61102, 46.8856 ], [ 3.61102, 46.79551 ], [ 3.7011, 46.79551 ], [ 3.7011, 46.8856 ], [ 3.61102, 46.8856 ] ] ], [ [ [ 5.41272, 46.8856 ], [ 5.41272, 46.79551 ], [ 5.5028, 46.79551 ], [ 5.5028, 46.8856 ], [ 5.41272, 46.8856 ] ] ], [ [ [ 3.25068, 46.79551 ], [ 3.25068, 46.70543 ], [ 3.34076, 46.70543 ], [ 3.34076, 46.79551 ], [ 3.25068, 46.79551 ] ] ], [ [ [ 4.78212, 47.06577 ], [ 4.78212, 46.97568 ], [ 4.69204, 46.97568 ], [ 4.69204, 46.61534 ], [ 4.96229, 46.61534 ], [ 4.96229, 46.8856 ], [ 4.87221, 46.8856 ], [ 4.87221, 47.06577 ], [ 4.78212, 47.06577 ] ], [ [ 4.78212, 46.8856 ], [ 4.87221, 46.8856 ], [ 4.87221, 46.70543 ], [ 4.78212, 46.70543 ], [ 4.78212, 46.8856 ] ] ], [ [ [ 4.15153, 46.70543 ], [ 4.15153, 46.61534 ], [ 4.24161, 46.61534 ], [ 4.24161, 46.70543 ], [ 4.15153, 46.70543 ] ] ], [ [ [ 2.16966, 46.61534 ], [ 2.16966, 46.52526 ], [ 2.25974, 46.52526 ], [ 2.25974, 46.61534 ], [ 2.16966, 46.61534 ] ] ], [ [ [ 3.07051, 46.61534 ], [ 3.07051, 46.52526 ], [ 3.25068, 46.52526 ], [ 3.25068, 46.61534 ], [ 3.07051, 46.61534 ] ] ], [ [ [ 3.34076, 46.61534 ], [ 3.34076, 46.52526 ], [ 3.43085, 46.52526 ], [ 3.43085, 46.61534 ], [ 3.34076, 46.61534 ] ] ], [ [ [ 4.42178, 46.61534 ], [ 4.42178, 46.52526 ], [ 4.69204, 46.52526 ], [ 4.69204, 46.61534 ], [ 4.42178, 46.61534 ] ] ], [ [ [ 2.80025, 46.70543 ], [ 2.80025, 46.61534 ], [ 2.62008, 46.61534 ], [ 2.62008, 46.43517 ], [ 2.71017, 46.43517 ], [ 2.71017, 46.52526 ], [ 2.89034, 46.52526 ], [ 2.89034, 46.70543 ], [ 2.80025, 46.70543 ] ] ], [ [ [ 6.31357, 46.52526 ], [ 6.31357, 46.43517 ], [ 6.40365, 46.43517 ], [ 6.40365, 46.52526 ], [ 6.31357, 46.52526 ] ] ], [ [ [ 2.34983, 46.52526 ], [ 2.34983, 46.34509 ], [ 2.43991, 46.34509 ], [ 2.43991, 46.52526 ], [ 2.34983, 46.52526 ] ] ], [ [ [ 3.79119, 46.61534 ], [ 3.79119, 46.52526 ], [ 3.52093, 46.52526 ], [ 3.52093, 46.43517 ], [ 3.7011, 46.43517 ], [ 3.7011, 46.34509 ], [ 4.15153, 46.34509 ], [ 4.15153, 46.61534 ], [ 3.79119, 46.61534 ] ], [ [ 3.79119, 46.52526 ], [ 3.97136, 46.52526 ], [ 3.97136, 46.43517 ], [ 3.79119, 46.43517 ], [ 3.79119, 46.52526 ] ] ], [ [ [ 4.69204, 46.52526 ], [ 4.69204, 46.34509 ], [ 4.78212, 46.34509 ], [ 4.78212, 46.52526 ], [ 4.69204, 46.52526 ] ] ], [ [ [ 2.71017, 46.43517 ], [ 2.71017, 46.34509 ], [ 2.80025, 46.34509 ], [ 2.80025, 46.43517 ], [ 2.71017, 46.43517 ] ] ], [ [ [ 6.1334, 46.43517 ], [ 6.1334, 46.34509 ], [ 6.22348, 46.34509 ], [ 6.22348, 46.43517 ], [ 6.1334, 46.43517 ] ] ], [ [ [ 1.35889, 46.43517 ], [ 1.35889, 46.255 ], [ 1.44897, 46.255 ], [ 1.44897, 46.43517 ], [ 1.35889, 46.43517 ] ] ], [ [ [ 1.53906, 46.34509 ], [ 1.53906, 46.255 ], [ 1.62914, 46.255 ], [ 1.62914, 46.34509 ], [ 1.53906, 46.34509 ] ] ], [ [ [ 1.71923, 46.34509 ], [ 1.71923, 46.255 ], [ 1.8994, 46.255 ], [ 1.8994, 46.34509 ], [ 1.71923, 46.34509 ] ] ], [ [ [ 6.22348, 46.34509 ], [ 6.22348, 46.255 ], [ 6.31357, 46.255 ], [ 6.31357, 46.34509 ], [ 6.22348, 46.34509 ] ] ], [ [ [ 6.85408, 46.34509 ], [ 6.85408, 46.255 ], [ 6.94417, 46.255 ], [ 6.94417, 46.34509 ], [ 6.85408, 46.34509 ] ] ], [ [ [ 1.8994, 46.255 ], [ 1.8994, 46.16492 ], [ 1.98948, 46.16492 ], [ 1.98948, 46.255 ], [ 1.8994, 46.255 ] ] ], [ [ [ 2.98042, 46.255 ], [ 2.98042, 46.16492 ], [ 3.07051, 46.16492 ], [ 3.07051, 46.255 ], [ 2.98042, 46.255 ] ] ], [ [ [ 3.79119, 46.255 ], [ 3.79119, 46.16492 ], [ 3.97136, 46.16492 ], [ 3.97136, 46.255 ], [ 3.79119, 46.255 ] ] ], [ [ [ 6.1334, 46.255 ], [ 6.1334, 46.16492 ], [ 6.22348, 46.16492 ], [ 6.22348, 46.255 ], [ 6.1334, 46.255 ] ] ], [ [ [ 1.2688, 46.255 ], [ 1.2688, 46.07483 ], [ 1.35889, 46.07483 ], [ 1.35889, 46.255 ], [ 1.2688, 46.255 ] ] ], [ [ [ 1.44897, 46.16492 ], [ 1.44897, 46.07483 ], [ 1.53906, 46.07483 ], [ 1.53906, 46.16492 ], [ 1.44897, 46.16492 ] ] ], [ [ [ 5.95323, 46.16492 ], [ 5.95323, 46.07483 ], [ 6.1334, 46.07483 ], [ 6.1334, 46.16492 ], [ 5.95323, 46.16492 ] ] ], [ [ [ 4.06144, 46.255 ], [ 4.06144, 46.07483 ], [ 4.15153, 46.07483 ], [ 4.15153, 45.98475 ], [ 4.24161, 45.98475 ], [ 4.24161, 46.255 ], [ 4.06144, 46.255 ] ] ], [ [ [ 0.81838, 46.07483 ], [ 0.81838, 45.98475 ], [ 0.90846, 45.98475 ], [ 0.90846, 46.07483 ], [ 0.81838, 46.07483 ] ] ], [ [ [ 3.97136, 46.07483 ], [ 3.97136, 45.98475 ], [ 4.06144, 45.98475 ], [ 4.06144, 46.07483 ], [ 3.97136, 46.07483 ] ] ], [ [ [ 5.32263, 46.43517 ], [ 5.32263, 46.255 ], [ 4.96229, 46.255 ], [ 4.96229, 46.16492 ], [ 4.78212, 46.16492 ], [ 4.78212, 45.89466 ], [ 5.14246, 45.89466 ], [ 5.14246, 46.07483 ], [ 5.32263, 46.07483 ], [ 5.32263, 46.16492 ], [ 5.41272, 46.16492 ], [ 5.41272, 46.43517 ], [ 5.32263, 46.43517 ] ] ], [ [ [ 1.17872, 45.98475 ], [ 1.17872, 45.89466 ], [ 1.35889, 45.89466 ], [ 1.35889, 45.98475 ], [ 1.17872, 45.98475 ] ] ], [ [ [ 3.43085, 45.98475 ], [ 3.43085, 45.89466 ], [ 3.52093, 45.89466 ], [ 3.52093, 45.98475 ], [ 3.43085, 45.98475 ] ] ], [ [ [ 5.23255, 45.98475 ], [ 5.23255, 45.89466 ], [ 5.41272, 45.89466 ], [ 5.41272, 45.98475 ], [ 5.23255, 45.98475 ] ] ], [ [ [ 3.97136, 45.89466 ], [ 3.97136, 45.80458 ], [ 4.06144, 45.80458 ], [ 4.06144, 45.89466 ], [ 3.97136, 45.89466 ] ] ], [ [ [ 4.51187, 45.98475 ], [ 4.51187, 45.89466 ], [ 4.42178, 45.89466 ], [ 4.42178, 45.80458 ], [ 4.69204, 45.80458 ], [ 4.69204, 45.98475 ], [ 4.51187, 45.98475 ] ] ], [ [ [ 5.86314, 45.89466 ], [ 5.86314, 45.80458 ], [ 5.95323, 45.80458 ], [ 5.95323, 45.89466 ], [ 5.86314, 45.89466 ] ] ], [ [ [ 3.25068, 45.80458 ], [ 3.25068, 45.71449 ], [ 3.34076, 45.71449 ], [ 3.34076, 45.80458 ], [ 3.25068, 45.80458 ] ] ], [ [ [ 5.68297, 45.80458 ], [ 5.68297, 45.71449 ], [ 5.86314, 45.71449 ], [ 5.86314, 45.80458 ], [ 5.68297, 45.80458 ] ] ], [ [ [ 1.08863, 45.71449 ], [ 1.08863, 45.62441 ], [ 1.17872, 45.62441 ], [ 1.17872, 45.71449 ], [ 1.08863, 45.71449 ] ] ], [ [ [ 5.23255, 45.71449 ], [ 5.23255, 45.62441 ], [ 5.5028, 45.62441 ], [ 5.5028, 45.71449 ], [ 5.23255, 45.71449 ] ] ], [ [ [ 5.59289, 45.71449 ], [ 5.59289, 45.62441 ], [ 5.68297, 45.62441 ], [ 5.68297, 45.71449 ], [ 5.59289, 45.71449 ] ] ], [ [ [ 1.35889, 45.89466 ], [ 1.35889, 45.62441 ], [ 1.2688, 45.62441 ], [ 1.2688, 45.53432 ], [ 1.44897, 45.53432 ], [ 1.44897, 45.62441 ], [ 1.53906, 45.62441 ], [ 1.53906, 45.80458 ], [ 1.44897, 45.80458 ], [ 1.44897, 45.89466 ], [ 1.35889, 45.89466 ] ] ], [ [ [ 1.53906, 45.62441 ], [ 1.53906, 45.53432 ], [ 1.80931, 45.53432 ], [ 1.80931, 45.62441 ], [ 1.53906, 45.62441 ] ] ], [ [ [ 3.07051, 45.62441 ], [ 3.07051, 45.53432 ], [ 3.16059, 45.53432 ], [ 3.16059, 45.62441 ], [ 3.07051, 45.62441 ] ] ], [ [ [ 4.06144, 45.62441 ], [ 4.06144, 45.53432 ], [ 4.15153, 45.53432 ], [ 4.15153, 45.62441 ], [ 4.06144, 45.62441 ] ] ], [ [ [ 4.96229, 45.62441 ], [ 4.96229, 45.53432 ], [ 5.05238, 45.53432 ], [ 5.05238, 45.62441 ], [ 4.96229, 45.62441 ] ] ], [ [ [ 5.77306, 45.62441 ], [ 5.77306, 45.53432 ], [ 5.86314, 45.53432 ], [ 5.86314, 45.62441 ], [ 5.77306, 45.62441 ] ] ], [ [ [ 4.87221, 45.53432 ], [ 4.87221, 45.44424 ], [ 4.96229, 45.44424 ], [ 4.96229, 45.53432 ], [ 4.87221, 45.53432 ] ] ], [ [ [ 5.86314, 45.53432 ], [ 5.86314, 45.44424 ], [ 5.95323, 45.44424 ], [ 5.95323, 45.53432 ], [ 5.86314, 45.53432 ] ] ], [ [ [ 1.80931, 45.44424 ], [ 1.80931, 45.35415 ], [ 1.8994, 45.35415 ], [ 1.8994, 45.44424 ], [ 1.80931, 45.44424 ] ] ], [ [ [ 4.15153, 45.44424 ], [ 4.15153, 45.35415 ], [ 4.24161, 45.35415 ], [ 4.24161, 45.44424 ], [ 4.15153, 45.44424 ] ] ], [ [ [ 5.05238, 45.44424 ], [ 5.05238, 45.35415 ], [ 5.14246, 45.35415 ], [ 5.14246, 45.44424 ], [ 5.05238, 45.44424 ] ] ], [ [ [ 2.25974, 45.44424 ], [ 2.25974, 45.35415 ], [ 2.07957, 45.35415 ], [ 2.07957, 45.26407 ], [ 2.34983, 45.26407 ], [ 2.34983, 45.35415 ], [ 2.53, 45.35415 ], [ 2.53, 45.44424 ], [ 2.25974, 45.44424 ] ] ], [ [ [ 3.07051, 45.35415 ], [ 3.07051, 45.26407 ], [ 3.34076, 45.26407 ], [ 3.34076, 45.35415 ], [ 3.07051, 45.35415 ] ] ], [ [ [ 4.60195, 45.35415 ], [ 4.60195, 45.26407 ], [ 4.69204, 45.26407 ], [ 4.69204, 45.35415 ], [ 4.60195, 45.35415 ] ] ], [ [ [ 5.32263, 45.35415 ], [ 5.32263, 45.26407 ], [ 5.41272, 45.26407 ], [ 5.41272, 45.35415 ], [ 5.32263, 45.35415 ] ] ], [ [ [ 5.86314, 45.35415 ], [ 5.86314, 45.26407 ], [ 5.95323, 45.26407 ], [ 5.95323, 45.35415 ], [ 5.86314, 45.35415 ] ] ], [ [ [ 4.96229, 45.35415 ], [ 4.96229, 45.17398 ], [ 5.05238, 45.17398 ], [ 5.05238, 45.35415 ], [ 4.96229, 45.35415 ] ] ], [ [ [ 1.80931, 45.26407 ], [ 1.80931, 45.17398 ], [ 1.8994, 45.17398 ], [ 1.8994, 45.26407 ], [ 1.80931, 45.26407 ] ] ], [ [ [ 3.43085, 45.26407 ], [ 3.43085, 45.17398 ], [ 3.52093, 45.17398 ], [ 3.52093, 45.26407 ], [ 3.43085, 45.26407 ] ] ], [ [ [ 5.59289, 45.26407 ], [ 5.59289, 45.17398 ], [ 5.68297, 45.17398 ], [ 5.68297, 45.26407 ], [ 5.59289, 45.26407 ] ] ], [ [ [ 1.98948, 45.26407 ], [ 1.98948, 45.0839 ], [ 2.16966, 45.0839 ], [ 2.16966, 45.17398 ], [ 2.07957, 45.17398 ], [ 2.07957, 45.26407 ], [ 1.98948, 45.26407 ] ] ], [ [ [ 5.23255, 45.26407 ], [ 5.23255, 45.0839 ], [ 5.32263, 45.0839 ], [ 5.32263, 45.26407 ], [ 5.23255, 45.26407 ] ] ], [ [ [ 1.8994, 45.0839 ], [ 1.8994, 44.99381 ], [ 1.98948, 44.99381 ], [ 1.98948, 45.0839 ], [ 1.8994, 45.0839 ] ] ], [ [ [ 5.05238, 45.0839 ], [ 5.05238, 44.99381 ], [ 5.14246, 44.99381 ], [ 5.14246, 45.0839 ], [ 5.05238, 45.0839 ] ] ], [ [ [ 2.07957, 44.99381 ], [ 2.07957, 44.90373 ], [ 2.25974, 44.90373 ], [ 2.25974, 44.99381 ], [ 2.07957, 44.99381 ] ] ], [ [ [ 1.8994, 44.90373 ], [ 1.8994, 44.81364 ], [ 1.98948, 44.81364 ], [ 1.98948, 44.90373 ], [ 1.8994, 44.90373 ] ] ], [ [ [ 2.25974, 44.81364 ], [ 2.25974, 44.72356 ], [ 2.34983, 44.72356 ], [ 2.34983, 44.81364 ], [ 2.25974, 44.81364 ] ] ], [ [ [ 4.3317, 44.81364 ], [ 4.3317, 44.72356 ], [ 4.42178, 44.72356 ], [ 4.42178, 44.81364 ], [ 4.3317, 44.81364 ] ] ], [ [ [ 2.62008, 44.63347 ], [ 2.62008, 44.54339 ], [ 2.71017, 44.54339 ], [ 2.71017, 44.63347 ], [ 2.62008, 44.63347 ] ] ], [ [ [ 3.07051, 44.54339 ], [ 3.07051, 44.4533 ], [ 3.16059, 44.4533 ], [ 3.16059, 44.54339 ], [ 3.07051, 44.54339 ] ] ], [ [ [ 3.97136, 44.54339 ], [ 3.97136, 44.4533 ], [ 4.15153, 44.4533 ], [ 4.15153, 44.54339 ], [ 3.97136, 44.54339 ] ] ], [ [ [ 6.22348, 44.54339 ], [ 6.22348, 44.4533 ], [ 6.31357, 44.4533 ], [ 6.31357, 44.54339 ], [ 6.22348, 44.54339 ] ] ], [ [ [ 2.07957, 44.4533 ], [ 2.07957, 44.36322 ], [ 2.16966, 44.36322 ], [ 2.16966, 44.4533 ], [ 2.07957, 44.4533 ] ] ], [ [ [ 5.23255, 44.4533 ], [ 5.23255, 44.36322 ], [ 5.32263, 44.36322 ], [ 5.32263, 44.4533 ], [ 5.23255, 44.4533 ] ] ], [ [ [ 5.95323, 44.4533 ], [ 5.95323, 44.36322 ], [ 6.04331, 44.36322 ], [ 6.04331, 44.4533 ], [ 5.95323, 44.4533 ] ] ], [ [ [ 5.14246, 44.27313 ], [ 5.14246, 44.18305 ], [ 5.23255, 44.18305 ], [ 5.23255, 44.27313 ], [ 5.14246, 44.27313 ] ] ], [ [ [ 3.61102, 44.27313 ], [ 3.61102, 44.09296 ], [ 3.7011, 44.09296 ], [ 3.7011, 44.27313 ], [ 3.61102, 44.27313 ] ] ], [ [ [ 2.71017, 44.18305 ], [ 2.71017, 44.09296 ], [ 2.80025, 44.09296 ], [ 2.80025, 44.18305 ], [ 2.71017, 44.18305 ] ] ], [ [ [ 2.89034, 44.18305 ], [ 2.89034, 44.09296 ], [ 2.98042, 44.09296 ], [ 2.98042, 44.18305 ], [ 2.89034, 44.18305 ] ] ], [ [ [ 5.77306, 44.18305 ], [ 5.77306, 44.09296 ], [ 5.86314, 44.09296 ], [ 5.86314, 44.18305 ], [ 5.77306, 44.18305 ] ] ], [ [ [ 2.25974, 44.09296 ], [ 2.25974, 44.00288 ], [ 2.43991, 44.00288 ], [ 2.43991, 44.09296 ], [ 2.25974, 44.09296 ] ] ], [ [ [ 3.52093, 44.09296 ], [ 3.52093, 43.91279 ], [ 3.61102, 43.91279 ], [ 3.61102, 44.09296 ], [ 3.52093, 44.09296 ] ] ], [ [ [ 2.43991, 44.00288 ], [ 2.43991, 43.91279 ], [ 2.53, 43.91279 ], [ 2.53, 44.00288 ], [ 2.43991, 44.00288 ] ] ], [ [ [ 7.48468, 44.00288 ], [ 7.48468, 43.91279 ], [ 7.57476, 43.91279 ], [ 7.57476, 44.00288 ], [ 7.48468, 44.00288 ] ] ], [ [ [ 2.43991, 43.82271 ], [ 2.43991, 43.73262 ], [ 2.53, 43.73262 ], [ 2.53, 43.82271 ], [ 2.43991, 43.82271 ] ] ], [ [ [ 2.98042, 43.82271 ], [ 2.98042, 43.73262 ], [ 3.07051, 43.73262 ], [ 3.07051, 43.82271 ], [ 2.98042, 43.82271 ] ] ], [ [ [ 6.22348, 43.82271 ], [ 6.22348, 43.73262 ], [ 6.31357, 43.73262 ], [ 6.31357, 43.82271 ], [ 6.22348, 43.82271 ] ] ], [ [ [ 2.34983, 43.73262 ], [ 2.34983, 43.64253 ], [ 2.43991, 43.64253 ], [ 2.43991, 43.73262 ], [ 2.34983, 43.73262 ] ] ], [ [ [ 6.76399, 43.73262 ], [ 6.76399, 43.64253 ], [ 6.85408, 43.64253 ], [ 6.85408, 43.73262 ], [ 6.76399, 43.73262 ] ] ], [ [ [ 6.1334, 43.64253 ], [ 6.1334, 43.55245 ], [ 6.31357, 43.55245 ], [ 6.31357, 43.64253 ], [ 6.1334, 43.64253 ] ] ], [ [ [ 6.40365, 43.64253 ], [ 6.40365, 43.55245 ], [ 6.58382, 43.55245 ], [ 6.58382, 43.64253 ], [ 6.40365, 43.64253 ] ] ], [ [ [ 2.07957, 43.46236 ], [ 2.07957, 43.37228 ], [ 2.16966, 43.37228 ], [ 2.16966, 43.46236 ], [ 2.07957, 43.46236 ] ] ], [ [ [ 2.34983, 43.46236 ], [ 2.34983, 43.37228 ], [ 2.43991, 43.37228 ], [ 2.43991, 43.46236 ], [ 2.34983, 43.46236 ] ] ], [ [ [ 5.86314, 43.28219 ], [ 5.86314, 43.19211 ], [ 5.95323, 43.19211 ], [ 5.95323, 43.28219 ], [ 5.86314, 43.28219 ] ] ], [ [ [ -1.52383, 43.19211 ], [ -1.52383, 43.10202 ], [ -1.43375, 43.10202 ], [ -1.43375, 43.19211 ], [ -1.52383, 43.19211 ] ] ], [ [ [ -1.16349, 43.19211 ], [ -1.16349, 43.10202 ], [ -1.07341, 43.10202 ], [ -1.07341, 43.19211 ], [ -1.16349, 43.19211 ] ] ], [ [ [ -1.25358, 43.10202 ], [ -1.25358, 43.01194 ], [ -1.16349, 43.01194 ], [ -1.16349, 43.10202 ], [ -1.25358, 43.10202 ] ] ], [ [ [ 0.18778, 43.10202 ], [ 0.18778, 43.01194 ], [ 0.27787, 43.01194 ], [ 0.27787, 43.10202 ], [ 0.18778, 43.10202 ] ] ], [ [ [ 1.8994, 43.10202 ], [ 1.8994, 43.01194 ], [ 1.98948, 43.01194 ], [ 1.98948, 43.10202 ], [ 1.8994, 43.10202 ] ] ], [ [ [ -0.17256, 43.10202 ], [ -0.17256, 42.92185 ], [ -0.08247, 42.92185 ], [ -0.08247, 43.10202 ], [ -0.17256, 43.10202 ] ] ], [ [ [ 0.72829, 43.01194 ], [ 0.72829, 42.92185 ], [ 0.81838, 42.92185 ], [ 0.81838, 43.01194 ], [ 0.72829, 43.01194 ] ] ], [ [ [ 1.62914, 43.01194 ], [ 1.62914, 42.92185 ], [ 1.71923, 42.92185 ], [ 1.71923, 43.01194 ], [ 1.62914, 43.01194 ] ] ], [ [ [ 1.17872, 42.92185 ], [ 1.17872, 42.83177 ], [ 1.2688, 42.83177 ], [ 1.2688, 42.92185 ], [ 1.17872, 42.92185 ] ] ], [ [ [ 2.25974, 42.92185 ], [ 2.25974, 42.83177 ], [ 2.34983, 42.83177 ], [ 2.34983, 42.92185 ], [ 2.25974, 42.92185 ] ] ], [ [ [ 2.43991, 42.92185 ], [ 2.43991, 42.83177 ], [ 2.53, 42.83177 ], [ 2.53, 42.92185 ], [ 2.43991, 42.92185 ] ] ], [ [ [ 8.92604, 42.6516 ], [ 8.92604, 42.56151 ], [ 9.01612, 42.56151 ], [ 9.01612, 42.6516 ], [ 8.92604, 42.6516 ] ] ], [ [ [ 2.62008, 42.47143 ], [ 2.62008, 42.38134 ], [ 2.71017, 42.38134 ], [ 2.71017, 42.47143 ], [ 2.62008, 42.47143 ] ] ], [ [ [ 8.74587, 42.38134 ], [ 8.74587, 42.29126 ], [ 8.83595, 42.29126 ], [ 8.83595, 42.38134 ], [ 8.74587, 42.38134 ] ] ] ] } },
{ "type": "Feature", "properties": { "date_envol": "11/04/2026", "date_iso": "2026-04-11", "semaine": 15, "date_calcul": "2026-07-22", "annee": 2026, "espece": "Pityogenes chalcographus", "modele": "CHAPY", "seuil_vol": 15.6 }, "geometry": { "type": "MultiPolygon", "coordinates": [ [ [ [ 2.89034, 51.1196 ], [ 2.89034, 50.93943 ], [ 3.25068, 50.93943 ], [ 3.25068, 51.02951 ], [ 2.98042, 51.02951 ], [ 2.98042, 51.1196 ], [ 2.89034, 51.1196 ] ] ], [ [ [ 2.89034, 50.84934 ], [ 2.89034, 50.57909 ], [ 3.34076, 50.57909 ], [ 3.34076, 50.66917 ], [ 3.25068, 50.66917 ], [ 3.25068, 50.75926 ], [ 2.98042, 50.75926 ], [ 2.98042, 50.84934 ], [ 2.89034, 50.84934 ] ] ], [ [ [ 3.25068, 50.489 ], [ 3.25068, 50.39892 ], [ 2.98042, 50.39892 ], [ 2.98042, 50.30883 ], [ 3.34076, 50.30883 ], [ 3.34076, 50.489 ], [ 3.25068, 50.489 ] ] ], [ [ [ 3.25068, 49.58815 ], [ 3.25068, 49.49807 ], [ 3.34076, 49.49807 ], [ 3.34076, 49.58815 ], [ 3.25068, 49.58815 ] ] ], [ [ [ 3.43085, 49.67824 ], [ 3.43085, 49.58815 ], [ 3.52093, 49.58815 ], [ 3.52093, 49.49807 ], [ 3.79119, 49.49807 ], [ 3.79119, 49.40798 ], [ 3.07051, 49.40798 ], [ 3.07051, 49.3179 ], [ 3.52093, 49.3179 ], [ 3.52093, 49.22781 ], [ 3.7011, 49.22781 ], [ 3.7011, 49.04764 ], [ 3.88127, 49.04764 ], [ 3.88127, 49.13773 ], [ 4.06144, 49.13773 ], [ 4.06144, 49.22781 ], [ 4.3317, 49.22781 ], [ 4.3317, 49.3179 ], [ 4.24161, 49.3179 ], [ 4.24161, 49.40798 ], [ 3.97136, 49.40798 ], [ 3.97136, 49.58815 ], [ 3.79119, 49.58815 ], [ 3.79119, 49.67824 ], [ 3.43085, 49.67824 ] ] ], [ [ [ 3.88127, 49.04764 ], [ 3.88127, 48.95756 ], [ 3.97136, 48.95756 ], [ 3.97136, 49.04764 ], [ 3.88127, 49.04764 ] ] ], [ [ [ 4.96229, 48.95756 ], [ 4.96229, 48.86747 ], [ 4.87221, 48.86747 ], [ 4.87221, 48.77739 ], [ 5.05238, 48.77739 ], [ 5.05238, 48.95756 ], [ 4.96229, 48.95756 ] ] ], [ [ [ 8.11527, 48.95756 ], [ 8.11527, 48.86747 ], [ 8.02519, 48.86747 ], [ 8.02519, 48.77739 ], [ 7.9351, 48.77739 ], [ 7.9351, 48.6873 ], [ 8.11527, 48.6873 ], [ 8.11527, 48.77739 ], [ 8.20536, 48.77739 ], [ 8.20536, 48.86747 ], [ 8.38553, 48.86747 ], [ 8.38553, 48.95756 ], [ 8.11527, 48.95756 ] ] ], [ [ [ 3.61102, 48.59722 ], [ 3.61102, 48.50713 ], [ 3.79119, 48.50713 ], [ 3.79119, 48.59722 ], [ 3.61102, 48.59722 ] ] ], [ [ [ 4.69204, 48.23687 ], [ 4.69204, 48.14679 ], [ 4.87221, 48.14679 ], [ 4.87221, 48.23687 ], [ 4.69204, 48.23687 ] ] ], [ [ [ 3.43085, 48.14679 ], [ 3.43085, 48.0567 ], [ 3.52093, 48.0567 ], [ 3.52093, 48.14679 ], [ 3.43085, 48.14679 ] ] ], [ [ [ 4.51187, 48.0567 ], [ 4.51187, 47.96662 ], [ 4.60195, 47.96662 ], [ 4.60195, 47.87653 ], [ 4.69204, 47.87653 ], [ 4.69204, 47.96662 ], [ 4.78212, 47.96662 ], [ 4.78212, 48.0567 ], [ 4.51187, 48.0567 ] ] ], [ [ [ 3.79119, 47.96662 ], [ 3.79119, 47.87653 ], [ 3.97136, 47.87653 ], [ 3.97136, 47.96662 ], [ 3.79119, 47.96662 ] ] ], [ [ [ 4.06144, 49.13773 ], [ 4.06144, 49.04764 ], [ 4.24161, 49.04764 ], [ 4.24161, 48.95756 ], [ 3.97136, 48.95756 ], [ 3.97136, 48.77739 ], [ 3.79119, 48.77739 ], [ 3.79119, 48.59722 ], [ 3.97136, 48.59722 ], [ 3.97136, 48.50713 ], [ 4.06144, 48.50713 ], [ 4.06144, 48.41705 ], [ 3.61102, 48.41705 ], [ 3.61102, 48.50713 ], [ 3.52093, 48.50713 ], [ 3.52093, 48.59722 ], [ 3.43085, 48.59722 ], [ 3.43085, 48.6873 ], [ 3.07051, 48.6873 ], [ 3.07051, 48.50713 ], [ 3.34076, 48.50713 ], [ 3.34076, 48.41705 ], [ 3.43085, 48.41705 ], [ 3.43085, 48.32696 ], [ 3.97136, 48.32696 ], [ 3.97136, 48.23687 ], [ 4.06144, 48.23687 ], [ 4.06144, 48.14679 ], [ 3.88127, 48.14679 ], [ 3.88127, 48.0567 ], [ 4.15153, 48.0567 ], [ 4.15153, 48.14679 ], [ 4.3317, 48.14679 ], [ 4.3317, 47.96662 ], [ 4.15153, 47.96662 ], [ 4.15153, 47.78645 ], [ 4.51187, 47.78645 ], [ 4.51187, 47.96662 ], [ 4.42178, 47.96662 ], [ 4.42178, 48.0567 ], [ 4.51187, 48.0567 ], [ 4.51187, 48.23687 ], [ 4.60195, 48.23687 ], [ 4.60195, 48.32696 ], [ 4.69204, 48.32696 ], [ 4.69204, 48.41705 ], [ 4.87221, 48.41705 ], [ 4.87221, 48.50713 ], [ 4.60195, 48.50713 ], [ 4.60195, 48.59722 ], [ 4.96229, 48.59722 ], [ 4.96229, 48.6873 ], [ 4.78212, 48.6873 ], [ 4.78212, 48.77739 ], [ 4.51187, 48.77739 ], [ 4.51187, 49.04764 ], [ 4.42178, 49.04764 ], [ 4.42178, 49.13773 ], [ 4.06144, 49.13773 ] ], [ [ 4.06144, 48.77739 ], [ 4.51187, 48.77739 ], [ 4.51187, 48.59722 ], [ 4.42178, 48.59722 ], [ 4.42178, 48.50713 ], [ 4.3317, 48.50713 ], [ 4.3317, 48.59722 ], [ 4.15153, 48.59722 ], [ 4.15153, 48.6873 ], [ 4.06144, 48.6873 ], [ 4.06144, 48.77739 ] ], [ [ 4.06144, 48.41705 ], [ 4.3317, 48.41705 ], [ 4.3317, 48.32696 ], [ 4.06144, 48.32696 ], [ 4.06144, 48.41705 ] ], [ [ 4.42178, 48.41705 ], [ 4.51187, 48.41705 ], [ 4.51187, 48.32696 ], [ 4.42178, 48.32696 ], [ 4.42178, 48.41705 ] ] ], [ [ [ 3.34076, 47.87653 ], [ 3.34076, 47.78645 ], [ 3.52093, 47.78645 ], [ 3.52093, 47.87653 ], [ 3.34076, 47.87653 ] ] ], [ [ [ 5.86314, 47.87653 ], [ 5.86314, 47.78645 ], [ 5.95323, 47.78645 ], [ 5.95323, 47.87653 ], [ 5.86314, 47.87653 ] ] ], [ [ [ 7.57476, 48.6873 ], [ 7.57476, 48.59722 ], [ 7.66485, 48.59722 ], [ 7.66485, 48.50713 ], [ 7.57476, 48.50713 ], [ 7.57476, 48.41705 ], [ 7.39459, 48.41705 ], [ 7.39459, 48.14679 ], [ 7.30451, 48.14679 ], [ 7.30451, 47.69636 ], [ 7.57476, 47.69636 ], [ 7.57476, 47.78645 ], [ 7.66485, 47.78645 ], [ 7.66485, 47.87653 ], [ 7.75493, 47.87653 ], [ 7.75493, 47.96662 ], [ 7.9351, 47.96662 ], [ 7.9351, 48.14679 ], [ 7.84502, 48.14679 ], [ 7.84502, 48.32696 ], [ 7.9351, 48.32696 ], [ 7.9351, 48.41705 ], [ 8.02519, 48.41705 ], [ 8.02519, 48.50713 ], [ 7.84502, 48.50713 ], [ 7.84502, 48.6873 ], [ 7.57476, 48.6873 ] ] ], [ [ [ 3.52093, 47.78645 ], [ 3.52093, 47.69636 ], [ 3.61102, 47.69636 ], [ 3.61102, 47.78645 ], [ 3.52093, 47.78645 ] ] ], [ [ [ 4.06144, 47.78645 ], [ 4.06144, 47.69636 ], [ 4.15153, 47.69636 ], [ 4.15153, 47.78645 ], [ 4.06144, 47.78645 ] ] ], [ [ [ 3.43085, 47.69636 ], [ 3.43085, 47.60628 ], [ 3.52093, 47.60628 ], [ 3.52093, 47.69636 ], [ 3.43085, 47.69636 ] ] ], [ [ [ 5.77306, 47.69636 ], [ 5.77306, 47.60628 ], [ 5.86314, 47.60628 ], [ 5.86314, 47.69636 ], [ 5.77306, 47.69636 ] ] ], [ [ [ 3.88127, 47.69636 ], [ 3.88127, 47.60628 ], [ 3.97136, 47.60628 ], [ 3.97136, 47.51619 ], [ 4.06144, 47.51619 ], [ 4.06144, 47.69636 ], [ 3.88127, 47.69636 ] ] ], [ [ [ 4.15153, 47.60628 ], [ 4.15153, 47.51619 ], [ 4.42178, 47.51619 ], [ 4.42178, 47.60628 ], [ 4.15153, 47.60628 ] ] ], [ [ [ 4.51187, 47.60628 ], [ 4.51187, 47.51619 ], [ 4.60195, 47.51619 ], [ 4.60195, 47.60628 ], [ 4.51187, 47.60628 ] ] ], [ [ [ 5.41272, 47.60628 ], [ 5.41272, 47.51619 ], [ 5.59289, 47.51619 ], [ 5.59289, 47.60628 ], [ 5.41272, 47.60628 ] ] ], [ [ [ 5.14246, 47.60628 ], [ 5.14246, 47.42611 ], [ 5.23255, 47.42611 ], [ 5.23255, 47.51619 ], [ 5.32263, 47.51619 ], [ 5.32263, 47.60628 ], [ 5.14246, 47.60628 ] ] ], [ [ [ 3.34076, 47.51619 ], [ 3.34076, 47.42611 ], [ 3.43085, 47.42611 ], [ 3.43085, 47.51619 ], [ 3.34076, 47.51619 ] ] ], [ [ [ 3.61102, 47.51619 ], [ 3.61102, 47.42611 ], [ 3.7011, 47.42611 ], [ 3.7011, 47.51619 ], [ 3.61102, 47.51619 ] ] ], [ [ [ 6.49374, 47.51619 ], [ 6.49374, 47.42611 ], [ 6.58382, 47.42611 ], [ 6.58382, 47.51619 ], [ 6.49374, 47.51619 ] ] ], [ [ [ 3.88127, 47.51619 ], [ 3.88127, 47.33602 ], [ 3.97136, 47.33602 ], [ 3.97136, 47.51619 ], [ 3.88127, 47.51619 ] ] ], [ [ [ 5.05238, 47.42611 ], [ 5.05238, 47.33602 ], [ 5.14246, 47.33602 ], [ 5.14246, 47.42611 ], [ 5.05238, 47.42611 ] ] ], [ [ [ 6.1334, 47.87653 ], [ 6.1334, 47.78645 ], [ 5.95323, 47.78645 ], [ 5.95323, 47.60628 ], [ 6.04331, 47.60628 ], [ 6.04331, 47.51619 ], [ 6.22348, 47.51619 ], [ 6.22348, 47.42611 ], [ 6.04331, 47.42611 ], [ 6.04331, 47.33602 ], [ 6.40365, 47.33602 ], [ 6.40365, 47.42611 ], [ 6.31357, 47.42611 ], [ 6.31357, 47.69636 ], [ 6.40365, 47.69636 ], [ 6.40365, 47.51619 ], [ 6.49374, 47.51619 ], [ 6.49374, 47.60628 ], [ 6.58382, 47.60628 ], [ 6.58382, 47.69636 ], [ 6.49374, 47.69636 ], [ 6.49374, 47.78645 ], [ 6.40365, 47.78645 ], [ 6.40365, 47.87653 ], [ 6.31357, 47.87653 ], [ 6.31357, 47.78645 ], [ 6.22348, 47.78645 ], [ 6.22348, 47.87653 ], [ 6.1334, 47.87653 ] ] ], [ [ [ 3.52093, 47.42611 ], [ 3.52093, 47.24594 ], [ 3.61102, 47.24594 ], [ 3.61102, 47.42611 ], [ 3.52093, 47.42611 ] ] ], [ [ [ 4.87221, 47.24594 ], [ 4.87221, 47.15585 ], [ 5.05238, 47.15585 ], [ 5.05238, 47.24594 ], [ 4.87221, 47.24594 ] ] ], [ [ [ 5.86314, 47.60628 ], [ 5.86314, 47.51619 ], [ 5.77306, 47.51619 ], [ 5.77306, 47.33602 ], [ 5.68297, 47.33602 ], [ 5.68297, 47.06577 ], [ 5.86314, 47.06577 ], [ 5.86314, 47.15585 ], [ 5.95323, 47.15585 ], [ 5.95323, 47.24594 ], [ 6.04331, 47.24594 ], [ 6.04331, 47.33602 ], [ 5.86314, 47.33602 ], [ 5.86314, 47.42611 ], [ 5.95323, 47.42611 ], [ 5.95323, 47.60628 ], [ 5.86314, 47.60628 ] ] ], [ [ [ 4.24161, 47.06577 ], [ 4.24161, 46.97568 ], [ 4.3317, 46.97568 ], [ 4.3317, 47.06577 ], [ 4.24161, 47.06577 ] ] ], [ [ [ 4.51187, 46.97568 ], [ 4.51187, 46.8856 ], [ 4.60195, 46.8856 ], [ 4.60195, 46.79551 ], [ 4.69204, 46.79551 ], [ 4.69204, 46.97568 ], [ 4.51187, 46.97568 ] ] ], [ [ [ 5.41272, 46.79551 ], [ 5.41272, 46.70543 ], [ 5.5028, 46.70543 ], [ 5.5028, 46.79551 ], [ 5.41272, 46.79551 ] ] ], [ [ [ 4.3317, 46.8856 ], [ 4.3317, 46.79551 ], [ 4.24161, 46.79551 ], [ 4.24161, 46.61534 ], [ 4.3317, 46.61534 ], [ 4.3317, 46.70543 ], [ 4.42178, 46.70543 ], [ 4.42178, 46.61534 ], [ 4.69204, 46.61534 ], [ 4.69204, 46.70543 ], [ 4.60195, 46.70543 ], [ 4.60195, 46.79551 ], [ 4.51187, 46.79551 ], [ 4.51187, 46.8856 ], [ 4.3317, 46.8856 ] ] ], [ [ [ 2.62008, 46.70543 ], [ 2.62008, 46.61534 ], [ 2.71017, 46.61534 ], [ 2.71017, 46.70543 ], [ 2.62008, 46.70543 ] ] ], [ [ [ 3.7011, 46.70543 ], [ 3.7011, 46.61534 ], [ 3.88127, 46.61534 ], [ 3.88127, 46.70543 ], [ 3.7011, 46.70543 ] ] ], [ [ [ 4.06144, 46.97568 ], [ 4.06144, 46.70543 ], [ 3.97136, 46.70543 ], [ 3.97136, 46.61534 ], [ 4.15153, 46.61534 ], [ 4.15153, 46.97568 ], [ 4.06144, 46.97568 ] ] ], [ [ [ 6.40365, 46.61534 ], [ 6.40365, 46.52526 ], [ 6.58382, 46.52526 ], [ 6.58382, 46.61534 ], [ 6.40365, 46.61534 ] ] ], [ [ [ 4.15153, 46.61534 ], [ 4.15153, 46.43517 ], [ 4.24161, 46.43517 ], [ 4.24161, 46.61534 ], [ 4.15153, 46.61534 ] ] ], [ [ [ 6.58382, 46.52526 ], [ 6.58382, 46.43517 ], [ 6.67391, 46.43517 ], [ 6.67391, 46.52526 ], [ 6.58382, 46.52526 ] ] ], [ [ [ 5.32263, 46.61534 ], [ 5.32263, 46.43517 ], [ 5.41272, 46.43517 ], [ 5.41272, 46.34509 ], [ 5.5028, 46.34509 ], [ 5.5028, 46.61534 ], [ 5.32263, 46.61534 ] ] ], [ [ [ 2.98042, 46.52526 ], [ 2.98042, 46.34509 ], [ 3.07051, 46.34509 ], [ 3.07051, 46.52526 ], [ 2.98042, 46.52526 ] ] ], [ [ [ 1.8994, 46.43517 ], [ 1.8994, 46.34509 ], [ 1.98948, 46.34509 ], [ 1.98948, 46.43517 ], [ 1.8994, 46.43517 ] ] ], [ [ [ 2.62008, 46.43517 ], [ 2.62008, 46.34509 ], [ 2.71017, 46.34509 ], [ 2.71017, 46.43517 ], [ 2.62008, 46.43517 ] ] ], [ [ [ 6.40365, 46.43517 ], [ 6.40365, 46.34509 ], [ 6.58382, 46.34509 ], [ 6.58382, 46.43517 ], [ 6.40365, 46.43517 ] ] ], [ [ [ 3.52093, 46.34509 ], [ 3.52093, 46.255 ], [ 3.61102, 46.255 ], [ 3.61102, 46.34509 ], [ 3.52093, 46.34509 ] ] ], [ [ [ 3.79119, 46.34509 ], [ 3.79119, 46.255 ], [ 4.06144, 46.255 ], [ 4.06144, 46.34509 ], [ 3.79119, 46.34509 ] ] ], [ [ [ 1.35889, 46.255 ], [ 1.35889, 46.16492 ], [ 1.44897, 46.16492 ], [ 1.44897, 46.255 ], [ 1.35889, 46.255 ] ] ], [ [ [ 6.04331, 46.255 ], [ 6.04331, 46.16492 ], [ 6.1334, 46.16492 ], [ 6.1334, 46.255 ], [ 6.04331, 46.255 ] ] ], [ [ [ 2.16966, 46.255 ], [ 2.16966, 46.07483 ], [ 2.25974, 46.07483 ], [ 2.25974, 46.255 ], [ 2.16966, 46.255 ] ] ], [ [ [ 1.98948, 46.16492 ], [ 1.98948, 46.07483 ], [ 2.07957, 46.07483 ], [ 2.07957, 46.16492 ], [ 1.98948, 46.16492 ] ] ], [ [ [ 3.07051, 46.16492 ], [ 3.07051, 46.07483 ], [ 3.34076, 46.07483 ], [ 3.34076, 46.16492 ], [ 3.07051, 46.16492 ] ] ], [ [ [ 3.79119, 46.16492 ], [ 3.79119, 46.07483 ], [ 3.97136, 46.07483 ], [ 3.97136, 46.16492 ], [ 3.79119, 46.16492 ] ] ], [ [ [ 6.1334, 46.16492 ], [ 6.1334, 46.07483 ], [ 6.22348, 46.07483 ], [ 6.22348, 46.16492 ], [ 6.1334, 46.16492 ] ] ], [ [ [ 2.98042, 46.07483 ], [ 2.98042, 45.98475 ], [ 3.07051, 45.98475 ], [ 3.07051, 46.07483 ], [ 2.98042, 46.07483 ] ] ], [ [ [ 4.06144, 46.07483 ], [ 4.06144, 45.98475 ], [ 4.15153, 45.98475 ], [ 4.15153, 46.07483 ], [ 4.06144, 46.07483 ] ] ], [ [ [ 5.23255, 46.07483 ], [ 5.23255, 45.98475 ], [ 5.41272, 45.98475 ], [ 5.41272, 46.07483 ], [ 5.23255, 46.07483 ] ] ], [ [ [ 5.77306, 46.16492 ], [ 5.77306, 45.89466 ], [ 5.86314, 45.89466 ], [ 5.86314, 45.98475 ], [ 6.04331, 45.98475 ], [ 6.04331, 46.07483 ], [ 5.95323, 46.07483 ], [ 5.95323, 46.16492 ], [ 5.77306, 46.16492 ] ] ], [ [ [ 4.15153, 45.98475 ], [ 4.15153, 45.89466 ], [ 4.24161, 45.89466 ], [ 4.24161, 45.98475 ], [ 4.15153, 45.98475 ] ] ], [ [ [ 4.42178, 45.98475 ], [ 4.42178, 45.89466 ], [ 4.51187, 45.89466 ], [ 4.51187, 45.98475 ], [ 4.42178, 45.98475 ] ] ], [ [ [ 1.62914, 45.89466 ], [ 1.62914, 45.80458 ], [ 1.71923, 45.80458 ], [ 1.71923, 45.89466 ], [ 1.62914, 45.89466 ] ] ], [ [ [ 5.59289, 45.89466 ], [ 5.59289, 45.80458 ], [ 5.68297, 45.80458 ], [ 5.68297, 45.89466 ], [ 5.59289, 45.89466 ] ] ], [ [ [ 3.43085, 45.80458 ], [ 3.43085, 45.71449 ], [ 3.52093, 45.71449 ], [ 3.52093, 45.80458 ], [ 3.43085, 45.80458 ] ] ], [ [ [ 3.88127, 45.80458 ], [ 3.88127, 45.71449 ], [ 4.06144, 45.71449 ], [ 4.06144, 45.80458 ], [ 3.88127, 45.80458 ] ] ], [ [ [ 5.86314, 45.80458 ], [ 5.86314, 45.71449 ], [ 5.95323, 45.71449 ], [ 5.95323, 45.80458 ], [ 5.86314, 45.80458 ] ] ], [ [ [ 4.51187, 45.80458 ], [ 4.51187, 45.62441 ], [ 4.60195, 45.62441 ], [ 4.60195, 45.80458 ], [ 4.51187, 45.80458 ] ] ], [ [ [ 1.53906, 45.71449 ], [ 1.53906, 45.62441 ], [ 1.62914, 45.62441 ], [ 1.62914, 45.71449 ], [ 1.53906, 45.71449 ] ] ], [ [ [ 3.16059, 45.71449 ], [ 3.16059, 45.62441 ], [ 3.43085, 45.62441 ], [ 3.43085, 45.71449 ], [ 3.16059, 45.71449 ] ] ], [ [ [ 5.68297, 45.71449 ], [ 5.68297, 45.62441 ], [ 5.77306, 45.62441 ], [ 5.77306, 45.71449 ], [ 5.68297, 45.71449 ] ] ], [ [ [ 5.23255, 45.62441 ], [ 5.23255, 45.53432 ], [ 5.32263, 45.53432 ], [ 5.32263, 45.62441 ], [ 5.23255, 45.62441 ] ] ], [ [ [ 6.22348, 45.62441 ], [ 6.22348, 45.53432 ], [ 6.31357, 45.53432 ], [ 6.31357, 45.62441 ], [ 6.22348, 45.62441 ] ] ], [ [ [ 4.24161, 45.62441 ], [ 4.24161, 45.44424 ], [ 4.3317, 45.44424 ], [ 4.3317, 45.62441 ], [ 4.24161, 45.62441 ] ] ], [ [ [ 2.25974, 45.53432 ], [ 2.25974, 45.44424 ], [ 2.34983, 45.44424 ], [ 2.34983, 45.53432 ], [ 2.25974, 45.53432 ] ] ], [ [ [ 3.07051, 45.53432 ], [ 3.07051, 45.44424 ], [ 3.16059, 45.44424 ], [ 3.16059, 45.53432 ], [ 3.07051, 45.53432 ] ] ], [ [ [ 4.96229, 45.53432 ], [ 4.96229, 45.44424 ], [ 5.14246, 45.44424 ], [ 5.14246, 45.53432 ], [ 4.96229, 45.53432 ] ] ], [ [ [ 5.68297, 45.53432 ], [ 5.68297, 45.44424 ], [ 5.77306, 45.44424 ], [ 5.77306, 45.53432 ], [ 5.68297, 45.53432 ] ] ], [ [ [ 6.04331, 45.53432 ], [ 6.04331, 45.44424 ], [ 6.1334, 45.44424 ], [ 6.1334, 45.53432 ], [ 6.04331, 45.53432 ] ] ], [ [ [ 2.16966, 45.44424 ], [ 2.16966, 45.35415 ], [ 2.25974, 45.35415 ], [ 2.25974, 45.44424 ], [ 2.16966, 45.44424 ] ] ], [ [ [ 4.06144, 45.44424 ], [ 4.06144, 45.35415 ], [ 4.15153, 45.35415 ], [ 4.15153, 45.44424 ], [ 4.06144, 45.44424 ] ] ], [ [ [ 5.14246, 45.44424 ], [ 5.14246, 45.35415 ], [ 5.23255, 45.35415 ], [ 5.23255, 45.44424 ], [ 5.14246, 45.44424 ] ] ], [ [ [ 3.43085, 45.35415 ], [ 3.43085, 45.26407 ], [ 3.52093, 45.26407 ], [ 3.52093, 45.35415 ], [ 3.43085, 45.35415 ] ] ], [ [ [ 3.88127, 45.35415 ], [ 3.88127, 45.26407 ], [ 4.06144, 45.26407 ], [ 4.06144, 45.35415 ], [ 3.88127, 45.35415 ] ] ], [ [ [ 3.34076, 45.26407 ], [ 3.34076, 45.17398 ], [ 3.43085, 45.17398 ], [ 3.43085, 45.26407 ], [ 3.34076, 45.26407 ] ] ], [ [ [ 4.06144, 45.26407 ], [ 4.06144, 45.17398 ], [ 4.15153, 45.17398 ], [ 4.15153, 45.26407 ], [ 4.06144, 45.26407 ] ] ], [ [ [ 3.43085, 45.17398 ], [ 3.43085, 45.0839 ], [ 3.52093, 45.0839 ], [ 3.52093, 45.17398 ], [ 3.43085, 45.17398 ] ] ], [ [ [ 2.16966, 45.26407 ], [ 2.16966, 45.0839 ], [ 2.07957, 45.0839 ], [ 2.07957, 44.99381 ], [ 2.25974, 44.99381 ], [ 2.25974, 45.26407 ], [ 2.16966, 45.26407 ] ] ], [ [ [ 1.98948, 44.99381 ], [ 1.98948, 44.90373 ], [ 2.07957, 44.90373 ], [ 2.07957, 44.99381 ], [ 1.98948, 44.99381 ] ] ], [ [ [ 4.24161, 44.81364 ], [ 4.24161, 44.72356 ], [ 4.3317, 44.72356 ], [ 4.3317, 44.81364 ], [ 4.24161, 44.81364 ] ] ], [ [ [ 4.51187, 44.81364 ], [ 4.51187, 44.72356 ], [ 4.60195, 44.72356 ], [ 4.60195, 44.81364 ], [ 4.51187, 44.81364 ] ] ], [ [ [ 5.23255, 44.81364 ], [ 5.23255, 44.72356 ], [ 5.32263, 44.72356 ], [ 5.32263, 44.81364 ], [ 5.23255, 44.81364 ] ] ], [ [ [ 2.62008, 44.90373 ], [ 2.62008, 44.63347 ], [ 2.71017, 44.63347 ], [ 2.71017, 44.90373 ], [ 2.62008, 44.90373 ] ] ], [ [ [ 4.42178, 44.72356 ], [ 4.42178, 44.63347 ], [ 4.51187, 44.63347 ], [ 4.51187, 44.72356 ], [ 4.42178, 44.72356 ] ] ], [ [ [ 3.16059, 44.63347 ], [ 3.16059, 44.54339 ], [ 3.34076, 44.54339 ], [ 3.34076, 44.63347 ], [ 3.16059, 44.63347 ] ] ], [ [ [ 2.71017, 44.63347 ], [ 2.71017, 44.4533 ], [ 2.80025, 44.4533 ], [ 2.80025, 44.63347 ], [ 2.71017, 44.63347 ] ] ], [ [ [ 2.89034, 44.54339 ], [ 2.89034, 44.4533 ], [ 2.98042, 44.4533 ], [ 2.98042, 44.54339 ], [ 2.89034, 44.54339 ] ] ], [ [ [ 5.05238, 44.54339 ], [ 5.05238, 44.4533 ], [ 5.14246, 44.4533 ], [ 5.14246, 44.54339 ], [ 5.05238, 44.54339 ] ] ], [ [ [ 6.04331, 44.54339 ], [ 6.04331, 44.4533 ], [ 6.1334, 44.4533 ], [ 6.1334, 44.54339 ], [ 6.04331, 44.54339 ] ] ], [ [ [ 2.16966, 44.4533 ], [ 2.16966, 44.36322 ], [ 2.25974, 44.36322 ], [ 2.25974, 44.4533 ], [ 2.16966, 44.4533 ] ] ], [ [ [ 2.43991, 44.63347 ], [ 2.43991, 44.54339 ], [ 2.53, 44.54339 ], [ 2.53, 44.4533 ], [ 2.43991, 44.4533 ], [ 2.43991, 44.36322 ], [ 2.62008, 44.36322 ], [ 2.62008, 44.63347 ], [ 2.43991, 44.63347 ] ] ], [ [ [ 5.41272, 44.4533 ], [ 5.41272, 44.36322 ], [ 5.5028, 44.36322 ], [ 5.5028, 44.4533 ], [ 5.41272, 44.4533 ] ] ], [ [ [ 2.25974, 44.27313 ], [ 2.25974, 44.18305 ], [ 2.53, 44.18305 ], [ 2.53, 44.27313 ], [ 2.25974, 44.27313 ] ] ], [ [ [ 2.98042, 44.27313 ], [ 2.98042, 44.18305 ], [ 3.07051, 44.18305 ], [ 3.07051, 44.27313 ], [ 2.98042, 44.27313 ] ] ], [ [ [ 5.95323, 44.36322 ], [ 5.95323, 44.27313 ], [ 5.86314, 44.27313 ], [ 5.86314, 44.18305 ], [ 6.04331, 44.18305 ], [ 6.04331, 44.36322 ], [ 5.95323, 44.36322 ] ] ], [ [ [ 6.04331, 44.18305 ], [ 6.04331, 44.09296 ], [ 6.1334, 44.09296 ], [ 6.1334, 44.18305 ], [ 6.04331, 44.18305 ] ] ], [ [ [ 6.31357, 44.00288 ], [ 6.31357, 43.91279 ], [ 6.40365, 43.91279 ], [ 6.40365, 44.00288 ], [ 6.31357, 44.00288 ] ] ], [ [ [ 6.76399, 44.00288 ], [ 6.76399, 43.91279 ], [ 6.94417, 43.91279 ], [ 6.94417, 44.00288 ], [ 6.76399, 44.00288 ] ] ], [ [ [ 2.89034, 44.09296 ], [ 2.89034, 43.82271 ], [ 3.07051, 43.82271 ], [ 3.07051, 43.91279 ], [ 2.98042, 43.91279 ], [ 2.98042, 44.09296 ], [ 2.89034, 44.09296 ] ] ], [ [ [ 2.43991, 43.91279 ], [ 2.43991, 43.82271 ], [ 2.62008, 43.82271 ], [ 2.62008, 43.91279 ], [ 2.43991, 43.91279 ] ] ], [ [ [ 3.43085, 43.91279 ], [ 3.43085, 43.82271 ], [ 3.52093, 43.82271 ], [ 3.52093, 43.91279 ], [ 3.43085, 43.91279 ] ] ], [ [ [ 5.41272, 43.91279 ], [ 5.41272, 43.82271 ], [ 5.5028, 43.82271 ], [ 5.5028, 43.91279 ], [ 5.41272, 43.91279 ] ] ], [ [ [ 6.40365, 43.91279 ], [ 6.40365, 43.82271 ], [ 6.49374, 43.82271 ], [ 6.49374, 43.91279 ], [ 6.40365, 43.91279 ] ] ], [ [ [ 2.43991, 43.73262 ], [ 2.43991, 43.64253 ], [ 2.53, 43.64253 ], [ 2.53, 43.73262 ], [ 2.43991, 43.73262 ] ] ], [ [ [ 6.67391, 43.73262 ], [ 6.67391, 43.64253 ], [ 6.76399, 43.64253 ], [ 6.76399, 43.73262 ], [ 6.67391, 43.73262 ] ] ], [ [ [ 2.80025, 43.64253 ], [ 2.80025, 43.55245 ], [ 2.89034, 43.55245 ], [ 2.89034, 43.64253 ], [ 2.80025, 43.64253 ] ] ], [ [ [ 2.43991, 43.10202 ], [ 2.43991, 43.01194 ], [ 2.53, 43.01194 ], [ 2.53, 43.10202 ], [ 2.43991, 43.10202 ] ] ], [ [ [ 2.53, 43.01194 ], [ 2.53, 42.92185 ], [ 2.62008, 42.92185 ], [ 2.62008, 43.01194 ], [ 2.53, 43.01194 ] ] ], [ [ [ 1.62914, 42.83177 ], [ 1.62914, 42.74168 ], [ 1.71923, 42.74168 ], [ 1.71923, 42.83177 ], [ 1.62914, 42.83177 ] ] ], [ [ [ 2.34983, 42.6516 ], [ 2.34983, 42.56151 ], [ 2.43991, 42.56151 ], [ 2.43991, 42.6516 ], [ 2.34983, 42.6516 ] ] ], [ [ [ 8.74587, 42.29126 ], [ 8.74587, 42.20117 ], [ 8.83595, 42.20117 ], [ 8.83595, 42.29126 ], [ 8.74587, 42.29126 ] ] ], [ [ [ 8.83595, 42.20117 ], [ 8.83595, 42.11109 ], [ 8.92604, 42.11109 ], [ 8.92604, 42.20117 ], [ 8.83595, 42.20117 ] ] ] ] } },
{ "type": "Feature", "properties": { "date_envol": "12/04/2026", "date_iso": "2026-04-12", "semaine": 15, "date_calcul": "2026-07-22", "annee": 2026, "espece": "Pityogenes chalcographus", "modele": "CHAPY", "seuil_vol": 15.6 }, "geometry": { "type": "MultiPolygon", "coordinates": [ [ [ [ 6.22348, 44.09296 ], [ 6.22348, 44.00288 ], [ 6.31357, 44.00288 ], [ 6.31357, 44.09296 ], [ 6.22348, 44.09296 ] ] ], [ [ [ 6.67391, 43.91279 ], [ 6.67391, 43.82271 ], [ 6.76399, 43.82271 ], [ 6.76399, 43.91279 ], [ 6.67391, 43.91279 ] ] ], [ [ [ 7.21442, 43.91279 ], [ 7.21442, 43.82271 ], [ 7.30451, 43.82271 ], [ 7.30451, 43.91279 ], [ 7.21442, 43.91279 ] ] ], [ [ [ 7.39459, 43.91279 ], [ 7.39459, 43.82271 ], [ 7.48468, 43.82271 ], [ 7.48468, 43.91279 ], [ 7.39459, 43.91279 ] ] ], [ [ [ 6.85408, 43.73262 ], [ 6.85408, 43.64253 ], [ 6.94417, 43.64253 ], [ 6.94417, 43.73262 ], [ 6.85408, 43.73262 ] ] ], [ [ [ 6.31357, 43.64253 ], [ 6.31357, 43.55245 ], [ 6.40365, 43.55245 ], [ 6.40365, 43.64253 ], [ 6.31357, 43.64253 ] ] ], [ [ [ 8.83595, 42.021 ], [ 8.83595, 41.93092 ], [ 9.01612, 41.93092 ], [ 9.01612, 42.021 ], [ 8.83595, 42.021 ] ] ] ] } },
{ "type": "Feature", "properties": { "date_envol": "14/04/2026", "date_iso": "2026-04-14", "semaine": 16, "date_calcul": "2026-07-22", "annee": 2026, "espece": "Pityogenes chalcographus", "modele": "CHAPY", "seuil_vol": 15.6 }, "geometry": { "type": "MultiPolygon", "coordinates": [ [ [ [ 1.17872, 50.12866 ], [ 1.17872, 50.03858 ], [ 1.35889, 50.03858 ], [ 1.35889, 50.12866 ], [ 1.17872, 50.12866 ] ] ], [ [ [ 1.53906, 50.39892 ], [ 1.53906, 50.30883 ], [ 1.44897, 50.30883 ], [ 1.44897, 50.12866 ], [ 1.53906, 50.12866 ], [ 1.53906, 49.94849 ], [ 1.62914, 49.94849 ], [ 1.62914, 50.03858 ], [ 1.80931, 50.03858 ], [ 1.80931, 49.94849 ], [ 1.8994, 49.94849 ], [ 1.8994, 50.03858 ], [ 1.98948, 50.03858 ], [ 1.98948, 50.30883 ], [ 1.8994, 50.30883 ], [ 1.8994, 50.39892 ], [ 1.53906, 50.39892 ] ], [ [ 1.53906, 50.21875 ], [ 1.62914, 50.21875 ], [ 1.62914, 50.12866 ], [ 1.53906, 50.12866 ], [ 1.53906, 50.21875 ] ] ], [ [ [ 0.63821, 49.94849 ], [ 0.63821, 49.85841 ], [ 0.99855, 49.85841 ], [ 0.99855, 49.94849 ], [ 0.63821, 49.94849 ] ] ], [ [ [ 1.17872, 49.94849 ], [ 1.17872, 49.85841 ], [ 1.35889, 49.85841 ], [ 1.35889, 49.94849 ], [ 1.17872, 49.94849 ] ] ], [ [ [ 0.99855, 49.85841 ], [ 0.99855, 49.76832 ], [ 1.08863, 49.76832 ], [ 1.08863, 49.85841 ], [ 0.99855, 49.85841 ] ] ], [ [ [ 3.52093, 49.76832 ], [ 3.52093, 49.67824 ], [ 3.79119, 49.67824 ], [ 3.79119, 49.76832 ], [ 3.52093, 49.76832 ] ] ], [ [ [ 0.45804, 49.58815 ], [ 0.45804, 49.49807 ], [ 0.54812, 49.49807 ], [ 0.54812, 49.58815 ], [ 0.45804, 49.58815 ] ] ], [ [ [ 0.63821, 49.58815 ], [ 0.63821, 49.49807 ], [ 0.99855, 49.49807 ], [ 0.99855, 49.58815 ], [ 0.63821, 49.58815 ] ] ], [ [ [ 1.08863, 49.49807 ], [ 1.08863, 49.40798 ], [ 1.35889, 49.40798 ], [ 1.35889, 49.49807 ], [ 1.08863, 49.49807 ] ] ], [ [ [ 3.34076, 49.58815 ], [ 3.34076, 49.49807 ], [ 3.07051, 49.49807 ], [ 3.07051, 49.40798 ], [ 3.79119, 49.40798 ], [ 3.79119, 49.49807 ], [ 3.52093, 49.49807 ], [ 3.52093, 49.58815 ], [ 3.34076, 49.58815 ] ] ], [ [ [ 6.22348, 49.49807 ], [ 6.22348, 49.40798 ], [ 6.31357, 49.40798 ], [ 6.31357, 49.49807 ], [ 6.22348, 49.49807 ] ] ], [ [ [ 0.45804, 49.40798 ], [ 0.45804, 49.3179 ], [ 0.72829, 49.3179 ], [ 0.72829, 49.40798 ], [ 0.45804, 49.40798 ] ] ], [ [ [ 0.81838, 49.40798 ], [ 0.81838, 49.3179 ], [ 0.90846, 49.3179 ], [ 0.90846, 49.40798 ], [ 0.81838, 49.40798 ] ] ], [ [ [ 2.07957, 49.49807 ], [ 2.07957, 49.40798 ], [ 2.25974, 49.40798 ], [ 2.25974, 49.3179 ], [ 2.34983, 49.3179 ], [ 2.34983, 49.22781 ], [ 2.43991, 49.22781 ], [ 2.43991, 49.3179 ], [ 2.53, 49.3179 ], [ 2.53, 49.40798 ], [ 2.80025, 49.40798 ], [ 2.80025, 49.49807 ], [ 2.07957, 49.49807 ] ] ], [ [ [ 0.72829, 49.22781 ], [ 0.72829, 49.13773 ], [ 0.81838, 49.13773 ], [ 0.81838, 49.22781 ], [ 0.72829, 49.22781 ] ] ], [ [ [ 1.98948, 49.22781 ], [ 1.98948, 49.13773 ], [ 2.07957, 49.13773 ], [ 2.07957, 49.22781 ], [ 1.98948, 49.22781 ] ] ], [ [ [ 4.78212, 49.22781 ], [ 4.78212, 49.13773 ], [ 4.87221, 49.13773 ], [ 4.87221, 49.22781 ], [ 4.78212, 49.22781 ] ] ], [ [ [ 1.44897, 49.49807 ], [ 1.44897, 49.40798 ], [ 1.35889, 49.40798 ], [ 1.35889, 49.3179 ], [ 1.44897, 49.3179 ], [ 1.44897, 49.04764 ], [ 1.53906, 49.04764 ], [ 1.53906, 49.40798 ], [ 1.71923, 49.40798 ], [ 1.71923, 49.49807 ], [ 1.44897, 49.49807 ] ] ], [ [ [ 0.27787, 49.3179 ], [ 0.27787, 49.13773 ], [ 0.18778, 49.13773 ], [ 0.18778, 49.04764 ], [ 0.36795, 49.04764 ], [ 0.36795, 49.3179 ], [ 0.27787, 49.3179 ] ] ], [ [ [ 1.71923, 49.13773 ], [ 1.71923, 49.04764 ], [ 1.98948, 49.04764 ], [ 1.98948, 49.13773 ], [ 1.71923, 49.13773 ] ] ], [ [ [ 2.25974, 49.13773 ], [ 2.25974, 49.04764 ], [ 2.34983, 49.04764 ], [ 2.34983, 49.13773 ], [ 2.25974, 49.13773 ] ] ], [ [ [ 3.88127, 49.13773 ], [ 3.88127, 49.04764 ], [ 4.06144, 49.04764 ], [ 4.06144, 49.13773 ], [ 3.88127, 49.13773 ] ] ], [ [ [ 5.77306, 49.13773 ], [ 5.77306, 49.04764 ], [ 5.86314, 49.04764 ], [ 5.86314, 49.13773 ], [ 5.77306, 49.13773 ] ] ], [ [ [ 6.04331, 49.13773 ], [ 6.04331, 49.04764 ], [ 6.1334, 49.04764 ], [ 6.1334, 49.13773 ], [ 6.04331, 49.13773 ] ] ], [ [ [ 0.0977, 49.04764 ], [ 0.0977, 48.95756 ], [ 0.18778, 48.95756 ], [ 0.18778, 49.04764 ], [ 0.0977, 49.04764 ] ] ], [ [ [ 3.79119, 49.04764 ], [ 3.79119, 48.95756 ], [ 3.88127, 48.95756 ], [ 3.88127, 49.04764 ], [ 3.79119, 49.04764 ] ] ], [ [ [ -1.07341, 49.40798 ], [ -1.07341, 49.22781 ], [ -0.98332, 49.22781 ], [ -0.98332, 49.13773 ], [ -0.71307, 49.13773 ], [ -0.71307, 49.04764 ], [ -0.5329, 49.04764 ], [ -0.5329, 48.95756 ], [ -0.26264, 48.95756 ], [ -0.26264, 48.86747 ], [ 0.00761, 48.86747 ], [ 0.00761, 49.04764 ], [ -0.08247, 49.04764 ], [ -0.08247, 49.13773 ], [ -0.44281, 49.13773 ], [ -0.44281, 49.22781 ], [ 0.00761, 49.22781 ], [ 0.00761, 49.13773 ], [ 0.18778, 49.13773 ], [ 0.18778, 49.22781 ], [ 0.0977, 49.22781 ], [ 0.0977, 49.40798 ], [ 0.00761, 49.40798 ], [ 0.00761, 49.3179 ], [ -0.44281, 49.3179 ], [ -0.44281, 49.40798 ], [ -1.07341, 49.40798 ] ] ], [ [ [ 2.98042, 49.22781 ], [ 2.98042, 49.13773 ], [ 3.25068, 49.13773 ], [ 3.25068, 48.86747 ], [ 3.34076, 48.86747 ], [ 3.34076, 49.22781 ], [ 2.98042, 49.22781 ] ] ], [ [ [ -1.07341, 48.95756 ], [ -1.07341, 48.86747 ], [ -0.80315, 48.86747 ], [ -0.80315, 48.95756 ], [ -1.07341, 48.95756 ] ] ], [ [ [ 3.61102, 48.95756 ], [ 3.61102, 48.86747 ], [ 3.79119, 48.86747 ], [ 3.79119, 48.95756 ], [ 3.61102, 48.95756 ] ] ], [ [ [ 6.04331, 48.95756 ], [ 6.04331, 48.86747 ], [ 6.1334, 48.86747 ], [ 6.1334, 48.95756 ], [ 6.04331, 48.95756 ] ] ], [ [ [ 0.81838, 48.95756 ], [ 0.81838, 48.77739 ], [ 0.90846, 48.77739 ], [ 0.90846, 48.95756 ], [ 0.81838, 48.95756 ] ] ], [ [ [ 1.53906, 48.95756 ], [ 1.53906, 48.77739 ], [ 1.71923, 48.77739 ], [ 1.71923, 48.95756 ], [ 1.53906, 48.95756 ] ] ], [ [ [ 4.51187, 48.95756 ], [ 4.51187, 48.77739 ], [ 4.78212, 48.77739 ], [ 4.78212, 48.95756 ], [ 4.51187, 48.95756 ] ] ], [ [ [ 2.16966, 48.86747 ], [ 2.16966, 48.77739 ], [ 2.25974, 48.77739 ], [ 2.25974, 48.86747 ], [ 2.16966, 48.86747 ] ] ], [ [ [ 2.80025, 48.86747 ], [ 2.80025, 48.77739 ], [ 2.89034, 48.77739 ], [ 2.89034, 48.86747 ], [ 2.80025, 48.86747 ] ] ], [ [ [ 3.88127, 48.86747 ], [ 3.88127, 48.77739 ], [ 3.97136, 48.77739 ], [ 3.97136, 48.86747 ], [ 3.88127, 48.86747 ] ] ], [ [ [ 3.52093, 48.86747 ], [ 3.52093, 48.77739 ], [ 3.43085, 48.77739 ], [ 3.43085, 48.59722 ], [ 3.61102, 48.59722 ], [ 3.61102, 48.6873 ], [ 3.79119, 48.6873 ], [ 3.79119, 48.77739 ], [ 3.61102, 48.77739 ], [ 3.61102, 48.86747 ], [ 3.52093, 48.86747 ] ] ], [ [ [ 5.05238, 48.86747 ], [ 5.05238, 48.77739 ], [ 4.96229, 48.77739 ], [ 4.96229, 48.59722 ], [ 5.05238, 48.59722 ], [ 5.05238, 48.6873 ], [ 5.14246, 48.6873 ], [ 5.14246, 48.86747 ], [ 5.05238, 48.86747 ] ] ], [ [ [ 4.06144, 48.77739 ], [ 4.06144, 48.6873 ], [ 4.3317, 48.6873 ], [ 4.3317, 48.50713 ], [ 4.42178, 48.50713 ], [ 4.42178, 48.59722 ], [ 4.51187, 48.59722 ], [ 4.51187, 48.77739 ], [ 4.06144, 48.77739 ] ] ], [ [ [ 0.36795, 48.59722 ], [ 0.36795, 48.41705 ], [ 0.54812, 48.41705 ], [ 0.54812, 48.59722 ], [ 0.36795, 48.59722 ] ] ], [ [ [ 0.72829, 48.50713 ], [ 0.72829, 48.41705 ], [ 0.81838, 48.41705 ], [ 0.81838, 48.50713 ], [ 0.72829, 48.50713 ] ] ], [ [ [ 0.63821, 48.41705 ], [ 0.63821, 48.32696 ], [ 0.72829, 48.32696 ], [ 0.72829, 48.41705 ], [ 0.63821, 48.41705 ] ] ], [ [ [ 3.34076, 48.41705 ], [ 3.34076, 48.32696 ], [ 3.43085, 48.32696 ], [ 3.43085, 48.41705 ], [ 3.34076, 48.41705 ] ] ], [ [ [ 2.89034, 48.41705 ], [ 2.89034, 48.14679 ], [ 2.98042, 48.14679 ], [ 2.98042, 47.87653 ], [ 3.07051, 47.87653 ], [ 3.07051, 47.96662 ], [ 3.34076, 47.96662 ], [ 3.34076, 48.14679 ], [ 3.25068, 48.14679 ], [ 3.25068, 48.23687 ], [ 2.98042, 48.23687 ], [ 2.98042, 48.41705 ], [ 2.89034, 48.41705 ] ] ], [ [ [ 4.78212, 47.87653 ], [ 4.78212, 47.78645 ], [ 4.96229, 47.78645 ], [ 4.96229, 47.87653 ], [ 4.78212, 47.87653 ] ] ], [ [ [ 4.51187, 47.69636 ], [ 4.51187, 47.60628 ], [ 4.60195, 47.60628 ], [ 4.60195, 47.69636 ], [ 4.51187, 47.69636 ] ] ], [ [ [ 1.8994, 46.34509 ], [ 1.8994, 46.255 ], [ 1.98948, 46.255 ], [ 1.98948, 46.34509 ], [ 1.8994, 46.34509 ] ] ], [ [ [ 1.44897, 46.255 ], [ 1.44897, 46.16492 ], [ 1.62914, 46.16492 ], [ 1.62914, 46.255 ], [ 1.44897, 46.255 ] ] ], [ [ [ 2.34983, 45.53432 ], [ 2.34983, 45.44424 ], [ 2.53, 45.44424 ], [ 2.53, 45.53432 ], [ 2.34983, 45.53432 ] ] ], [ [ [ 2.07957, 45.53432 ], [ 2.07957, 45.35415 ], [ 2.16966, 45.35415 ], [ 2.16966, 45.44424 ], [ 2.25974, 45.44424 ], [ 2.25974, 45.53432 ], [ 2.07957, 45.53432 ] ] ], [ [ [ 1.8994, 45.35415 ], [ 1.8994, 45.26407 ], [ 1.98948, 45.26407 ], [ 1.98948, 45.35415 ], [ 1.8994, 45.35415 ] ] ], [ [ [ 6.22348, 44.4533 ], [ 6.22348, 44.36322 ], [ 6.31357, 44.36322 ], [ 6.31357, 44.4533 ], [ 6.22348, 44.4533 ] ] ], [ [ [ 5.32263, 44.09296 ], [ 5.32263, 44.00288 ], [ 5.41272, 44.00288 ], [ 5.41272, 44.09296 ], [ 5.32263, 44.09296 ] ] ], [ [ [ 6.94417, 44.00288 ], [ 6.94417, 43.91279 ], [ 7.12434, 43.91279 ], [ 7.12434, 44.00288 ], [ 6.94417, 44.00288 ] ] ], [ [ [ 6.85408, 43.82271 ], [ 6.85408, 43.73262 ], [ 6.94417, 43.73262 ], [ 6.94417, 43.82271 ], [ 6.85408, 43.82271 ] ] ] ] } },
{ "type": "Feature", "properties": { "date_envol": "15/04/2026", "date_iso": "2026-04-15", "semaine": 16, "date_calcul": "2026-07-22", "annee": 2026, "espece": "Pityogenes chalcographus", "modele": "CHAPY", "seuil_vol": 15.6 }, "geometry": { "type": "MultiPolygon", "coordinates": [ [ [ [ 2.53, 51.20968 ], [ 2.53, 51.1196 ], [ 2.07957, 51.1196 ], [ 2.07957, 50.93943 ], [ 1.98948, 50.93943 ], [ 1.98948, 50.84934 ], [ 2.07957, 50.84934 ], [ 2.07957, 50.66917 ], [ 2.16966, 50.66917 ], [ 2.16966, 50.57909 ], [ 2.43991, 50.57909 ], [ 2.43991, 50.489 ], [ 2.80025, 50.489 ], [ 2.80025, 50.39892 ], [ 2.62008, 50.39892 ], [ 2.62008, 50.21875 ], [ 2.98042, 50.21875 ], [ 2.98042, 50.12866 ], [ 3.07051, 50.12866 ], [ 3.07051, 50.03858 ], [ 3.34076, 50.03858 ], [ 3.34076, 50.12866 ], [ 3.52093, 50.12866 ], [ 3.52093, 50.21875 ], [ 3.7011, 50.21875 ], [ 3.7011, 50.30883 ], [ 3.79119, 50.30883 ], [ 3.79119, 50.39892 ], [ 3.88127, 50.39892 ], [ 3.88127, 50.21875 ], [ 4.24161, 50.21875 ], [ 4.24161, 50.39892 ], [ 4.3317, 50.39892 ], [ 4.3317, 50.489 ], [ 4.24161, 50.489 ], [ 4.24161, 50.57909 ], [ 2.89034, 50.57909 ], [ 2.89034, 50.84934 ], [ 2.98042, 50.84934 ], [ 2.98042, 50.93943 ], [ 2.89034, 50.93943 ], [ 2.89034, 51.1196 ], [ 2.62008, 51.1196 ], [ 2.62008, 51.20968 ], [ 2.53, 51.20968 ] ], [ [ 2.53, 51.02951 ], [ 2.62008, 51.02951 ], [ 2.62008, 50.93943 ], [ 2.53, 50.93943 ], [ 2.53, 51.02951 ] ], [ [ 3.25068, 50.489 ], [ 3.34076, 50.489 ], [ 3.34076, 50.30883 ], [ 2.98042, 50.30883 ], [ 2.98042, 50.39892 ], [ 3.25068, 50.39892 ], [ 3.25068, 50.489 ] ] ], [ [ [ 3.79119, 50.21875 ], [ 3.79119, 50.03858 ], [ 3.88127, 50.03858 ], [ 3.88127, 50.21875 ], [ 3.79119, 50.21875 ] ] ], [ [ [ 1.35889, 50.12866 ], [ 1.35889, 50.03858 ], [ 1.44897, 50.03858 ], [ 1.44897, 50.12866 ], [ 1.35889, 50.12866 ] ] ], [ [ [ 1.08863, 50.03858 ], [ 1.08863, 49.94849 ], [ 0.99855, 49.94849 ], [ 0.99855, 49.85841 ], [ 1.17872, 49.85841 ], [ 1.17872, 50.03858 ], [ 1.08863, 50.03858 ] ] ], [ [ [ 0.45804, 49.85841 ], [ 0.45804, 49.76832 ], [ 0.63821, 49.76832 ], [ 0.63821, 49.85841 ], [ 0.45804, 49.85841 ] ] ], [ [ [ 0.81838, 49.85841 ], [ 0.81838, 49.76832 ], [ 0.99855, 49.76832 ], [ 0.99855, 49.85841 ], [ 0.81838, 49.85841 ] ] ], [ [ [ 4.69204, 49.76832 ], [ 4.69204, 49.67824 ], [ 4.78212, 49.67824 ], [ 4.78212, 49.76832 ], [ 4.69204, 49.76832 ] ] ], [ [ [ -1.43375, 49.67824 ], [ -1.43375, 49.58815 ], [ -1.34366, 49.58815 ], [ -1.34366, 49.67824 ], [ -1.43375, 49.67824 ] ] ], [ [ [ 0.54812, 49.58815 ], [ 0.54812, 49.49807 ], [ 0.63821, 49.49807 ], [ 0.63821, 49.58815 ], [ 0.54812, 49.58815 ] ] ], [ [ [ 5.05238, 49.49807 ], [ 5.05238, 49.40798 ], [ 5.23255, 49.40798 ], [ 5.23255, 49.49807 ], [ 5.05238, 49.49807 ] ] ], [ [ [ 6.1334, 49.49807 ], [ 6.1334, 49.40798 ], [ 6.22348, 49.40798 ], [ 6.22348, 49.49807 ], [ 6.1334, 49.49807 ] ] ], [ [ [ 6.22348, 49.40798 ], [ 6.22348, 49.13773 ], [ 6.31357, 49.13773 ], [ 6.31357, 49.40798 ], [ 6.22348, 49.40798 ] ] ], [ [ [ 5.77306, 49.22781 ], [ 5.77306, 49.13773 ], [ 5.86314, 49.13773 ], [ 5.86314, 49.04764 ], [ 5.95323, 49.04764 ], [ 5.95323, 49.22781 ], [ 5.77306, 49.22781 ] ] ], [ [ [ 2.98042, 49.13773 ], [ 2.98042, 49.04764 ], [ 3.07051, 49.04764 ], [ 3.07051, 49.13773 ], [ 2.98042, 49.13773 ] ] ], [ [ [ 3.07051, 49.04764 ], [ 3.07051, 48.95756 ], [ 3.25068, 48.95756 ], [ 3.25068, 49.04764 ], [ 3.07051, 49.04764 ] ] ], [ [ [ 2.89034, 48.95756 ], [ 2.89034, 48.86747 ], [ 2.98042, 48.86747 ], [ 2.98042, 48.95756 ], [ 2.89034, 48.95756 ] ] ], [ [ [ 6.1334, 48.95756 ], [ 6.1334, 48.86747 ], [ 6.31357, 48.86747 ], [ 6.31357, 48.95756 ], [ 6.1334, 48.95756 ] ] ], [ [ [ 3.79119, 48.95756 ], [ 3.79119, 48.86747 ], [ 3.61102, 48.86747 ], [ 3.61102, 48.77739 ], [ 3.88127, 48.77739 ], [ 3.88127, 48.86747 ], [ 3.97136, 48.86747 ], [ 3.97136, 48.95756 ], [ 3.79119, 48.95756 ] ] ], [ [ [ 6.04331, 48.86747 ], [ 6.04331, 48.77739 ], [ 6.1334, 48.77739 ], [ 6.1334, 48.86747 ], [ 6.04331, 48.86747 ] ] ], [ [ [ 3.79119, 49.76832 ], [ 3.79119, 49.58815 ], [ 3.97136, 49.58815 ], [ 3.97136, 49.40798 ], [ 4.24161, 49.40798 ], [ 4.24161, 49.3179 ], [ 4.3317, 49.3179 ], [ 4.3317, 49.22781 ], [ 4.06144, 49.22781 ], [ 4.06144, 49.13773 ], [ 4.42178, 49.13773 ], [ 4.42178, 49.04764 ], [ 4.51187, 49.04764 ], [ 4.51187, 48.95756 ], [ 4.78212, 48.95756 ], [ 4.78212, 48.6873 ], [ 4.96229, 48.6873 ], [ 4.96229, 48.77739 ], [ 4.87221, 48.77739 ], [ 4.87221, 48.86747 ], [ 4.96229, 48.86747 ], [ 4.96229, 48.95756 ], [ 5.05238, 48.95756 ], [ 5.05238, 48.86747 ], [ 5.14246, 48.86747 ], [ 5.14246, 49.04764 ], [ 4.96229, 49.04764 ], [ 4.96229, 49.13773 ], [ 4.78212, 49.13773 ], [ 4.78212, 49.22781 ], [ 5.05238, 49.22781 ], [ 5.05238, 49.3179 ], [ 4.96229, 49.3179 ], [ 4.96229, 49.40798 ], [ 4.78212, 49.40798 ], [ 4.78212, 49.49807 ], [ 4.69204, 49.49807 ], [ 4.69204, 49.58815 ], [ 4.42178, 49.58815 ], [ 4.42178, 49.67824 ], [ 3.88127, 49.67824 ], [ 3.88127, 49.76832 ], [ 3.79119, 49.76832 ] ] ], [ [ [ 6.22348, 48.77739 ], [ 6.22348, 48.6873 ], [ 6.40365, 48.6873 ], [ 6.40365, 48.77739 ], [ 6.22348, 48.77739 ] ] ], [ [ [ 8.11527, 48.77739 ], [ 8.11527, 48.6873 ], [ 8.20536, 48.6873 ], [ 8.20536, 48.77739 ], [ 8.11527, 48.77739 ] ] ], [ [ [ 5.77306, 48.95756 ], [ 5.77306, 48.86747 ], [ 5.68297, 48.86747 ], [ 5.68297, 48.6873 ], [ 5.86314, 48.6873 ], [ 5.86314, 48.59722 ], [ 6.04331, 48.59722 ], [ 6.04331, 48.77739 ], [ 5.95323, 48.77739 ], [ 5.95323, 48.86747 ], [ 5.86314, 48.86747 ], [ 5.86314, 48.95756 ], [ 5.77306, 48.95756 ] ] ], [ [ [ 1.98948, 50.21875 ], [ 1.98948, 50.03858 ], [ 1.8994, 50.03858 ], [ 1.8994, 49.85841 ], [ 2.07957, 49.85841 ], [ 2.07957, 49.76832 ], [ 2.25974, 49.76832 ], [ 2.25974, 49.67824 ], [ 1.8994, 49.67824 ], [ 1.8994, 49.58815 ], [ 1.80931, 49.58815 ], [ 1.80931, 49.49807 ], [ 1.8994, 49.49807 ], [ 1.8994, 49.40798 ], [ 1.80931, 49.40798 ], [ 1.80931, 49.3179 ], [ 1.71923, 49.3179 ], [ 1.71923, 49.13773 ], [ 1.98948, 49.13773 ], [ 1.98948, 49.22781 ], [ 2.07957, 49.22781 ], [ 2.07957, 49.13773 ], [ 2.98042, 49.13773 ], [ 2.98042, 49.22781 ], [ 3.34076, 49.22781 ], [ 3.34076, 48.86747 ], [ 2.98042, 48.86747 ], [ 2.98042, 48.77739 ], [ 2.89034, 48.77739 ], [ 2.89034, 48.6873 ], [ 2.98042, 48.6873 ], [ 2.98042, 48.59722 ], [ 3.07051, 48.59722 ], [ 3.07051, 48.6873 ], [ 3.43085, 48.6873 ], [ 3.43085, 48.77739 ], [ 3.52093, 48.77739 ], [ 3.52093, 48.86747 ], [ 3.61102, 48.86747 ], [ 3.61102, 48.95756 ], [ 3.79119, 48.95756 ], [ 3.79119, 49.04764 ], [ 3.7011, 49.04764 ], [ 3.7011, 49.22781 ], [ 3.52093, 49.22781 ], [ 3.52093, 49.3179 ], [ 3.07051, 49.3179 ], [ 3.07051, 49.49807 ], [ 3.25068, 49.49807 ], [ 3.25068, 49.58815 ], [ 3.43085, 49.58815 ], [ 3.43085, 49.67824 ], [ 3.52093, 49.67824 ], [ 3.52093, 49.76832 ], [ 3.79119, 49.76832 ], [ 3.79119, 49.85841 ], [ 3.7011, 49.85841 ], [ 3.7011, 49.94849 ], [ 3.07051, 49.94849 ], [ 3.07051, 50.03858 ], [ 2.98042, 50.03858 ], [ 2.98042, 50.12866 ], [ 2.80025, 50.12866 ], [ 2.80025, 50.03858 ], [ 2.62008, 50.03858 ], [ 2.62008, 50.12866 ], [ 2.43991, 50.12866 ], [ 2.43991, 50.03858 ], [ 2.34983, 50.03858 ], [ 2.34983, 50.12866 ], [ 2.07957, 50.12866 ], [ 2.07957, 50.21875 ], [ 1.98948, 50.21875 ] ], [ [ 2.07957, 49.49807 ], [ 2.80025, 49.49807 ], [ 2.80025, 49.40798 ], [ 2.71017, 49.40798 ], [ 2.71017, 49.3179 ], [ 2.43991, 49.3179 ], [ 2.43991, 49.22781 ], [ 2.34983, 49.22781 ], [ 2.34983, 49.3179 ], [ 2.25974, 49.3179 ], [ 2.25974, 49.40798 ], [ 2.07957, 49.40798 ], [ 2.07957, 49.49807 ] ], [ [ 1.8994, 49.40798 ], [ 2.07957, 49.40798 ], [ 2.07957, 49.3179 ], [ 1.8994, 49.3179 ], [ 1.8994, 49.40798 ] ], [ [ 3.43085, 48.95756 ], [ 3.52093, 48.95756 ], [ 3.52093, 48.86747 ], [ 3.43085, 48.86747 ], [ 3.43085, 48.95756 ] ] ], [ [ [ 3.61102, 48.6873 ], [ 3.61102, 48.59722 ], [ 3.79119, 48.59722 ], [ 3.79119, 48.6873 ], [ 3.61102, 48.6873 ] ] ], [ [ [ 4.15153, 48.6873 ], [ 4.15153, 48.59722 ], [ 4.3317, 48.59722 ], [ 4.3317, 48.6873 ], [ 4.15153, 48.6873 ] ] ], [ [ [ 7.9351, 49.04764 ], [ 7.9351, 48.86747 ], [ 7.75493, 48.86747 ], [ 7.75493, 48.6873 ], [ 7.84502, 48.6873 ], [ 7.84502, 48.50713 ], [ 8.02519, 48.50713 ], [ 8.02519, 48.59722 ], [ 8.11527, 48.59722 ], [ 8.11527, 48.6873 ], [ 7.9351, 48.6873 ], [ 7.9351, 48.77739 ], [ 8.02519, 48.77739 ], [ 8.02519, 48.86747 ], [ 8.11527, 48.86747 ], [ 8.11527, 49.04764 ], [ 7.9351, 49.04764 ] ] ], [ [ [ 3.52093, 48.59722 ], [ 3.52093, 48.50713 ], [ 3.61102, 48.50713 ], [ 3.61102, 48.59722 ], [ 3.52093, 48.59722 ] ] ], [ [ [ -2.51477, 48.59722 ], [ -2.51477, 48.41705 ], [ -2.42468, 48.41705 ], [ -2.42468, 48.50713 ], [ -1.97426, 48.50713 ], [ -1.97426, 48.59722 ], [ -2.51477, 48.59722 ] ] ], [ [ [ 4.06144, 48.41705 ], [ 4.06144, 48.32696 ], [ 4.3317, 48.32696 ], [ 4.3317, 48.41705 ], [ 4.06144, 48.41705 ] ] ], [ [ [ 6.58382, 48.41705 ], [ 6.58382, 48.23687 ], [ 6.67391, 48.23687 ], [ 6.67391, 48.41705 ], [ 6.58382, 48.41705 ] ] ], [ [ [ 1.2688, 48.23687 ], [ 1.2688, 48.14679 ], [ 1.35889, 48.14679 ], [ 1.35889, 48.23687 ], [ 1.2688, 48.23687 ] ] ], [ [ [ 3.52093, 48.32696 ], [ 3.52093, 48.23687 ], [ 3.61102, 48.23687 ], [ 3.61102, 48.14679 ], [ 3.52093, 48.14679 ], [ 3.52093, 48.0567 ], [ 3.88127, 48.0567 ], [ 3.88127, 48.14679 ], [ 4.06144, 48.14679 ], [ 4.06144, 48.23687 ], [ 3.97136, 48.23687 ], [ 3.97136, 48.32696 ], [ 3.52093, 48.32696 ] ] ], [ [ [ 0.36795, 49.76832 ], [ 0.36795, 49.67824 ], [ 0.18778, 49.67824 ], [ 0.18778, 49.58815 ], [ 0.0977, 49.58815 ], [ 0.0977, 49.67824 ], [ 0.00761, 49.67824 ], [ 0.00761, 49.40798 ], [ 0.27787, 49.40798 ], [ 0.27787, 49.3179 ], [ 0.36795, 49.3179 ], [ 0.36795, 49.04764 ], [ 0.18778, 49.04764 ], [ 0.18778, 48.95756 ], [ 0.00761, 48.95756 ], [ 0.00761, 48.86747 ], [ -0.26264, 48.86747 ], [ -0.26264, 48.95756 ], [ -0.62298, 48.95756 ], [ -0.62298, 48.86747 ], [ -0.71307, 48.86747 ], [ -0.71307, 48.77739 ], [ -0.80315, 48.77739 ], [ -0.80315, 48.6873 ], [ -0.89324, 48.6873 ], [ -0.89324, 48.77739 ], [ -1.07341, 48.77739 ], [ -1.07341, 48.86747 ], [ -1.16349, 48.86747 ], [ -1.16349, 48.95756 ], [ -0.80315, 48.95756 ], [ -0.80315, 49.04764 ], [ -0.71307, 49.04764 ], [ -0.71307, 49.13773 ], [ -0.98332, 49.13773 ], [ -0.98332, 49.22781 ], [ -1.07341, 49.22781 ], [ -1.07341, 49.3179 ], [ -1.25358, 49.3179 ], [ -1.25358, 49.40798 ], [ -1.34366, 49.40798 ], [ -1.34366, 49.49807 ], [ -1.43375, 49.49807 ], [ -1.43375, 49.58815 ], [ -1.52383, 49.58815 ], [ -1.52383, 49.49807 ], [ -1.61392, 49.49807 ], [ -1.61392, 49.58815 ], [ -1.79409, 49.58815 ], [ -1.79409, 49.49807 ], [ -1.704, 49.49807 ], [ -1.704, 49.3179 ], [ -1.61392, 49.3179 ], [ -1.61392, 48.77739 ], [ -1.34366, 48.77739 ], [ -1.34366, 48.59722 ], [ -1.43375, 48.59722 ], [ -1.43375, 48.41705 ], [ -1.34366, 48.41705 ], [ -1.34366, 48.50713 ], [ -1.07341, 48.50713 ], [ -1.07341, 48.41705 ], [ -0.98332, 48.41705 ], [ -0.98332, 48.32696 ], [ -0.80315, 48.32696 ], [ -0.80315, 48.41705 ], [ -0.71307, 48.41705 ], [ -0.71307, 48.50713 ], [ -0.5329, 48.50713 ], [ -0.5329, 48.32696 ], [ -0.44281, 48.32696 ], [ -0.44281, 48.23687 ], [ -0.26264, 48.23687 ], [ -0.26264, 48.0567 ], [ -0.08247, 48.0567 ], [ -0.08247, 48.23687 ], [ -0.17256, 48.23687 ], [ -0.17256, 48.32696 ], [ 0.63821, 48.32696 ], [ 0.63821, 48.41705 ], [ 0.36795, 48.41705 ], [ 0.36795, 48.59722 ], [ 0.54812, 48.59722 ], [ 0.54812, 48.50713 ], [ 0.81838, 48.50713 ], [ 0.81838, 48.41705 ], [ 0.90846, 48.41705 ], [ 0.90846, 48.32696 ], [ 0.81838, 48.32696 ], [ 0.81838, 48.0567 ], [ 0.99855, 48.0567 ], [ 0.99855, 47.96662 ], [ 1.17872, 47.96662 ], [ 1.17872, 48.0567 ], [ 1.08863, 48.0567 ], [ 1.08863, 48.14679 ], [ 0.99855, 48.14679 ], [ 0.99855, 48.23687 ], [ 1.17872, 48.23687 ], [ 1.17872, 48.41705 ], [ 1.2688, 48.41705 ], [ 1.2688, 48.50713 ], [ 1.17872, 48.50713 ], [ 1.17872, 48.59722 ], [ 1.2688, 48.59722 ], [ 1.2688, 48.6873 ], [ 1.44897, 48.6873 ], [ 1.44897, 48.77739 ], [ 1.53906, 48.77739 ], [ 1.53906, 48.95756 ], [ 1.44897, 48.95756 ], [ 1.44897, 48.86747 ], [ 1.35889, 48.86747 ], [ 1.35889, 48.77739 ], [ 0.99855, 48.77739 ], [ 0.99855, 48.6873 ], [ 0.90846, 48.6873 ], [ 0.90846, 48.77739 ], [ 0.81838, 48.77739 ], [ 0.81838, 48.95756 ], [ 0.72829, 48.95756 ], [ 0.72829, 49.04764 ], [ 0.81838, 49.04764 ], [ 0.81838, 49.13773 ], [ 0.72829, 49.13773 ], [ 0.72829, 49.22781 ], [ 0.99855, 49.22781 ], [ 0.99855, 49.3179 ], [ 0.81838, 49.3179 ], [ 0.81838, 49.40798 ], [ 0.72829, 49.40798 ], [ 0.72829, 49.3179 ], [ 0.45804, 49.3179 ], [ 0.45804, 49.76832 ], [ 0.36795, 49.76832 ] ], [ [ 0.27787, 49.58815 ], [ 0.36795, 49.58815 ], [ 0.36795, 49.49807 ], [ 0.27787, 49.49807 ], [ 0.27787, 49.58815 ] ], [ [ 0.36795, 48.95756 ], [ 0.45804, 48.95756 ], [ 0.45804, 48.86747 ], [ 0.63821, 48.86747 ], [ 0.63821, 48.6873 ], [ 0.27787, 48.6873 ], [ 0.27787, 48.86747 ], [ 0.36795, 48.86747 ], [ 0.36795, 48.95756 ] ], [ [ -1.25358, 48.86747 ], [ -1.16349, 48.86747 ], [ -1.16349, 48.77739 ], [ -1.25358, 48.77739 ], [ -1.25358, 48.86747 ] ], [ [ -1.25358, 48.6873 ], [ -1.16349, 48.6873 ], [ -1.16349, 48.59722 ], [ -1.25358, 48.59722 ], [ -1.25358, 48.6873 ] ] ], [ [ [ 5.05238, 48.6873 ], [ 5.05238, 48.59722 ], [ 4.60195, 48.59722 ], [ 4.60195, 48.50713 ], [ 4.87221, 48.50713 ], [ 4.87221, 48.41705 ], [ 4.69204, 48.41705 ], [ 4.69204, 48.32696 ], [ 4.60195, 48.32696 ], [ 4.60195, 48.23687 ], [ 4.51187, 48.23687 ], [ 4.51187, 48.0567 ], [ 4.78212, 48.0567 ], [ 4.78212, 47.96662 ], [ 4.96229, 47.96662 ], [ 4.96229, 48.0567 ], [ 5.05238, 48.0567 ], [ 5.05238, 48.14679 ], [ 4.96229, 48.14679 ], [ 4.96229, 48.23687 ], [ 4.87221, 48.23687 ], [ 4.87221, 48.32696 ], [ 4.96229, 48.32696 ], [ 4.96229, 48.41705 ], [ 5.14246, 48.41705 ], [ 5.14246, 48.6873 ], [ 5.05238, 48.6873 ] ], [ [ 4.69204, 48.23687 ], [ 4.87221, 48.23687 ], [ 4.87221, 48.14679 ], [ 4.69204, 48.14679 ], [ 4.69204, 48.23687 ] ] ], [ [ [ 4.15153, 48.14679 ], [ 4.15153, 48.0567 ], [ 3.97136, 48.0567 ], [ 3.97136, 47.96662 ], [ 4.3317, 47.96662 ], [ 4.3317, 48.14679 ], [ 4.15153, 48.14679 ] ] ], [ [ [ 4.42178, 48.0567 ], [ 4.42178, 47.96662 ], [ 4.51187, 47.96662 ], [ 4.51187, 48.0567 ], [ 4.42178, 48.0567 ] ] ], [ [ [ 4.69204, 47.96662 ], [ 4.69204, 47.87653 ], [ 4.78212, 47.87653 ], [ 4.78212, 47.96662 ], [ 4.69204, 47.96662 ] ] ], [ [ [ 6.1334, 47.96662 ], [ 6.1334, 47.87653 ], [ 6.22348, 47.87653 ], [ 6.22348, 47.96662 ], [ 6.1334, 47.96662 ] ] ], [ [ [ 5.77306, 47.96662 ], [ 5.77306, 47.78645 ], [ 5.86314, 47.78645 ], [ 5.86314, 47.87653 ], [ 5.95323, 47.87653 ], [ 5.95323, 47.78645 ], [ 6.1334, 47.78645 ], [ 6.1334, 47.87653 ], [ 6.04331, 47.87653 ], [ 6.04331, 47.96662 ], [ 5.77306, 47.96662 ] ] ], [ [ [ 4.51187, 47.87653 ], [ 4.51187, 47.78645 ], [ 4.69204, 47.78645 ], [ 4.69204, 47.87653 ], [ 4.51187, 47.87653 ] ] ], [ [ [ 4.69204, 47.78645 ], [ 4.69204, 47.69636 ], [ 4.78212, 47.69636 ], [ 4.78212, 47.78645 ], [ 4.69204, 47.78645 ] ] ], [ [ [ 5.86314, 47.78645 ], [ 5.86314, 47.69636 ], [ 5.95323, 47.69636 ], [ 5.95323, 47.78645 ], [ 5.86314, 47.78645 ] ] ], [ [ [ 3.25068, 47.96662 ], [ 3.25068, 47.78645 ], [ 2.98042, 47.78645 ], [ 2.98042, 47.60628 ], [ 3.07051, 47.60628 ], [ 3.07051, 47.51619 ], [ 3.34076, 47.51619 ], [ 3.34076, 47.60628 ], [ 3.43085, 47.60628 ], [ 3.43085, 47.69636 ], [ 3.52093, 47.69636 ], [ 3.52093, 47.78645 ], [ 3.34076, 47.78645 ], [ 3.34076, 47.96662 ], [ 3.25068, 47.96662 ] ] ], [ [ [ 4.24161, 47.78645 ], [ 4.24161, 47.69636 ], [ 4.06144, 47.69636 ], [ 4.06144, 47.60628 ], [ 4.42178, 47.60628 ], [ 4.42178, 47.51619 ], [ 4.51187, 47.51619 ], [ 4.51187, 47.78645 ], [ 4.24161, 47.78645 ] ] ], [ [ [ 5.05238, 47.69636 ], [ 5.05238, 47.51619 ], [ 5.14246, 47.51619 ], [ 5.14246, 47.69636 ], [ 5.05238, 47.69636 ] ] ], [ [ [ 3.97136, 47.51619 ], [ 3.97136, 47.42611 ], [ 4.24161, 47.42611 ], [ 4.24161, 47.51619 ], [ 3.97136, 47.51619 ] ] ], [ [ [ 2.62008, 47.42611 ], [ 2.62008, 47.33602 ], [ 2.71017, 47.33602 ], [ 2.71017, 47.42611 ], [ 2.62008, 47.42611 ] ] ], [ [ [ 4.60195, 47.33602 ], [ 4.60195, 47.24594 ], [ 4.69204, 47.24594 ], [ 4.69204, 47.33602 ], [ 4.60195, 47.33602 ] ] ], [ [ [ 4.78212, 47.15585 ], [ 4.78212, 47.06577 ], [ 4.87221, 47.06577 ], [ 4.87221, 47.15585 ], [ 4.78212, 47.15585 ] ] ], [ [ [ 4.3317, 47.24594 ], [ 4.3317, 46.97568 ], [ 4.60195, 46.97568 ], [ 4.60195, 47.24594 ], [ 4.3317, 47.24594 ] ] ], [ [ [ 4.51187, 46.8856 ], [ 4.51187, 46.79551 ], [ 4.60195, 46.79551 ], [ 4.60195, 46.8856 ], [ 4.51187, 46.8856 ] ] ], [ [ [ 3.34076, 47.42611 ], [ 3.34076, 47.24594 ], [ 3.43085, 47.24594 ], [ 3.43085, 47.15585 ], [ 3.34076, 47.15585 ], [ 3.34076, 47.06577 ], [ 3.61102, 47.06577 ], [ 3.61102, 46.8856 ], [ 3.7011, 46.8856 ], [ 3.7011, 46.70543 ], [ 4.06144, 46.70543 ], [ 4.06144, 46.97568 ], [ 3.88127, 46.97568 ], [ 3.88127, 47.06577 ], [ 3.97136, 47.06577 ], [ 3.97136, 47.33602 ], [ 3.88127, 47.33602 ], [ 3.88127, 47.42611 ], [ 3.7011, 47.42611 ], [ 3.7011, 47.24594 ], [ 3.52093, 47.24594 ], [ 3.52093, 47.33602 ], [ 3.43085, 47.33602 ], [ 3.43085, 47.42611 ], [ 3.34076, 47.42611 ] ] ], [ [ [ 4.15153, 46.79551 ], [ 4.15153, 46.70543 ], [ 4.24161, 46.70543 ], [ 4.24161, 46.79551 ], [ 4.15153, 46.79551 ] ] ], [ [ [ 2.71017, 46.70543 ], [ 2.71017, 46.61534 ], [ 2.80025, 46.61534 ], [ 2.80025, 46.70543 ], [ 2.71017, 46.70543 ] ] ], [ [ [ 2.07957, 46.61534 ], [ 2.07957, 46.52526 ], [ 2.16966, 46.52526 ], [ 2.16966, 46.61534 ], [ 2.07957, 46.61534 ] ] ], [ [ [ 4.24161, 46.61534 ], [ 4.24161, 46.43517 ], [ 4.3317, 46.43517 ], [ 4.3317, 46.52526 ], [ 4.42178, 46.52526 ], [ 4.42178, 46.61534 ], [ 4.24161, 46.61534 ] ] ], [ [ [ 1.62914, 46.52526 ], [ 1.62914, 46.43517 ], [ 1.80931, 46.43517 ], [ 1.80931, 46.52526 ], [ 1.62914, 46.52526 ] ] ], [ [ [ 4.60195, 46.52526 ], [ 4.60195, 46.43517 ], [ 4.69204, 46.43517 ], [ 4.69204, 46.52526 ], [ 4.60195, 46.52526 ] ] ], [ [ [ 3.61102, 46.43517 ], [ 3.61102, 46.34509 ], [ 3.7011, 46.34509 ], [ 3.7011, 46.43517 ], [ 3.61102, 46.43517 ] ] ], [ [ [ 4.15153, 46.43517 ], [ 4.15153, 46.34509 ], [ 4.24161, 46.34509 ], [ 4.24161, 46.43517 ], [ 4.15153, 46.43517 ] ] ], [ [ [ 2.34983, 46.34509 ], [ 2.34983, 46.255 ], [ 2.62008, 46.255 ], [ 2.62008, 46.34509 ], [ 2.34983, 46.34509 ] ] ], [ [ [ 2.80025, 46.34509 ], [ 2.80025, 46.255 ], [ 2.89034, 46.255 ], [ 2.89034, 46.34509 ], [ 2.80025, 46.34509 ] ] ], [ [ [ 3.7011, 46.34509 ], [ 3.7011, 46.255 ], [ 3.79119, 46.255 ], [ 3.79119, 46.34509 ], [ 3.7011, 46.34509 ] ] ], [ [ [ 2.25974, 46.255 ], [ 2.25974, 46.16492 ], [ 2.34983, 46.16492 ], [ 2.34983, 46.255 ], [ 2.25974, 46.255 ] ] ], [ [ [ 2.62008, 46.255 ], [ 2.62008, 46.16492 ], [ 2.71017, 46.16492 ], [ 2.71017, 46.255 ], [ 2.62008, 46.255 ] ] ], [ [ [ 3.43085, 46.255 ], [ 3.43085, 46.16492 ], [ 3.7011, 46.16492 ], [ 3.7011, 46.255 ], [ 3.43085, 46.255 ] ] ], [ [ [ 2.43991, 46.16492 ], [ 2.43991, 46.07483 ], [ 2.62008, 46.07483 ], [ 2.62008, 46.16492 ], [ 2.43991, 46.16492 ] ] ], [ [ [ 2.80025, 46.16492 ], [ 2.80025, 46.07483 ], [ 2.89034, 46.07483 ], [ 2.89034, 46.16492 ], [ 2.80025, 46.16492 ] ] ], [ [ [ 2.98042, 46.16492 ], [ 2.98042, 46.07483 ], [ 3.07051, 46.07483 ], [ 3.07051, 46.16492 ], [ 2.98042, 46.16492 ] ] ], [ [ [ 1.2688, 46.07483 ], [ 1.2688, 45.98475 ], [ 1.35889, 45.98475 ], [ 1.35889, 46.07483 ], [ 1.2688, 46.07483 ] ] ], [ [ [ 2.34983, 46.07483 ], [ 2.34983, 45.98475 ], [ 2.43991, 45.98475 ], [ 2.43991, 46.07483 ], [ 2.34983, 46.07483 ] ] ], [ [ [ 1.98948, 46.52526 ], [ 1.98948, 46.16492 ], [ 1.8994, 46.16492 ], [ 1.8994, 46.07483 ], [ 1.71923, 46.07483 ], [ 1.71923, 46.255 ], [ 1.62914, 46.255 ], [ 1.62914, 46.16492 ], [ 1.53906, 46.16492 ], [ 1.53906, 46.07483 ], [ 1.44897, 46.07483 ], [ 1.44897, 45.98475 ], [ 1.53906, 45.98475 ], [ 1.53906, 45.71449 ], [ 1.8994, 45.71449 ], [ 1.8994, 45.80458 ], [ 1.62914, 45.80458 ], [ 1.62914, 45.89466 ], [ 1.71923, 45.89466 ], [ 1.71923, 45.98475 ], [ 1.8994, 45.98475 ], [ 1.8994, 45.89466 ], [ 1.98948, 45.89466 ], [ 1.98948, 45.98475 ], [ 2.07957, 45.98475 ], [ 2.07957, 45.89466 ], [ 2.16966, 45.89466 ], [ 2.16966, 45.98475 ], [ 2.25974, 45.98475 ], [ 2.25974, 46.07483 ], [ 2.16966, 46.07483 ], [ 2.16966, 46.255 ], [ 2.07957, 46.255 ], [ 2.07957, 46.34509 ], [ 2.34983, 46.34509 ], [ 2.34983, 46.52526 ], [ 2.16966, 46.52526 ], [ 2.16966, 46.43517 ], [ 2.07957, 46.43517 ], [ 2.07957, 46.52526 ], [ 1.98948, 46.52526 ] ], [ [ 1.98948, 46.16492 ], [ 2.07957, 46.16492 ], [ 2.07957, 46.07483 ], [ 1.98948, 46.07483 ], [ 1.98948, 46.16492 ] ] ], [ [ [ 3.34076, 45.80458 ], [ 3.34076, 45.71449 ], [ 3.43085, 45.71449 ], [ 3.43085, 45.80458 ], [ 3.34076, 45.80458 ] ] ], [ [ [ 2.98042, 45.80458 ], [ 2.98042, 45.62441 ], [ 3.07051, 45.62441 ], [ 3.07051, 45.80458 ], [ 2.98042, 45.80458 ] ] ], [ [ [ 0.90846, 45.71449 ], [ 0.90846, 45.62441 ], [ 1.08863, 45.62441 ], [ 1.08863, 45.71449 ], [ 0.90846, 45.71449 ] ] ], [ [ [ 6.31357, 45.71449 ], [ 6.31357, 45.62441 ], [ 6.40365, 45.62441 ], [ 6.40365, 45.71449 ], [ 6.31357, 45.71449 ] ] ], [ [ [ 1.44897, 45.62441 ], [ 1.44897, 45.53432 ], [ 1.53906, 45.53432 ], [ 1.53906, 45.62441 ], [ 1.44897, 45.62441 ] ] ], [ [ [ 2.16966, 45.62441 ], [ 2.16966, 45.53432 ], [ 2.25974, 45.53432 ], [ 2.25974, 45.62441 ], [ 2.16966, 45.62441 ] ] ], [ [ [ 1.80931, 45.53432 ], [ 1.80931, 45.44424 ], [ 1.8994, 45.44424 ], [ 1.8994, 45.53432 ], [ 1.80931, 45.53432 ] ] ], [ [ [ 5.95323, 45.53432 ], [ 5.95323, 45.44424 ], [ 6.04331, 45.44424 ], [ 6.04331, 45.53432 ], [ 5.95323, 45.53432 ] ] ], [ [ [ 1.53906, 45.44424 ], [ 1.53906, 45.35415 ], [ 1.62914, 45.35415 ], [ 1.62914, 45.44424 ], [ 1.53906, 45.44424 ] ] ], [ [ [ 1.98948, 45.53432 ], [ 1.98948, 45.44424 ], [ 1.8994, 45.44424 ], [ 1.8994, 45.35415 ], [ 1.98948, 45.35415 ], [ 1.98948, 45.26407 ], [ 2.07957, 45.26407 ], [ 2.07957, 45.53432 ], [ 1.98948, 45.53432 ] ] ], [ [ [ 1.80931, 45.35415 ], [ 1.80931, 45.26407 ], [ 1.8994, 45.26407 ], [ 1.8994, 45.35415 ], [ 1.80931, 45.35415 ] ] ], [ [ [ 1.8994, 45.26407 ], [ 1.8994, 45.17398 ], [ 1.98948, 45.17398 ], [ 1.98948, 45.26407 ], [ 1.8994, 45.26407 ] ] ], [ [ [ 1.98948, 45.0839 ], [ 1.98948, 44.99381 ], [ 2.07957, 44.99381 ], [ 2.07957, 45.0839 ], [ 1.98948, 45.0839 ] ] ], [ [ [ 1.8994, 44.99381 ], [ 1.8994, 44.90373 ], [ 1.98948, 44.90373 ], [ 1.98948, 44.99381 ], [ 1.8994, 44.99381 ] ] ], [ [ [ 2.25974, 44.99381 ], [ 2.25974, 44.90373 ], [ 2.34983, 44.90373 ], [ 2.34983, 44.99381 ], [ 2.25974, 44.99381 ] ] ], [ [ [ 5.05238, 44.99381 ], [ 5.05238, 44.90373 ], [ 5.14246, 44.90373 ], [ 5.14246, 44.99381 ], [ 5.05238, 44.99381 ] ] ], [ [ [ 2.53, 44.90373 ], [ 2.53, 44.81364 ], [ 2.62008, 44.81364 ], [ 2.62008, 44.90373 ], [ 2.53, 44.90373 ] ] ], [ [ [ 1.98948, 44.90373 ], [ 1.98948, 44.81364 ], [ 1.8994, 44.81364 ], [ 1.8994, 44.72356 ], [ 2.07957, 44.72356 ], [ 2.07957, 44.81364 ], [ 2.25974, 44.81364 ], [ 2.25974, 44.90373 ], [ 1.98948, 44.90373 ] ] ], [ [ [ 2.34983, 44.81364 ], [ 2.34983, 44.72356 ], [ 2.53, 44.72356 ], [ 2.53, 44.81364 ], [ 2.34983, 44.81364 ] ] ], [ [ [ 5.14246, 44.63347 ], [ 5.14246, 44.4533 ], [ 5.23255, 44.4533 ], [ 5.23255, 44.54339 ], [ 5.32263, 44.54339 ], [ 5.32263, 44.63347 ], [ 5.14246, 44.63347 ] ] ], [ [ [ 2.62008, 44.54339 ], [ 2.62008, 44.4533 ], [ 2.71017, 44.4533 ], [ 2.71017, 44.54339 ], [ 2.62008, 44.54339 ] ] ], [ [ [ 2.98042, 44.54339 ], [ 2.98042, 44.4533 ], [ 3.07051, 44.4533 ], [ 3.07051, 44.54339 ], [ 2.98042, 44.54339 ] ] ], [ [ [ 5.95323, 44.54339 ], [ 5.95323, 44.4533 ], [ 6.04331, 44.4533 ], [ 6.04331, 44.54339 ], [ 5.95323, 44.54339 ] ] ], [ [ [ 5.32263, 44.54339 ], [ 5.32263, 44.36322 ], [ 5.41272, 44.36322 ], [ 5.41272, 44.54339 ], [ 5.32263, 44.54339 ] ] ], [ [ [ 2.25974, 44.4533 ], [ 2.25974, 44.36322 ], [ 2.43991, 44.36322 ], [ 2.43991, 44.4533 ], [ 2.25974, 44.4533 ] ] ], [ [ [ 3.52093, 44.4533 ], [ 3.52093, 44.36322 ], [ 3.61102, 44.36322 ], [ 3.61102, 44.4533 ], [ 3.52093, 44.4533 ] ] ], [ [ [ 6.1334, 44.4533 ], [ 6.1334, 44.36322 ], [ 6.22348, 44.36322 ], [ 6.22348, 44.4533 ], [ 6.1334, 44.4533 ] ] ], [ [ [ 1.98948, 44.36322 ], [ 1.98948, 44.27313 ], [ 2.07957, 44.27313 ], [ 2.07957, 44.36322 ], [ 1.98948, 44.36322 ] ] ], [ [ [ 3.61102, 44.36322 ], [ 3.61102, 44.27313 ], [ 3.79119, 44.27313 ], [ 3.79119, 44.36322 ], [ 3.61102, 44.36322 ] ] ], [ [ [ 5.59289, 44.4533 ], [ 5.59289, 44.18305 ], [ 5.68297, 44.18305 ], [ 5.68297, 44.4533 ], [ 5.59289, 44.4533 ] ] ], [ [ [ 6.31357, 44.27313 ], [ 6.31357, 44.18305 ], [ 6.40365, 44.18305 ], [ 6.40365, 44.27313 ], [ 6.31357, 44.27313 ] ] ], [ [ [ 2.16966, 44.18305 ], [ 2.16966, 44.09296 ], [ 2.25974, 44.09296 ], [ 2.25974, 44.18305 ], [ 2.16966, 44.18305 ] ] ], [ [ [ 2.62008, 44.18305 ], [ 2.62008, 44.09296 ], [ 2.71017, 44.09296 ], [ 2.71017, 44.18305 ], [ 2.62008, 44.18305 ] ] ], [ [ [ 3.7011, 44.18305 ], [ 3.7011, 44.09296 ], [ 3.79119, 44.09296 ], [ 3.79119, 44.18305 ], [ 3.7011, 44.18305 ] ] ], [ [ [ 5.23255, 44.18305 ], [ 5.23255, 44.09296 ], [ 5.5028, 44.09296 ], [ 5.5028, 44.18305 ], [ 5.23255, 44.18305 ] ] ], [ [ [ 6.1334, 44.18305 ], [ 6.1334, 44.09296 ], [ 6.22348, 44.09296 ], [ 6.22348, 44.18305 ], [ 6.1334, 44.18305 ] ] ], [ [ [ 2.43991, 44.09296 ], [ 2.43991, 44.00288 ], [ 2.53, 44.00288 ], [ 2.53, 44.09296 ], [ 2.43991, 44.09296 ] ] ], [ [ [ 2.80025, 44.09296 ], [ 2.80025, 44.00288 ], [ 2.89034, 44.00288 ], [ 2.89034, 44.09296 ], [ 2.80025, 44.09296 ] ] ], [ [ [ 3.43085, 44.00288 ], [ 3.43085, 43.91279 ], [ 3.52093, 43.91279 ], [ 3.52093, 44.00288 ], [ 3.43085, 44.00288 ] ] ], [ [ [ 6.22348, 44.00288 ], [ 6.22348, 43.91279 ], [ 6.31357, 43.91279 ], [ 6.31357, 44.00288 ], [ 6.22348, 44.00288 ] ] ], [ [ [ 6.58382, 44.00288 ], [ 6.58382, 43.91279 ], [ 6.67391, 43.91279 ], [ 6.67391, 44.00288 ], [ 6.58382, 44.00288 ] ] ], [ [ [ 7.30451, 43.91279 ], [ 7.30451, 43.82271 ], [ 7.39459, 43.82271 ], [ 7.39459, 43.91279 ], [ 7.30451, 43.91279 ] ] ], [ [ [ 2.53, 43.82271 ], [ 2.53, 43.73262 ], [ 2.62008, 43.73262 ], [ 2.62008, 43.82271 ], [ 2.53, 43.82271 ] ] ], [ [ [ 6.40365, 43.82271 ], [ 6.40365, 43.73262 ], [ 6.1334, 43.73262 ], [ 6.1334, 43.64253 ], [ 6.58382, 43.64253 ], [ 6.58382, 43.73262 ], [ 6.49374, 43.73262 ], [ 6.49374, 43.82271 ], [ 6.40365, 43.82271 ] ] ], [ [ [ 2.62008, 43.55245 ], [ 2.62008, 43.46236 ], [ 2.71017, 43.46236 ], [ 2.71017, 43.55245 ], [ 2.62008, 43.55245 ] ] ], [ [ [ 2.16966, 43.55245 ], [ 2.16966, 43.37228 ], [ 2.34983, 43.37228 ], [ 2.34983, 43.55245 ], [ 2.16966, 43.55245 ] ] ], [ [ [ 1.98948, 43.46236 ], [ 1.98948, 43.37228 ], [ 2.07957, 43.37228 ], [ 2.07957, 43.46236 ], [ 1.98948, 43.46236 ] ] ], [ [ [ 2.43991, 43.46236 ], [ 2.43991, 43.37228 ], [ 2.53, 43.37228 ], [ 2.53, 43.46236 ], [ 2.43991, 43.46236 ] ] ], [ [ [ -1.52383, 43.10202 ], [ -1.52383, 43.01194 ], [ -1.43375, 43.01194 ], [ -1.43375, 43.10202 ], [ -1.52383, 43.10202 ] ] ], [ [ [ -0.71307, 43.10202 ], [ -0.71307, 43.01194 ], [ -0.62298, 43.01194 ], [ -0.62298, 43.10202 ], [ -0.71307, 43.10202 ] ] ], [ [ [ 0.0977, 43.10202 ], [ 0.0977, 43.01194 ], [ 0.18778, 43.01194 ], [ 0.18778, 43.10202 ], [ 0.0977, 43.10202 ] ] ], [ [ [ 0.99855, 43.01194 ], [ 0.99855, 42.92185 ], [ 1.17872, 42.92185 ], [ 1.17872, 43.01194 ], [ 0.99855, 43.01194 ] ] ], [ [ [ 1.2688, 43.01194 ], [ 1.2688, 42.92185 ], [ 1.35889, 42.92185 ], [ 1.35889, 43.01194 ], [ 1.2688, 43.01194 ] ] ], [ [ [ 1.71923, 43.01194 ], [ 1.71923, 42.92185 ], [ 1.80931, 42.92185 ], [ 1.80931, 43.01194 ], [ 1.71923, 43.01194 ] ] ], [ [ [ 2.34983, 42.83177 ], [ 2.34983, 42.74168 ], [ 2.43991, 42.74168 ], [ 2.43991, 42.83177 ], [ 2.34983, 42.83177 ] ] ], [ [ [ 2.53, 42.6516 ], [ 2.53, 42.56151 ], [ 2.62008, 42.56151 ], [ 2.62008, 42.6516 ], [ 2.53, 42.6516 ] ] ], [ [ [ 2.89034, 42.56151 ], [ 2.89034, 42.47143 ], [ 2.98042, 42.47143 ], [ 2.98042, 42.56151 ], [ 2.89034, 42.56151 ] ] ], [ [ [ 8.92604, 42.20117 ], [ 8.92604, 42.11109 ], [ 9.01612, 42.11109 ], [ 9.01612, 42.20117 ], [ 8.92604, 42.20117 ] ] ] ] } },
{ "type": "Feature", "properties": { "date_envol": "16/04/2026", "date_iso": "2026-04-16", "semaine": 16, "date_calcul": "2026-07-22", "annee": 2026, "espece": "Pityogenes chalcographus", "modele": "CHAPY", "seuil_vol": 15.6 }, "geometry": { "type": "MultiPolygon", "coordinates": [ [ [ [ 4.24161, 50.39892 ], [ 4.24161, 50.30883 ], [ 4.3317, 50.30883 ], [ 4.3317, 50.39892 ], [ 4.24161, 50.39892 ] ] ], [ [ [ 3.79119, 50.39892 ], [ 3.79119, 50.30883 ], [ 3.7011, 50.30883 ], [ 3.7011, 50.21875 ], [ 3.88127, 50.21875 ], [ 3.88127, 50.39892 ], [ 3.79119, 50.39892 ] ] ], [ [ [ 3.52093, 50.21875 ], [ 3.52093, 50.12866 ], [ 3.7011, 50.12866 ], [ 3.7011, 50.21875 ], [ 3.52093, 50.21875 ] ] ], [ [ [ 2.34983, 50.12866 ], [ 2.34983, 50.03858 ], [ 2.43991, 50.03858 ], [ 2.43991, 50.12866 ], [ 2.34983, 50.12866 ] ] ], [ [ [ 2.62008, 50.12866 ], [ 2.62008, 50.03858 ], [ 2.80025, 50.03858 ], [ 2.80025, 50.12866 ], [ 2.62008, 50.12866 ] ] ], [ [ [ 4.69204, 50.21875 ], [ 4.69204, 50.12866 ], [ 4.3317, 50.12866 ], [ 4.3317, 50.03858 ], [ 4.78212, 50.03858 ], [ 4.78212, 50.12866 ], [ 4.87221, 50.12866 ], [ 4.87221, 50.21875 ], [ 4.69204, 50.21875 ] ] ], [ [ [ 3.88127, 50.21875 ], [ 3.88127, 49.94849 ], [ 4.15153, 49.94849 ], [ 4.15153, 50.03858 ], [ 4.24161, 50.03858 ], [ 4.24161, 50.12866 ], [ 4.15153, 50.12866 ], [ 4.15153, 50.21875 ], [ 3.88127, 50.21875 ] ] ], [ [ [ 3.34076, 50.12866 ], [ 3.34076, 50.03858 ], [ 3.07051, 50.03858 ], [ 3.07051, 49.94849 ], [ 3.52093, 49.94849 ], [ 3.52093, 50.12866 ], [ 3.34076, 50.12866 ] ] ], [ [ [ 1.62914, 50.03858 ], [ 1.62914, 49.85841 ], [ 1.8994, 49.85841 ], [ 1.8994, 49.94849 ], [ 1.80931, 49.94849 ], [ 1.80931, 50.03858 ], [ 1.62914, 50.03858 ] ] ], [ [ [ 3.7011, 50.03858 ], [ 3.7011, 49.85841 ], [ 3.79119, 49.85841 ], [ 3.79119, 50.03858 ], [ 3.7011, 50.03858 ] ] ], [ [ [ 1.8994, 49.85841 ], [ 1.8994, 49.67824 ], [ 1.98948, 49.67824 ], [ 1.98948, 49.76832 ], [ 2.07957, 49.76832 ], [ 2.07957, 49.85841 ], [ 1.8994, 49.85841 ] ] ], [ [ [ 3.79119, 49.85841 ], [ 3.79119, 49.76832 ], [ 3.88127, 49.76832 ], [ 3.88127, 49.67824 ], [ 4.15153, 49.67824 ], [ 4.15153, 49.76832 ], [ 3.97136, 49.76832 ], [ 3.97136, 49.85841 ], [ 3.79119, 49.85841 ] ] ], [ [ [ 1.62914, 49.76832 ], [ 1.62914, 49.67824 ], [ 1.80931, 49.67824 ], [ 1.80931, 49.76832 ], [ 1.62914, 49.76832 ] ] ], [ [ [ 2.07957, 49.76832 ], [ 2.07957, 49.67824 ], [ 2.25974, 49.67824 ], [ 2.25974, 49.76832 ], [ 2.07957, 49.76832 ] ] ], [ [ [ 4.78212, 49.76832 ], [ 4.78212, 49.67824 ], [ 4.96229, 49.67824 ], [ 4.96229, 49.76832 ], [ 4.78212, 49.76832 ] ] ], [ [ [ 0.0977, 49.76832 ], [ 0.0977, 49.58815 ], [ 0.18778, 49.58815 ], [ 0.18778, 49.76832 ], [ 0.0977, 49.76832 ] ] ], [ [ [ 0.45804, 49.76832 ], [ 0.45804, 49.58815 ], [ 0.81838, 49.58815 ], [ 0.81838, 49.76832 ], [ 0.45804, 49.76832 ] ] ], [ [ [ 1.80931, 49.67824 ], [ 1.80931, 49.58815 ], [ 1.8994, 49.58815 ], [ 1.8994, 49.67824 ], [ 1.80931, 49.67824 ] ] ], [ [ [ 4.96229, 49.67824 ], [ 4.96229, 49.58815 ], [ 5.23255, 49.58815 ], [ 5.23255, 49.67824 ], [ 4.96229, 49.67824 ] ] ], [ [ [ -1.61392, 49.58815 ], [ -1.61392, 49.49807 ], [ -1.52383, 49.49807 ], [ -1.52383, 49.58815 ], [ -1.61392, 49.58815 ] ] ], [ [ [ 0.27787, 49.58815 ], [ 0.27787, 49.49807 ], [ 0.36795, 49.49807 ], [ 0.36795, 49.58815 ], [ 0.27787, 49.58815 ] ] ], [ [ [ 6.1334, 49.58815 ], [ 6.1334, 49.49807 ], [ 6.31357, 49.49807 ], [ 6.31357, 49.58815 ], [ 6.1334, 49.58815 ] ] ], [ [ [ 4.24161, 49.85841 ], [ 4.24161, 49.67824 ], [ 4.42178, 49.67824 ], [ 4.42178, 49.58815 ], [ 4.69204, 49.58815 ], [ 4.69204, 49.49807 ], [ 4.78212, 49.49807 ], [ 4.78212, 49.40798 ], [ 5.05238, 49.40798 ], [ 5.05238, 49.49807 ], [ 4.87221, 49.49807 ], [ 4.87221, 49.58815 ], [ 4.78212, 49.58815 ], [ 4.78212, 49.67824 ], [ 4.69204, 49.67824 ], [ 4.69204, 49.76832 ], [ 4.78212, 49.76832 ], [ 4.78212, 49.85841 ], [ 4.24161, 49.85841 ] ] ], [ [ [ 1.80931, 49.49807 ], [ 1.80931, 49.40798 ], [ 1.8994, 49.40798 ], [ 1.8994, 49.49807 ], [ 1.80931, 49.49807 ] ] ], [ [ [ 5.23255, 49.49807 ], [ 5.23255, 49.40798 ], [ 5.32263, 49.40798 ], [ 5.32263, 49.49807 ], [ 5.23255, 49.49807 ] ] ], [ [ [ 7.39459, 49.49807 ], [ 7.39459, 49.40798 ], [ 7.48468, 49.40798 ], [ 7.48468, 49.49807 ], [ 7.39459, 49.49807 ] ] ], [ [ [ 6.31357, 49.49807 ], [ 6.31357, 49.3179 ], [ 6.40365, 49.3179 ], [ 6.40365, 49.49807 ], [ 6.31357, 49.49807 ] ] ], [ [ [ 1.8994, 49.40798 ], [ 1.8994, 49.3179 ], [ 2.07957, 49.3179 ], [ 2.07957, 49.40798 ], [ 1.8994, 49.40798 ] ] ], [ [ [ 5.41272, 49.40798 ], [ 5.41272, 49.3179 ], [ 5.5028, 49.3179 ], [ 5.5028, 49.40798 ], [ 5.41272, 49.40798 ] ] ], [ [ [ 5.23255, 49.3179 ], [ 5.23255, 49.22781 ], [ 5.32263, 49.22781 ], [ 5.32263, 49.3179 ], [ 5.23255, 49.3179 ] ] ], [ [ [ 6.40365, 49.3179 ], [ 6.40365, 49.13773 ], [ 6.49374, 49.13773 ], [ 6.49374, 49.3179 ], [ 6.40365, 49.3179 ] ] ], [ [ [ 4.87221, 49.22781 ], [ 4.87221, 49.13773 ], [ 5.05238, 49.13773 ], [ 5.05238, 49.22781 ], [ 4.87221, 49.22781 ] ] ], [ [ [ 5.32263, 49.22781 ], [ 5.32263, 49.13773 ], [ 5.41272, 49.13773 ], [ 5.41272, 49.22781 ], [ 5.32263, 49.22781 ] ] ], [ [ [ 5.5028, 49.3179 ], [ 5.5028, 49.13773 ], [ 5.59289, 49.13773 ], [ 5.59289, 49.04764 ], [ 5.77306, 49.04764 ], [ 5.77306, 49.22781 ], [ 5.68297, 49.22781 ], [ 5.68297, 49.3179 ], [ 5.5028, 49.3179 ] ] ], [ [ [ -0.62298, 49.04764 ], [ -0.62298, 48.95756 ], [ -0.5329, 48.95756 ], [ -0.5329, 49.04764 ], [ -0.62298, 49.04764 ] ] ], [ [ [ 5.41272, 49.04764 ], [ 5.41272, 48.95756 ], [ 5.5028, 48.95756 ], [ 5.5028, 49.04764 ], [ 5.41272, 49.04764 ] ] ], [ [ [ 5.77306, 49.3179 ], [ 5.77306, 49.22781 ], [ 5.95323, 49.22781 ], [ 5.95323, 49.04764 ], [ 5.77306, 49.04764 ], [ 5.77306, 48.95756 ], [ 6.31357, 48.95756 ], [ 6.31357, 49.13773 ], [ 6.1334, 49.13773 ], [ 6.1334, 49.04764 ], [ 6.04331, 49.04764 ], [ 6.04331, 49.22781 ], [ 6.22348, 49.22781 ], [ 6.22348, 49.3179 ], [ 5.77306, 49.3179 ] ] ], [ [ [ -1.16349, 48.95756 ], [ -1.16349, 48.86747 ], [ -1.07341, 48.86747 ], [ -1.07341, 48.95756 ], [ -1.16349, 48.95756 ] ] ], [ [ [ -0.80315, 48.95756 ], [ -0.80315, 48.86747 ], [ -0.62298, 48.86747 ], [ -0.62298, 48.95756 ], [ -0.80315, 48.95756 ] ] ], [ [ [ 3.43085, 48.95756 ], [ 3.43085, 48.86747 ], [ 3.52093, 48.86747 ], [ 3.52093, 48.95756 ], [ 3.43085, 48.95756 ] ] ], [ [ [ 6.94417, 49.13773 ], [ 6.94417, 48.95756 ], [ 6.85408, 48.95756 ], [ 6.85408, 48.86747 ], [ 7.12434, 48.86747 ], [ 7.12434, 49.13773 ], [ 6.94417, 49.13773 ] ] ], [ [ [ -1.25358, 48.86747 ], [ -1.25358, 48.77739 ], [ -1.16349, 48.77739 ], [ -1.16349, 48.86747 ], [ -1.25358, 48.86747 ] ] ], [ [ [ 5.95323, 48.86747 ], [ 5.95323, 48.77739 ], [ 6.04331, 48.77739 ], [ 6.04331, 48.86747 ], [ 5.95323, 48.86747 ] ] ], [ [ [ 8.20536, 48.86747 ], [ 8.20536, 48.77739 ], [ 8.38553, 48.77739 ], [ 8.38553, 48.86747 ], [ 8.20536, 48.86747 ] ] ], [ [ [ 0.36795, 48.95756 ], [ 0.36795, 48.86747 ], [ 0.27787, 48.86747 ], [ 0.27787, 48.6873 ], [ 0.63821, 48.6873 ], [ 0.63821, 48.86747 ], [ 0.45804, 48.86747 ], [ 0.45804, 48.95756 ], [ 0.36795, 48.95756 ] ] ], [ [ [ 7.57476, 48.95756 ], [ 7.57476, 48.86747 ], [ 7.39459, 48.86747 ], [ 7.39459, 48.77739 ], [ 7.48468, 48.77739 ], [ 7.48468, 48.6873 ], [ 7.75493, 48.6873 ], [ 7.75493, 48.86747 ], [ 7.9351, 48.86747 ], [ 7.9351, 48.95756 ], [ 7.57476, 48.95756 ] ] ], [ [ [ 5.5028, 48.77739 ], [ 5.5028, 48.6873 ], [ 5.59289, 48.6873 ], [ 5.59289, 48.77739 ], [ 5.5028, 48.77739 ] ] ], [ [ [ 6.1334, 48.86747 ], [ 6.1334, 48.77739 ], [ 6.04331, 48.77739 ], [ 6.04331, 48.6873 ], [ 6.22348, 48.6873 ], [ 6.22348, 48.77739 ], [ 6.40365, 48.77739 ], [ 6.40365, 48.86747 ], [ 6.1334, 48.86747 ] ] ], [ [ [ 6.67391, 48.86747 ], [ 6.67391, 48.77739 ], [ 6.58382, 48.77739 ], [ 6.58382, 48.6873 ], [ 6.76399, 48.6873 ], [ 6.76399, 48.77739 ], [ 6.85408, 48.77739 ], [ 6.85408, 48.86747 ], [ 6.67391, 48.86747 ] ] ], [ [ [ 7.12434, 48.77739 ], [ 7.12434, 48.6873 ], [ 7.21442, 48.6873 ], [ 7.21442, 48.77739 ], [ 7.12434, 48.77739 ] ] ], [ [ [ -3.59579, 48.6873 ], [ -3.59579, 48.59722 ], [ -3.50571, 48.59722 ], [ -3.50571, 48.6873 ], [ -3.59579, 48.6873 ] ] ], [ [ [ 7.03425, 48.6873 ], [ 7.03425, 48.59722 ], [ 7.12434, 48.59722 ], [ 7.12434, 48.6873 ], [ 7.03425, 48.6873 ] ] ], [ [ [ 1.17872, 48.59722 ], [ 1.17872, 48.50713 ], [ 1.35889, 48.50713 ], [ 1.35889, 48.59722 ], [ 1.17872, 48.59722 ] ] ], [ [ [ 6.76399, 48.59722 ], [ 6.76399, 48.50713 ], [ 6.94417, 48.50713 ], [ 6.94417, 48.59722 ], [ 6.76399, 48.59722 ] ] ], [ [ [ 8.02519, 48.59722 ], [ 8.02519, 48.50713 ], [ 8.11527, 48.50713 ], [ 8.11527, 48.59722 ], [ 8.02519, 48.59722 ] ] ], [ [ [ 7.48468, 48.59722 ], [ 7.48468, 48.50713 ], [ 7.39459, 48.50713 ], [ 7.39459, 48.41705 ], [ 7.57476, 48.41705 ], [ 7.57476, 48.50713 ], [ 7.66485, 48.50713 ], [ 7.66485, 48.59722 ], [ 7.48468, 48.59722 ] ] ], [ [ [ 6.67391, 48.41705 ], [ 6.67391, 48.32696 ], [ 6.76399, 48.32696 ], [ 6.76399, 48.41705 ], [ 6.67391, 48.41705 ] ] ], [ [ [ 6.22348, 48.41705 ], [ 6.22348, 48.32696 ], [ 6.31357, 48.32696 ], [ 6.31357, 48.23687 ], [ 6.58382, 48.23687 ], [ 6.58382, 48.41705 ], [ 6.22348, 48.41705 ] ] ], [ [ [ 7.9351, 48.41705 ], [ 7.9351, 48.32696 ], [ 8.02519, 48.32696 ], [ 8.02519, 48.23687 ], [ 8.11527, 48.23687 ], [ 8.11527, 48.41705 ], [ 7.9351, 48.41705 ] ] ], [ [ [ -3.68588, 48.32696 ], [ -3.68588, 48.23687 ], [ -3.59579, 48.23687 ], [ -3.59579, 48.32696 ], [ -3.68588, 48.32696 ] ] ], [ [ [ 4.96229, 48.41705 ], [ 4.96229, 48.32696 ], [ 4.87221, 48.32696 ], [ 4.87221, 48.23687 ], [ 5.05238, 48.23687 ], [ 5.05238, 48.32696 ], [ 5.23255, 48.32696 ], [ 5.23255, 48.41705 ], [ 4.96229, 48.41705 ] ] ], [ [ [ 6.04331, 48.32696 ], [ 6.04331, 48.23687 ], [ 6.22348, 48.23687 ], [ 6.22348, 48.32696 ], [ 6.04331, 48.32696 ] ] ], [ [ [ 7.84502, 48.32696 ], [ 7.84502, 48.23687 ], [ 7.9351, 48.23687 ], [ 7.9351, 48.32696 ], [ 7.84502, 48.32696 ] ] ], [ [ [ -4.22639, 48.32696 ], [ -4.22639, 48.23687 ], [ -4.1363, 48.23687 ], [ -4.1363, 48.14679 ], [ -4.04622, 48.14679 ], [ -4.04622, 48.23687 ], [ -3.86605, 48.23687 ], [ -3.86605, 48.32696 ], [ -4.22639, 48.32696 ] ] ], [ [ [ -3.50571, 48.86747 ], [ -3.50571, 48.6873 ], [ -2.9652, 48.6873 ], [ -2.9652, 48.50713 ], [ -3.14537, 48.50713 ], [ -3.14537, 48.41705 ], [ -2.87511, 48.41705 ], [ -2.87511, 48.32696 ], [ -2.9652, 48.32696 ], [ -2.9652, 48.14679 ], [ -2.42468, 48.14679 ], [ -2.42468, 48.32696 ], [ -2.51477, 48.32696 ], [ -2.51477, 48.50713 ], [ -2.78503, 48.50713 ], [ -2.78503, 48.59722 ], [ -2.87511, 48.59722 ], [ -2.87511, 48.77739 ], [ -3.14537, 48.77739 ], [ -3.14537, 48.86747 ], [ -3.50571, 48.86747 ] ] ], [ [ [ 7.30451, 48.32696 ], [ 7.30451, 48.14679 ], [ 7.39459, 48.14679 ], [ 7.39459, 48.32696 ], [ 7.30451, 48.32696 ] ] ], [ [ [ -3.59579, 48.23687 ], [ -3.59579, 48.14679 ], [ -3.50571, 48.14679 ], [ -3.50571, 48.23687 ], [ -3.59579, 48.23687 ] ] ], [ [ [ 5.05238, 48.23687 ], [ 5.05238, 48.0567 ], [ 5.14246, 48.0567 ], [ 5.14246, 48.23687 ], [ 5.05238, 48.23687 ] ] ], [ [ [ -3.59579, 48.41705 ], [ -3.59579, 48.32696 ], [ -3.50571, 48.32696 ], [ -3.50571, 48.23687 ], [ -3.32554, 48.23687 ], [ -3.32554, 48.14679 ], [ -3.41562, 48.14679 ], [ -3.41562, 48.0567 ], [ -3.14537, 48.0567 ], [ -3.14537, 48.14679 ], [ -3.05528, 48.14679 ], [ -3.05528, 48.32696 ], [ -3.41562, 48.32696 ], [ -3.41562, 48.41705 ], [ -3.59579, 48.41705 ] ] ], [ [ [ 4.96229, 48.0567 ], [ 4.96229, 47.96662 ], [ 5.05238, 47.96662 ], [ 5.05238, 48.0567 ], [ 4.96229, 48.0567 ] ] ], [ [ [ 5.86314, 48.0567 ], [ 5.86314, 47.96662 ], [ 6.04331, 47.96662 ], [ 6.04331, 47.87653 ], [ 6.1334, 47.87653 ], [ 6.1334, 48.0567 ], [ 5.86314, 48.0567 ] ] ], [ [ [ 4.78212, 47.96662 ], [ 4.78212, 47.87653 ], [ 4.96229, 47.87653 ], [ 4.96229, 47.96662 ], [ 4.78212, 47.96662 ] ] ], [ [ [ 7.75493, 47.96662 ], [ 7.75493, 47.87653 ], [ 7.84502, 47.87653 ], [ 7.84502, 47.96662 ], [ 7.75493, 47.96662 ] ] ], [ [ [ 4.69204, 47.87653 ], [ 4.69204, 47.78645 ], [ 4.78212, 47.78645 ], [ 4.78212, 47.87653 ], [ 4.69204, 47.87653 ] ] ], [ [ [ 4.96229, 47.87653 ], [ 4.96229, 47.78645 ], [ 5.05238, 47.78645 ], [ 5.05238, 47.87653 ], [ 4.96229, 47.87653 ] ] ], [ [ [ 6.40365, 47.87653 ], [ 6.40365, 47.78645 ], [ 6.49374, 47.78645 ], [ 6.49374, 47.87653 ], [ 6.40365, 47.87653 ] ] ], [ [ [ 4.78212, 47.78645 ], [ 4.78212, 47.69636 ], [ 4.96229, 47.69636 ], [ 4.96229, 47.78645 ], [ 4.78212, 47.78645 ] ] ], [ [ [ 5.77306, 47.78645 ], [ 5.77306, 47.69636 ], [ 5.86314, 47.69636 ], [ 5.86314, 47.78645 ], [ 5.77306, 47.78645 ] ] ], [ [ [ 6.49374, 47.78645 ], [ 6.49374, 47.69636 ], [ 6.67391, 47.69636 ], [ 6.67391, 47.78645 ], [ 6.49374, 47.78645 ] ] ], [ [ [ 5.59289, 47.96662 ], [ 5.59289, 47.78645 ], [ 5.32263, 47.78645 ], [ 5.32263, 47.69636 ], [ 5.23255, 47.69636 ], [ 5.23255, 47.60628 ], [ 5.77306, 47.60628 ], [ 5.77306, 47.69636 ], [ 5.68297, 47.69636 ], [ 5.68297, 47.78645 ], [ 5.77306, 47.78645 ], [ 5.77306, 47.96662 ], [ 5.59289, 47.96662 ] ] ], [ [ [ 5.86314, 47.69636 ], [ 5.86314, 47.60628 ], [ 5.95323, 47.60628 ], [ 5.95323, 47.69636 ], [ 5.86314, 47.69636 ] ] ], [ [ [ 4.51187, 47.78645 ], [ 4.51187, 47.69636 ], [ 4.60195, 47.69636 ], [ 4.60195, 47.51619 ], [ 4.69204, 47.51619 ], [ 4.69204, 47.78645 ], [ 4.51187, 47.78645 ] ] ], [ [ [ 6.31357, 47.69636 ], [ 6.31357, 47.51619 ], [ 6.40365, 47.51619 ], [ 6.40365, 47.69636 ], [ 6.31357, 47.69636 ] ] ], [ [ [ 6.49374, 47.60628 ], [ 6.49374, 47.51619 ], [ 6.58382, 47.51619 ], [ 6.58382, 47.60628 ], [ 6.49374, 47.60628 ] ] ], [ [ [ 5.05238, 47.51619 ], [ 5.05238, 47.42611 ], [ 5.14246, 47.42611 ], [ 5.14246, 47.51619 ], [ 5.05238, 47.51619 ] ] ], [ [ [ 7.03425, 47.78645 ], [ 7.03425, 47.69636 ], [ 6.94417, 47.69636 ], [ 6.94417, 47.60628 ], [ 6.76399, 47.60628 ], [ 6.76399, 47.51619 ], [ 6.58382, 47.51619 ], [ 6.58382, 47.42611 ], [ 6.94417, 47.42611 ], [ 6.94417, 47.51619 ], [ 7.03425, 47.51619 ], [ 7.03425, 47.60628 ], [ 7.48468, 47.60628 ], [ 7.48468, 47.51619 ], [ 7.75493, 47.51619 ], [ 7.75493, 47.60628 ], [ 7.66485, 47.60628 ], [ 7.66485, 47.69636 ], [ 7.30451, 47.69636 ], [ 7.30451, 47.78645 ], [ 7.03425, 47.78645 ] ] ], [ [ [ 6.40365, 47.51619 ], [ 6.40365, 47.33602 ], [ 6.58382, 47.33602 ], [ 6.58382, 47.42611 ], [ 6.49374, 47.42611 ], [ 6.49374, 47.51619 ], [ 6.40365, 47.51619 ] ] ], [ [ [ 4.15153, 47.42611 ], [ 4.15153, 47.33602 ], [ 4.24161, 47.33602 ], [ 4.24161, 47.42611 ], [ 4.15153, 47.42611 ] ] ], [ [ [ 4.87221, 47.42611 ], [ 4.87221, 47.33602 ], [ 5.05238, 47.33602 ], [ 5.05238, 47.42611 ], [ 4.87221, 47.42611 ] ] ], [ [ [ 5.95323, 47.51619 ], [ 5.95323, 47.42611 ], [ 5.86314, 47.42611 ], [ 5.86314, 47.33602 ], [ 6.04331, 47.33602 ], [ 6.04331, 47.42611 ], [ 6.22348, 47.42611 ], [ 6.22348, 47.51619 ], [ 5.95323, 47.51619 ] ] ], [ [ [ 4.24161, 47.51619 ], [ 4.24161, 47.42611 ], [ 4.51187, 47.42611 ], [ 4.51187, 47.33602 ], [ 4.3317, 47.33602 ], [ 4.3317, 47.24594 ], [ 4.60195, 47.24594 ], [ 4.60195, 47.51619 ], [ 4.24161, 47.51619 ] ] ], [ [ [ 4.60195, 47.24594 ], [ 4.60195, 47.06577 ], [ 4.69204, 47.06577 ], [ 4.69204, 47.24594 ], [ 4.60195, 47.24594 ] ] ], [ [ [ 7.21442, 47.06577 ], [ 7.21442, 46.97568 ], [ 7.30451, 46.97568 ], [ 7.30451, 47.06577 ], [ 7.21442, 47.06577 ] ] ], [ [ [ 6.04331, 47.33602 ], [ 6.04331, 47.24594 ], [ 5.95323, 47.24594 ], [ 5.95323, 47.15585 ], [ 5.86314, 47.15585 ], [ 5.86314, 46.8856 ], [ 5.95323, 46.8856 ], [ 5.95323, 47.06577 ], [ 6.04331, 47.06577 ], [ 6.04331, 47.15585 ], [ 6.1334, 47.15585 ], [ 6.1334, 47.24594 ], [ 6.31357, 47.24594 ], [ 6.31357, 47.33602 ], [ 6.04331, 47.33602 ] ] ], [ [ [ 4.15153, 46.97568 ], [ 4.15153, 46.8856 ], [ 4.24161, 46.8856 ], [ 4.24161, 46.97568 ], [ 4.15153, 46.97568 ] ] ], [ [ [ 4.24161, 46.8856 ], [ 4.24161, 46.79551 ], [ 4.3317, 46.79551 ], [ 4.3317, 46.8856 ], [ 4.24161, 46.8856 ] ] ], [ [ [ 7.03425, 47.06577 ], [ 7.03425, 46.97568 ], [ 6.85408, 46.97568 ], [ 6.85408, 46.8856 ], [ 6.67391, 46.8856 ], [ 6.67391, 46.79551 ], [ 7.03425, 46.79551 ], [ 7.03425, 46.8856 ], [ 7.21442, 46.8856 ], [ 7.21442, 46.97568 ], [ 7.12434, 46.97568 ], [ 7.12434, 47.06577 ], [ 7.03425, 47.06577 ] ] ], [ [ [ 4.60195, 46.79551 ], [ 4.60195, 46.70543 ], [ 4.69204, 46.70543 ], [ 4.69204, 46.79551 ], [ 4.60195, 46.79551 ] ] ], [ [ [ 6.58382, 46.79551 ], [ 6.58382, 46.70543 ], [ 6.67391, 46.70543 ], [ 6.67391, 46.79551 ], [ 6.58382, 46.79551 ] ] ], [ [ [ 3.88127, 46.70543 ], [ 3.88127, 46.61534 ], [ 3.97136, 46.61534 ], [ 3.97136, 46.70543 ], [ 3.88127, 46.70543 ] ] ], [ [ [ 4.3317, 46.70543 ], [ 4.3317, 46.61534 ], [ 4.42178, 46.61534 ], [ 4.42178, 46.70543 ], [ 4.3317, 46.70543 ] ] ], [ [ [ 5.41272, 46.70543 ], [ 5.41272, 46.61534 ], [ 5.5028, 46.61534 ], [ 5.5028, 46.70543 ], [ 5.41272, 46.70543 ] ] ], [ [ [ 4.69204, 46.61534 ], [ 4.69204, 46.52526 ], [ 4.78212, 46.52526 ], [ 4.78212, 46.61534 ], [ 4.69204, 46.61534 ] ] ], [ [ [ 1.80931, 46.52526 ], [ 1.80931, 46.43517 ], [ 1.98948, 46.43517 ], [ 1.98948, 46.52526 ], [ 1.80931, 46.52526 ] ] ], [ [ [ 2.07957, 46.52526 ], [ 2.07957, 46.43517 ], [ 2.16966, 46.43517 ], [ 2.16966, 46.52526 ], [ 2.07957, 46.52526 ] ] ], [ [ [ 5.59289, 46.52526 ], [ 5.59289, 46.43517 ], [ 5.68297, 46.43517 ], [ 5.68297, 46.52526 ], [ 5.59289, 46.52526 ] ] ], [ [ [ 6.67391, 46.52526 ], [ 6.67391, 46.43517 ], [ 6.76399, 46.43517 ], [ 6.76399, 46.52526 ], [ 6.67391, 46.52526 ] ] ], [ [ [ 4.3317, 46.52526 ], [ 4.3317, 46.43517 ], [ 4.42178, 46.43517 ], [ 4.42178, 46.34509 ], [ 4.69204, 46.34509 ], [ 4.69204, 46.43517 ], [ 4.60195, 46.43517 ], [ 4.60195, 46.52526 ], [ 4.3317, 46.52526 ] ] ], [ [ [ 4.24161, 46.43517 ], [ 4.24161, 46.34509 ], [ 4.3317, 46.34509 ], [ 4.3317, 46.43517 ], [ 4.24161, 46.43517 ] ] ], [ [ [ 2.16966, 46.34509 ], [ 2.16966, 46.255 ], [ 2.25974, 46.255 ], [ 2.25974, 46.34509 ], [ 2.16966, 46.34509 ] ] ], [ [ [ 3.61102, 46.34509 ], [ 3.61102, 46.255 ], [ 3.7011, 46.255 ], [ 3.7011, 46.34509 ], [ 3.61102, 46.34509 ] ] ], [ [ [ 4.06144, 46.34509 ], [ 4.06144, 46.255 ], [ 4.24161, 46.255 ], [ 4.24161, 46.34509 ], [ 4.06144, 46.34509 ] ] ], [ [ [ 6.04331, 46.34509 ], [ 6.04331, 46.255 ], [ 6.1334, 46.255 ], [ 6.1334, 46.34509 ], [ 6.04331, 46.34509 ] ] ], [ [ [ 6.31357, 46.34509 ], [ 6.31357, 46.255 ], [ 6.40365, 46.255 ], [ 6.40365, 46.34509 ], [ 6.31357, 46.34509 ] ] ], [ [ [ 5.41272, 46.34509 ], [ 5.41272, 46.16492 ], [ 5.5028, 46.16492 ], [ 5.5028, 46.34509 ], [ 5.41272, 46.34509 ] ] ], [ [ [ 2.80025, 46.255 ], [ 2.80025, 46.16492 ], [ 2.89034, 46.16492 ], [ 2.89034, 46.255 ], [ 2.80025, 46.255 ] ] ], [ [ [ 5.86314, 46.255 ], [ 5.86314, 46.16492 ], [ 6.04331, 46.16492 ], [ 6.04331, 46.255 ], [ 5.86314, 46.255 ] ] ], [ [ [ 1.71923, 46.255 ], [ 1.71923, 46.07483 ], [ 1.8994, 46.07483 ], [ 1.8994, 46.255 ], [ 1.71923, 46.255 ] ] ], [ [ [ 3.43085, 46.16492 ], [ 3.43085, 46.07483 ], [ 3.52093, 46.07483 ], [ 3.52093, 46.16492 ], [ 3.43085, 46.16492 ] ] ], [ [ [ 6.22348, 46.16492 ], [ 6.22348, 46.07483 ], [ 6.31357, 46.07483 ], [ 6.31357, 46.16492 ], [ 6.22348, 46.16492 ] ] ], [ [ [ 1.35889, 46.16492 ], [ 1.35889, 45.98475 ], [ 1.44897, 45.98475 ], [ 1.44897, 46.16492 ], [ 1.35889, 46.16492 ] ] ], [ [ [ 5.68297, 46.07483 ], [ 5.68297, 45.98475 ], [ 5.77306, 45.98475 ], [ 5.77306, 46.07483 ], [ 5.68297, 46.07483 ] ] ], [ [ [ 1.98948, 45.98475 ], [ 1.98948, 45.89466 ], [ 2.07957, 45.89466 ], [ 2.07957, 45.98475 ], [ 1.98948, 45.98475 ] ] ], [ [ [ 2.25974, 46.07483 ], [ 2.25974, 45.98475 ], [ 2.16966, 45.98475 ], [ 2.16966, 45.89466 ], [ 2.34983, 45.89466 ], [ 2.34983, 46.07483 ], [ 2.25974, 46.07483 ] ] ], [ [ [ 3.97136, 45.98475 ], [ 3.97136, 45.89466 ], [ 4.15153, 45.89466 ], [ 4.15153, 45.98475 ], [ 3.97136, 45.98475 ] ] ], [ [ [ 5.86314, 45.98475 ], [ 5.86314, 45.89466 ], [ 5.95323, 45.89466 ], [ 5.95323, 45.80458 ], [ 6.1334, 45.80458 ], [ 6.1334, 45.98475 ], [ 5.86314, 45.98475 ] ] ], [ [ [ 1.71923, 45.89466 ], [ 1.71923, 45.80458 ], [ 1.8994, 45.80458 ], [ 1.8994, 45.89466 ], [ 1.71923, 45.89466 ] ] ], [ [ [ 3.79119, 45.89466 ], [ 3.79119, 45.80458 ], [ 3.97136, 45.80458 ], [ 3.97136, 45.89466 ], [ 3.79119, 45.89466 ] ] ], [ [ [ 5.77306, 45.89466 ], [ 5.77306, 45.80458 ], [ 5.86314, 45.80458 ], [ 5.86314, 45.89466 ], [ 5.77306, 45.89466 ] ] ], [ [ [ 4.24161, 45.89466 ], [ 4.24161, 45.62441 ], [ 4.42178, 45.62441 ], [ 4.42178, 45.80458 ], [ 4.3317, 45.80458 ], [ 4.3317, 45.89466 ], [ 4.24161, 45.89466 ] ] ], [ [ [ 3.52093, 45.89466 ], [ 3.52093, 45.71449 ], [ 3.43085, 45.71449 ], [ 3.43085, 45.62441 ], [ 3.61102, 45.62441 ], [ 3.61102, 45.89466 ], [ 3.52093, 45.89466 ] ] ], [ [ [ 3.88127, 45.71449 ], [ 3.88127, 45.62441 ], [ 4.06144, 45.62441 ], [ 4.06144, 45.71449 ], [ 3.88127, 45.71449 ] ] ], [ [ [ 1.62914, 45.71449 ], [ 1.62914, 45.62441 ], [ 1.80931, 45.62441 ], [ 1.80931, 45.53432 ], [ 1.8994, 45.53432 ], [ 1.8994, 45.71449 ], [ 1.62914, 45.71449 ] ] ], [ [ [ 2.34983, 45.71449 ], [ 2.34983, 45.53432 ], [ 2.53, 45.53432 ], [ 2.53, 45.71449 ], [ 2.34983, 45.71449 ] ] ], [ [ [ 5.05238, 45.62441 ], [ 5.05238, 45.53432 ], [ 5.23255, 45.53432 ], [ 5.23255, 45.62441 ], [ 5.05238, 45.62441 ] ] ], [ [ [ 5.32263, 45.62441 ], [ 5.32263, 45.53432 ], [ 5.5028, 45.53432 ], [ 5.5028, 45.62441 ], [ 5.32263, 45.62441 ] ] ], [ [ [ 3.34076, 45.62441 ], [ 3.34076, 45.44424 ], [ 3.43085, 45.44424 ], [ 3.43085, 45.62441 ], [ 3.34076, 45.62441 ] ] ], [ [ [ 3.61102, 45.62441 ], [ 3.61102, 45.44424 ], [ 3.7011, 45.44424 ], [ 3.7011, 45.62441 ], [ 3.61102, 45.62441 ] ] ], [ [ [ 2.98042, 45.53432 ], [ 2.98042, 45.44424 ], [ 3.07051, 45.44424 ], [ 3.07051, 45.53432 ], [ 2.98042, 45.53432 ] ] ], [ [ [ 4.15153, 45.53432 ], [ 4.15153, 45.44424 ], [ 4.24161, 45.44424 ], [ 4.24161, 45.53432 ], [ 4.15153, 45.53432 ] ] ], [ [ [ 6.1334, 45.53432 ], [ 6.1334, 45.44424 ], [ 6.31357, 45.44424 ], [ 6.31357, 45.53432 ], [ 6.1334, 45.53432 ] ] ], [ [ [ 2.53, 45.44424 ], [ 2.53, 45.35415 ], [ 2.62008, 45.35415 ], [ 2.62008, 45.44424 ], [ 2.53, 45.44424 ] ] ], [ [ [ 3.07051, 45.44424 ], [ 3.07051, 45.35415 ], [ 3.16059, 45.35415 ], [ 3.16059, 45.44424 ], [ 3.07051, 45.44424 ] ] ], [ [ [ 5.23255, 45.44424 ], [ 5.23255, 45.35415 ], [ 5.41272, 45.35415 ], [ 5.41272, 45.44424 ], [ 5.23255, 45.44424 ] ] ], [ [ [ 5.86314, 45.44424 ], [ 5.86314, 45.35415 ], [ 5.95323, 45.35415 ], [ 5.95323, 45.44424 ], [ 5.86314, 45.44424 ] ] ], [ [ [ 5.05238, 45.35415 ], [ 5.05238, 45.17398 ], [ 5.23255, 45.17398 ], [ 5.23255, 45.26407 ], [ 5.14246, 45.26407 ], [ 5.14246, 45.35415 ], [ 5.05238, 45.35415 ] ] ], [ [ [ 3.79119, 45.26407 ], [ 3.79119, 45.0839 ], [ 3.88127, 45.0839 ], [ 3.88127, 45.17398 ], [ 4.06144, 45.17398 ], [ 4.06144, 45.26407 ], [ 3.79119, 45.26407 ] ] ], [ [ [ 2.25974, 45.17398 ], [ 2.25974, 44.99381 ], [ 2.34983, 44.99381 ], [ 2.34983, 45.17398 ], [ 2.25974, 45.17398 ] ] ], [ [ [ 4.60195, 45.0839 ], [ 4.60195, 44.99381 ], [ 4.69204, 44.99381 ], [ 4.69204, 45.0839 ], [ 4.60195, 45.0839 ] ] ], [ [ [ 5.14246, 45.0839 ], [ 5.14246, 44.99381 ], [ 5.23255, 44.99381 ], [ 5.23255, 45.0839 ], [ 5.14246, 45.0839 ] ] ], [ [ [ 5.68297, 45.0839 ], [ 5.68297, 44.99381 ], [ 5.77306, 44.99381 ], [ 5.77306, 45.0839 ], [ 5.68297, 45.0839 ] ] ], [ [ [ 2.34983, 44.99381 ], [ 2.34983, 44.90373 ], [ 2.25974, 44.90373 ], [ 2.25974, 44.81364 ], [ 2.53, 44.81364 ], [ 2.53, 44.99381 ], [ 2.34983, 44.99381 ] ] ], [ [ [ 4.42178, 44.90373 ], [ 4.42178, 44.81364 ], [ 4.51187, 44.81364 ], [ 4.51187, 44.90373 ], [ 4.42178, 44.90373 ] ] ], [ [ [ 5.05238, 44.90373 ], [ 5.05238, 44.81364 ], [ 5.23255, 44.81364 ], [ 5.23255, 44.90373 ], [ 5.05238, 44.90373 ] ] ], [ [ [ 4.51187, 44.72356 ], [ 4.51187, 44.63347 ], [ 4.60195, 44.63347 ], [ 4.60195, 44.72356 ], [ 4.51187, 44.72356 ] ] ], [ [ [ 5.23255, 44.72356 ], [ 5.23255, 44.63347 ], [ 5.32263, 44.63347 ], [ 5.32263, 44.72356 ], [ 5.23255, 44.72356 ] ] ], [ [ [ 2.80025, 44.54339 ], [ 2.80025, 44.4533 ], [ 2.89034, 44.4533 ], [ 2.89034, 44.54339 ], [ 2.80025, 44.54339 ] ] ], [ [ [ 3.79119, 44.54339 ], [ 3.79119, 44.4533 ], [ 3.88127, 44.4533 ], [ 3.88127, 44.54339 ], [ 3.79119, 44.54339 ] ] ], [ [ [ 5.68297, 44.54339 ], [ 5.68297, 44.4533 ], [ 5.77306, 44.4533 ], [ 5.77306, 44.54339 ], [ 5.68297, 44.54339 ] ] ], [ [ [ 2.62008, 44.4533 ], [ 2.62008, 44.36322 ], [ 2.71017, 44.36322 ], [ 2.71017, 44.4533 ], [ 2.62008, 44.4533 ] ] ], [ [ [ 2.89034, 44.4533 ], [ 2.89034, 44.36322 ], [ 2.98042, 44.36322 ], [ 2.98042, 44.4533 ], [ 2.89034, 44.4533 ] ] ], [ [ [ 3.43085, 44.4533 ], [ 3.43085, 44.36322 ], [ 3.52093, 44.36322 ], [ 3.52093, 44.4533 ], [ 3.43085, 44.4533 ] ] ], [ [ [ 6.04331, 44.4533 ], [ 6.04331, 44.36322 ], [ 6.1334, 44.36322 ], [ 6.1334, 44.4533 ], [ 6.04331, 44.4533 ] ] ], [ [ [ 2.07957, 44.36322 ], [ 2.07957, 44.27313 ], [ 2.43991, 44.27313 ], [ 2.43991, 44.36322 ], [ 2.07957, 44.36322 ] ] ], [ [ [ 2.53, 44.36322 ], [ 2.53, 44.27313 ], [ 2.62008, 44.27313 ], [ 2.62008, 44.36322 ], [ 2.53, 44.36322 ] ] ], [ [ [ 3.07051, 44.36322 ], [ 3.07051, 44.27313 ], [ 3.16059, 44.27313 ], [ 3.16059, 44.36322 ], [ 3.07051, 44.36322 ] ] ], [ [ [ 5.41272, 44.36322 ], [ 5.41272, 44.27313 ], [ 5.5028, 44.27313 ], [ 5.5028, 44.36322 ], [ 5.41272, 44.36322 ] ] ], [ [ [ 5.32263, 44.27313 ], [ 5.32263, 44.18305 ], [ 5.41272, 44.18305 ], [ 5.41272, 44.27313 ], [ 5.32263, 44.27313 ] ] ], [ [ [ 2.25974, 44.18305 ], [ 2.25974, 44.09296 ], [ 2.43991, 44.09296 ], [ 2.43991, 44.18305 ], [ 2.25974, 44.18305 ] ] ], [ [ [ 2.53, 44.18305 ], [ 2.53, 44.09296 ], [ 2.62008, 44.09296 ], [ 2.62008, 44.18305 ], [ 2.53, 44.18305 ] ] ], [ [ [ 2.98042, 44.18305 ], [ 2.98042, 44.09296 ], [ 3.07051, 44.09296 ], [ 3.07051, 44.18305 ], [ 2.98042, 44.18305 ] ] ], [ [ [ 5.68297, 44.18305 ], [ 5.68297, 44.09296 ], [ 5.77306, 44.09296 ], [ 5.77306, 44.18305 ], [ 5.68297, 44.18305 ] ] ], [ [ [ 6.31357, 44.18305 ], [ 6.31357, 44.09296 ], [ 6.40365, 44.09296 ], [ 6.40365, 44.18305 ], [ 6.31357, 44.18305 ] ] ], [ [ [ 3.16059, 44.09296 ], [ 3.16059, 44.00288 ], [ 3.34076, 44.00288 ], [ 3.34076, 44.09296 ], [ 3.16059, 44.09296 ] ] ], [ [ [ 3.34076, 44.00288 ], [ 3.34076, 43.91279 ], [ 3.43085, 43.91279 ], [ 3.43085, 44.00288 ], [ 3.34076, 44.00288 ] ] ], [ [ [ 7.21442, 44.00288 ], [ 7.21442, 43.91279 ], [ 7.39459, 43.91279 ], [ 7.39459, 44.00288 ], [ 7.21442, 44.00288 ] ] ], [ [ [ 3.07051, 43.91279 ], [ 3.07051, 43.82271 ], [ 3.16059, 43.82271 ], [ 3.16059, 43.91279 ], [ 3.07051, 43.91279 ] ] ], [ [ [ 6.49374, 43.91279 ], [ 6.49374, 43.82271 ], [ 6.58382, 43.82271 ], [ 6.58382, 43.91279 ], [ 6.49374, 43.91279 ] ] ], [ [ [ 6.31357, 43.82271 ], [ 6.31357, 43.73262 ], [ 6.40365, 43.73262 ], [ 6.40365, 43.82271 ], [ 6.31357, 43.82271 ] ] ], [ [ [ 2.43991, 43.64253 ], [ 2.43991, 43.55245 ], [ 2.53, 43.55245 ], [ 2.53, 43.64253 ], [ 2.43991, 43.64253 ] ] ], [ [ [ 2.53, 43.55245 ], [ 2.53, 43.46236 ], [ 2.62008, 43.46236 ], [ 2.62008, 43.55245 ], [ 2.53, 43.55245 ] ] ], [ [ [ -1.43375, 43.10202 ], [ -1.43375, 43.01194 ], [ -1.34366, 43.01194 ], [ -1.34366, 43.10202 ], [ -1.43375, 43.10202 ] ] ], [ [ [ -0.08247, 43.10202 ], [ -0.08247, 43.01194 ], [ 0.0977, 43.01194 ], [ 0.0977, 43.10202 ], [ -0.08247, 43.10202 ] ] ], [ [ [ 0.45804, 43.01194 ], [ 0.45804, 42.92185 ], [ 0.54812, 42.92185 ], [ 0.54812, 43.01194 ], [ 0.45804, 43.01194 ] ] ], [ [ [ 0.81838, 43.01194 ], [ 0.81838, 42.92185 ], [ 0.90846, 42.92185 ], [ 0.90846, 43.01194 ], [ 0.81838, 43.01194 ] ] ], [ [ [ 1.53906, 43.01194 ], [ 1.53906, 42.92185 ], [ 1.62914, 42.92185 ], [ 1.62914, 43.01194 ], [ 1.53906, 43.01194 ] ] ], [ [ [ 2.43991, 43.01194 ], [ 2.43991, 42.92185 ], [ 2.53, 42.92185 ], [ 2.53, 43.01194 ], [ 2.43991, 43.01194 ] ] ], [ [ [ 1.80931, 42.92185 ], [ 1.80931, 42.83177 ], [ 1.8994, 42.83177 ], [ 1.8994, 42.92185 ], [ 1.80931, 42.92185 ] ] ], [ [ [ 1.98948, 42.92185 ], [ 1.98948, 42.83177 ], [ 2.07957, 42.83177 ], [ 2.07957, 42.92185 ], [ 1.98948, 42.92185 ] ] ], [ [ [ 2.25974, 42.83177 ], [ 2.25974, 42.74168 ], [ 2.34983, 42.74168 ], [ 2.34983, 42.83177 ], [ 2.25974, 42.83177 ] ] ], [ [ [ 2.53, 42.56151 ], [ 2.53, 42.47143 ], [ 2.62008, 42.47143 ], [ 2.62008, 42.56151 ], [ 2.53, 42.56151 ] ] ], [ [ [ 1.80931, 42.47143 ], [ 1.80931, 42.38134 ], [ 1.8994, 42.38134 ], [ 1.8994, 42.47143 ], [ 1.80931, 42.47143 ] ] ], [ [ [ 8.74587, 42.47143 ], [ 8.74587, 42.38134 ], [ 8.83595, 42.38134 ], [ 8.83595, 42.47143 ], [ 8.74587, 42.47143 ] ] ] ] } },
{ "type": "Feature", "properties": { "date_envol": "17/04/2026", "date_iso": "2026-04-17", "semaine": 16, "date_calcul": "2026-07-22", "annee": 2026, "espece": "Pityogenes chalcographus", "modele": "CHAPY", "seuil_vol": 15.6 }, "geometry": { "type": "MultiPolygon", "coordinates": [ [ [ [ 1.8994, 50.93943 ], [ 1.8994, 50.84934 ], [ 1.98948, 50.84934 ], [ 1.98948, 50.93943 ], [ 1.8994, 50.93943 ] ] ], [ [ [ 1.62914, 50.93943 ], [ 1.62914, 50.75926 ], [ 1.71923, 50.75926 ], [ 1.71923, 50.93943 ], [ 1.62914, 50.93943 ] ] ], [ [ [ 1.62914, 50.57909 ], [ 1.62914, 50.39892 ], [ 1.8994, 50.39892 ], [ 1.8994, 50.57909 ], [ 1.62914, 50.57909 ] ] ], [ [ [ 2.34983, 50.57909 ], [ 2.34983, 50.489 ], [ 2.16966, 50.489 ], [ 2.16966, 50.30883 ], [ 2.07957, 50.30883 ], [ 2.07957, 50.12866 ], [ 2.98042, 50.12866 ], [ 2.98042, 50.21875 ], [ 2.62008, 50.21875 ], [ 2.62008, 50.39892 ], [ 2.80025, 50.39892 ], [ 2.80025, 50.489 ], [ 2.43991, 50.489 ], [ 2.43991, 50.57909 ], [ 2.34983, 50.57909 ] ] ], [ [ [ 1.53906, 50.21875 ], [ 1.53906, 50.12866 ], [ 1.62914, 50.12866 ], [ 1.62914, 50.21875 ], [ 1.53906, 50.21875 ] ] ], [ [ [ 2.98042, 50.12866 ], [ 2.98042, 50.03858 ], [ 3.07051, 50.03858 ], [ 3.07051, 50.12866 ], [ 2.98042, 50.12866 ] ] ], [ [ [ 4.78212, 50.12866 ], [ 4.78212, 50.03858 ], [ 5.05238, 50.03858 ], [ 5.05238, 50.12866 ], [ 4.78212, 50.12866 ] ] ], [ [ [ 3.7011, 50.21875 ], [ 3.7011, 50.12866 ], [ 3.52093, 50.12866 ], [ 3.52093, 49.94849 ], [ 3.7011, 49.94849 ], [ 3.7011, 50.03858 ], [ 3.79119, 50.03858 ], [ 3.79119, 50.21875 ], [ 3.7011, 50.21875 ] ] ], [ [ [ 4.69204, 50.03858 ], [ 4.69204, 49.94849 ], [ 4.78212, 49.94849 ], [ 4.78212, 50.03858 ], [ 4.69204, 50.03858 ] ] ], [ [ [ 4.15153, 50.21875 ], [ 4.15153, 50.12866 ], [ 4.24161, 50.12866 ], [ 4.24161, 50.03858 ], [ 4.15153, 50.03858 ], [ 4.15153, 49.94849 ], [ 4.24161, 49.94849 ], [ 4.24161, 49.85841 ], [ 4.3317, 49.85841 ], [ 4.3317, 49.94849 ], [ 4.60195, 49.94849 ], [ 4.60195, 50.03858 ], [ 4.3317, 50.03858 ], [ 4.3317, 50.12866 ], [ 4.60195, 50.12866 ], [ 4.60195, 50.21875 ], [ 4.15153, 50.21875 ] ] ], [ [ [ 4.60195, 49.94849 ], [ 4.60195, 49.85841 ], [ 4.69204, 49.85841 ], [ 4.69204, 49.94849 ], [ 4.60195, 49.94849 ] ] ], [ [ [ 0.63821, 49.85841 ], [ 0.63821, 49.76832 ], [ 0.81838, 49.76832 ], [ 0.81838, 49.85841 ], [ 0.63821, 49.85841 ] ] ], [ [ [ 4.78212, 49.85841 ], [ 4.78212, 49.76832 ], [ 4.87221, 49.76832 ], [ 4.87221, 49.85841 ], [ 4.78212, 49.85841 ] ] ], [ [ [ 3.79119, 50.03858 ], [ 3.79119, 49.85841 ], [ 3.97136, 49.85841 ], [ 3.97136, 49.76832 ], [ 4.15153, 49.76832 ], [ 4.15153, 49.67824 ], [ 4.24161, 49.67824 ], [ 4.24161, 49.85841 ], [ 4.15153, 49.85841 ], [ 4.15153, 49.94849 ], [ 3.88127, 49.94849 ], [ 3.88127, 50.03858 ], [ 3.79119, 50.03858 ] ] ], [ [ [ 1.62914, 49.85841 ], [ 1.62914, 49.76832 ], [ 1.80931, 49.76832 ], [ 1.80931, 49.67824 ], [ 1.8994, 49.67824 ], [ 1.8994, 49.85841 ], [ 1.62914, 49.85841 ] ] ], [ [ [ 0.18778, 49.76832 ], [ 0.18778, 49.67824 ], [ 0.36795, 49.67824 ], [ 0.36795, 49.76832 ], [ 0.18778, 49.76832 ] ] ], [ [ [ 1.98948, 49.76832 ], [ 1.98948, 49.67824 ], [ 2.07957, 49.67824 ], [ 2.07957, 49.76832 ], [ 1.98948, 49.76832 ] ] ], [ [ [ 4.78212, 49.67824 ], [ 4.78212, 49.58815 ], [ 4.96229, 49.58815 ], [ 4.96229, 49.67824 ], [ 4.78212, 49.67824 ] ] ], [ [ [ 5.86314, 49.67824 ], [ 5.86314, 49.49807 ], [ 5.95323, 49.49807 ], [ 5.95323, 49.67824 ], [ 5.86314, 49.67824 ] ] ], [ [ [ 4.96229, 49.58815 ], [ 4.96229, 49.49807 ], [ 5.14246, 49.49807 ], [ 5.14246, 49.58815 ], [ 4.96229, 49.58815 ] ] ], [ [ [ 5.23255, 49.58815 ], [ 5.23255, 49.49807 ], [ 5.32263, 49.49807 ], [ 5.32263, 49.58815 ], [ 5.23255, 49.58815 ] ] ], [ [ [ 1.44897, 50.12866 ], [ 1.44897, 50.03858 ], [ 1.17872, 50.03858 ], [ 1.17872, 49.94849 ], [ 1.35889, 49.94849 ], [ 1.35889, 49.85841 ], [ 1.08863, 49.85841 ], [ 1.08863, 49.76832 ], [ 0.81838, 49.76832 ], [ 0.81838, 49.58815 ], [ 0.99855, 49.58815 ], [ 0.99855, 49.49807 ], [ 1.71923, 49.49807 ], [ 1.71923, 49.40798 ], [ 1.80931, 49.40798 ], [ 1.80931, 49.58815 ], [ 1.62914, 49.58815 ], [ 1.62914, 49.67824 ], [ 1.53906, 49.67824 ], [ 1.53906, 49.85841 ], [ 1.62914, 49.85841 ], [ 1.62914, 49.94849 ], [ 1.53906, 49.94849 ], [ 1.53906, 50.12866 ], [ 1.44897, 50.12866 ] ], [ [ 1.35889, 49.67824 ], [ 1.44897, 49.67824 ], [ 1.44897, 49.58815 ], [ 1.35889, 49.58815 ], [ 1.35889, 49.67824 ] ] ], [ [ [ 5.32263, 49.49807 ], [ 5.32263, 49.40798 ], [ 5.41272, 49.40798 ], [ 5.41272, 49.49807 ], [ 5.32263, 49.49807 ] ] ], [ [ [ 7.48468, 49.49807 ], [ 7.48468, 49.40798 ], [ 7.75493, 49.40798 ], [ 7.75493, 49.49807 ], [ 7.48468, 49.49807 ] ] ], [ [ [ 5.5028, 49.40798 ], [ 5.5028, 49.3179 ], [ 5.68297, 49.3179 ], [ 5.68297, 49.40798 ], [ 5.5028, 49.40798 ] ] ], [ [ [ 6.04331, 49.40798 ], [ 6.04331, 49.3179 ], [ 6.22348, 49.3179 ], [ 6.22348, 49.40798 ], [ 6.04331, 49.40798 ] ] ], [ [ [ 5.68297, 49.3179 ], [ 5.68297, 49.22781 ], [ 5.77306, 49.22781 ], [ 5.77306, 49.3179 ], [ 5.68297, 49.3179 ] ] ], [ [ [ 6.31357, 49.3179 ], [ 6.31357, 49.22781 ], [ 6.40365, 49.22781 ], [ 6.40365, 49.3179 ], [ 6.31357, 49.3179 ] ] ], [ [ [ 7.30451, 49.40798 ], [ 7.30451, 49.3179 ], [ 7.21442, 49.3179 ], [ 7.21442, 49.13773 ], [ 7.39459, 49.13773 ], [ 7.39459, 49.40798 ], [ 7.30451, 49.40798 ] ] ], [ [ [ 6.04331, 49.22781 ], [ 6.04331, 49.13773 ], [ 6.22348, 49.13773 ], [ 6.22348, 49.22781 ], [ 6.04331, 49.22781 ] ] ], [ [ [ 5.5028, 49.13773 ], [ 5.5028, 49.04764 ], [ 5.59289, 49.04764 ], [ 5.59289, 49.13773 ], [ 5.5028, 49.13773 ] ] ], [ [ [ 7.57476, 49.13773 ], [ 7.57476, 49.04764 ], [ 7.66485, 49.04764 ], [ 7.66485, 49.13773 ], [ 7.57476, 49.13773 ] ] ], [ [ [ -0.80315, 49.04764 ], [ -0.80315, 48.95756 ], [ -0.62298, 48.95756 ], [ -0.62298, 49.04764 ], [ -0.80315, 49.04764 ] ] ], [ [ [ 7.75493, 49.13773 ], [ 7.75493, 49.04764 ], [ 7.66485, 49.04764 ], [ 7.66485, 48.95756 ], [ 7.9351, 48.95756 ], [ 7.9351, 49.04764 ], [ 7.84502, 49.04764 ], [ 7.84502, 49.13773 ], [ 7.75493, 49.13773 ] ] ], [ [ [ 5.86314, 48.95756 ], [ 5.86314, 48.86747 ], [ 6.04331, 48.86747 ], [ 6.04331, 48.95756 ], [ 5.86314, 48.95756 ] ] ], [ [ [ 7.48468, 49.04764 ], [ 7.48468, 48.95756 ], [ 7.39459, 48.95756 ], [ 7.39459, 48.86747 ], [ 7.57476, 48.86747 ], [ 7.57476, 49.04764 ], [ 7.48468, 49.04764 ] ] ], [ [ [ -0.89324, 48.86747 ], [ -0.89324, 48.6873 ], [ -0.80315, 48.6873 ], [ -0.80315, 48.77739 ], [ -0.71307, 48.77739 ], [ -0.71307, 48.86747 ], [ -0.89324, 48.86747 ] ] ], [ [ [ 7.39459, 48.77739 ], [ 7.39459, 48.6873 ], [ 7.48468, 48.6873 ], [ 7.48468, 48.77739 ], [ 7.39459, 48.77739 ] ] ], [ [ [ 6.04331, 48.6873 ], [ 6.04331, 48.59722 ], [ 6.40365, 48.59722 ], [ 6.40365, 48.6873 ], [ 6.04331, 48.6873 ] ] ], [ [ [ 7.48468, 48.6873 ], [ 7.48468, 48.59722 ], [ 7.57476, 48.59722 ], [ 7.57476, 48.6873 ], [ 7.48468, 48.6873 ] ] ], [ [ [ -3.05528, 48.59722 ], [ -3.05528, 48.50713 ], [ -2.9652, 48.50713 ], [ -2.9652, 48.59722 ], [ -3.05528, 48.59722 ] ] ], [ [ [ 6.49374, 49.40798 ], [ 6.49374, 49.22781 ], [ 6.58382, 49.22781 ], [ 6.58382, 49.13773 ], [ 6.76399, 49.13773 ], [ 6.76399, 49.04764 ], [ 6.49374, 49.04764 ], [ 6.49374, 49.13773 ], [ 6.31357, 49.13773 ], [ 6.31357, 48.86747 ], [ 6.49374, 48.86747 ], [ 6.49374, 48.77739 ], [ 6.40365, 48.77739 ], [ 6.40365, 48.6873 ], [ 6.49374, 48.6873 ], [ 6.49374, 48.59722 ], [ 6.40365, 48.59722 ], [ 6.40365, 48.50713 ], [ 6.67391, 48.50713 ], [ 6.67391, 48.59722 ], [ 6.94417, 48.59722 ], [ 6.94417, 48.6873 ], [ 7.12434, 48.6873 ], [ 7.12434, 48.77739 ], [ 7.21442, 48.77739 ], [ 7.21442, 48.95756 ], [ 7.12434, 48.95756 ], [ 7.12434, 48.86747 ], [ 6.85408, 48.86747 ], [ 6.85408, 48.95756 ], [ 6.94417, 48.95756 ], [ 6.94417, 49.13773 ], [ 7.12434, 49.13773 ], [ 7.12434, 49.22781 ], [ 6.76399, 49.22781 ], [ 6.76399, 49.3179 ], [ 6.67391, 49.3179 ], [ 6.67391, 49.40798 ], [ 6.49374, 49.40798 ] ], [ [ 6.67391, 48.86747 ], [ 6.85408, 48.86747 ], [ 6.85408, 48.77739 ], [ 6.76399, 48.77739 ], [ 6.76399, 48.6873 ], [ 6.58382, 48.6873 ], [ 6.58382, 48.77739 ], [ 6.67391, 48.77739 ], [ 6.67391, 48.86747 ] ] ], [ [ [ 6.94417, 48.59722 ], [ 6.94417, 48.50713 ], [ 7.03425, 48.50713 ], [ 7.03425, 48.59722 ], [ 6.94417, 48.59722 ] ] ], [ [ [ 4.96229, 49.40798 ], [ 4.96229, 49.3179 ], [ 5.05238, 49.3179 ], [ 5.05238, 49.13773 ], [ 4.96229, 49.13773 ], [ 4.96229, 49.04764 ], [ 5.14246, 49.04764 ], [ 5.14246, 48.41705 ], [ 5.23255, 48.41705 ], [ 5.23255, 48.59722 ], [ 5.32263, 48.59722 ], [ 5.32263, 48.86747 ], [ 5.5028, 48.86747 ], [ 5.5028, 48.77739 ], [ 5.59289, 48.77739 ], [ 5.59289, 48.95756 ], [ 5.41272, 48.95756 ], [ 5.41272, 49.13773 ], [ 5.32263, 49.13773 ], [ 5.32263, 49.22781 ], [ 5.23255, 49.22781 ], [ 5.23255, 49.3179 ], [ 5.32263, 49.3179 ], [ 5.32263, 49.40798 ], [ 4.96229, 49.40798 ] ], [ [ 5.23255, 49.13773 ], [ 5.32263, 49.13773 ], [ 5.32263, 49.04764 ], [ 5.23255, 49.04764 ], [ 5.23255, 49.13773 ] ] ], [ [ [ 5.59289, 48.77739 ], [ 5.59289, 48.59722 ], [ 5.68297, 48.59722 ], [ 5.68297, 48.50713 ], [ 5.77306, 48.50713 ], [ 5.77306, 48.41705 ], [ 5.95323, 48.41705 ], [ 5.95323, 48.59722 ], [ 5.86314, 48.59722 ], [ 5.86314, 48.6873 ], [ 5.68297, 48.6873 ], [ 5.68297, 48.77739 ], [ 5.59289, 48.77739 ] ] ], [ [ [ -5.03715, 48.41705 ], [ -5.03715, 48.32696 ], [ -4.85698, 48.32696 ], [ -4.85698, 48.41705 ], [ -5.03715, 48.41705 ] ] ], [ [ [ 5.59289, 48.41705 ], [ 5.59289, 48.32696 ], [ 5.77306, 48.32696 ], [ 5.77306, 48.41705 ], [ 5.59289, 48.41705 ] ] ], [ [ [ 6.76399, 48.41705 ], [ 6.76399, 48.32696 ], [ 6.85408, 48.32696 ], [ 6.85408, 48.41705 ], [ 6.76399, 48.41705 ] ] ], [ [ [ -3.59579, 48.32696 ], [ -3.59579, 48.23687 ], [ -3.50571, 48.23687 ], [ -3.50571, 48.32696 ], [ -3.59579, 48.32696 ] ] ], [ [ [ 5.77306, 48.32696 ], [ 5.77306, 48.23687 ], [ 6.04331, 48.23687 ], [ 6.04331, 48.32696 ], [ 5.77306, 48.32696 ] ] ], [ [ [ 6.67391, 48.32696 ], [ 6.67391, 48.23687 ], [ 6.76399, 48.23687 ], [ 6.76399, 48.32696 ], [ 6.67391, 48.32696 ] ] ], [ [ [ -3.50571, 48.23687 ], [ -3.50571, 48.14679 ], [ -3.32554, 48.14679 ], [ -3.32554, 48.23687 ], [ -3.50571, 48.23687 ] ] ], [ [ [ 4.96229, 48.23687 ], [ 4.96229, 48.14679 ], [ 5.05238, 48.14679 ], [ 5.05238, 48.23687 ], [ 4.96229, 48.23687 ] ] ], [ [ [ 7.84502, 48.23687 ], [ 7.84502, 48.14679 ], [ 7.9351, 48.14679 ], [ 7.9351, 48.23687 ], [ 7.84502, 48.23687 ] ] ], [ [ [ 5.05238, 48.32696 ], [ 5.05238, 48.23687 ], [ 5.14246, 48.23687 ], [ 5.14246, 48.0567 ], [ 5.23255, 48.0567 ], [ 5.23255, 48.23687 ], [ 5.41272, 48.23687 ], [ 5.41272, 48.32696 ], [ 5.05238, 48.32696 ] ] ], [ [ [ -4.7669, 48.0567 ], [ -4.7669, 47.96662 ], [ -4.40656, 47.96662 ], [ -4.40656, 48.0567 ], [ -4.7669, 48.0567 ] ] ], [ [ [ -4.22639, 48.77739 ], [ -4.22639, 48.6873 ], [ -4.58673, 48.6873 ], [ -4.58673, 48.59722 ], [ -4.85698, 48.59722 ], [ -4.85698, 48.50713 ], [ -4.7669, 48.50713 ], [ -4.7669, 48.32696 ], [ -4.58673, 48.32696 ], [ -4.58673, 48.23687 ], [ -4.31647, 48.23687 ], [ -4.31647, 48.0567 ], [ -4.1363, 48.0567 ], [ -4.1363, 48.23687 ], [ -4.22639, 48.23687 ], [ -4.22639, 48.32696 ], [ -3.86605, 48.32696 ], [ -3.86605, 48.14679 ], [ -3.77596, 48.14679 ], [ -3.77596, 48.0567 ], [ -3.86605, 48.0567 ], [ -3.86605, 47.96662 ], [ -3.68588, 47.96662 ], [ -3.68588, 48.14679 ], [ -3.59579, 48.14679 ], [ -3.59579, 48.23687 ], [ -3.68588, 48.23687 ], [ -3.68588, 48.32696 ], [ -3.59579, 48.32696 ], [ -3.59579, 48.41705 ], [ -3.41562, 48.41705 ], [ -3.41562, 48.32696 ], [ -3.05528, 48.32696 ], [ -3.05528, 48.23687 ], [ -2.9652, 48.23687 ], [ -2.9652, 48.32696 ], [ -2.87511, 48.32696 ], [ -2.87511, 48.41705 ], [ -3.14537, 48.41705 ], [ -3.14537, 48.59722 ], [ -3.41562, 48.59722 ], [ -3.41562, 48.6873 ], [ -3.50571, 48.6873 ], [ -3.50571, 48.50713 ], [ -3.59579, 48.50713 ], [ -3.59579, 48.6873 ], [ -3.77596, 48.6873 ], [ -3.77596, 48.77739 ], [ -4.22639, 48.77739 ] ] ], [ [ [ 6.22348, 48.32696 ], [ 6.22348, 48.23687 ], [ 6.1334, 48.23687 ], [ 6.1334, 48.14679 ], [ 6.04331, 48.14679 ], [ 6.04331, 48.0567 ], [ 6.22348, 48.0567 ], [ 6.22348, 47.87653 ], [ 6.31357, 47.87653 ], [ 6.31357, 48.14679 ], [ 6.67391, 48.14679 ], [ 6.67391, 48.23687 ], [ 6.31357, 48.23687 ], [ 6.31357, 48.32696 ], [ 6.22348, 48.32696 ] ] ], [ [ [ -4.40656, 47.96662 ], [ -4.40656, 47.87653 ], [ -4.31647, 47.87653 ], [ -4.31647, 47.96662 ], [ -4.40656, 47.96662 ] ] ], [ [ [ 5.05238, 47.96662 ], [ 5.05238, 47.87653 ], [ 5.14246, 47.87653 ], [ 5.14246, 47.96662 ], [ 5.05238, 47.96662 ] ] ], [ [ [ 5.5028, 47.96662 ], [ 5.5028, 47.78645 ], [ 5.59289, 47.78645 ], [ 5.59289, 47.96662 ], [ 5.5028, 47.96662 ] ] ], [ [ [ 7.21442, 47.87653 ], [ 7.21442, 47.78645 ], [ 7.30451, 47.78645 ], [ 7.30451, 47.87653 ], [ 7.21442, 47.87653 ] ] ], [ [ [ 5.23255, 47.78645 ], [ 5.23255, 47.69636 ], [ 5.32263, 47.69636 ], [ 5.32263, 47.78645 ], [ 5.23255, 47.78645 ] ] ], [ [ [ 5.68297, 47.78645 ], [ 5.68297, 47.69636 ], [ 5.77306, 47.69636 ], [ 5.77306, 47.78645 ], [ 5.68297, 47.78645 ] ] ], [ [ [ 7.57476, 47.78645 ], [ 7.57476, 47.69636 ], [ 7.66485, 47.69636 ], [ 7.66485, 47.78645 ], [ 7.57476, 47.78645 ] ] ], [ [ [ 4.69204, 47.69636 ], [ 4.69204, 47.60628 ], [ 4.78212, 47.60628 ], [ 4.78212, 47.69636 ], [ 4.69204, 47.69636 ] ] ], [ [ [ 5.14246, 47.69636 ], [ 5.14246, 47.60628 ], [ 5.23255, 47.60628 ], [ 5.23255, 47.69636 ], [ 5.14246, 47.69636 ] ] ], [ [ [ 6.58382, 47.69636 ], [ 6.58382, 47.51619 ], [ 6.76399, 47.51619 ], [ 6.76399, 47.60628 ], [ 6.94417, 47.60628 ], [ 6.94417, 47.69636 ], [ 6.58382, 47.69636 ] ] ], [ [ [ 4.96229, 47.69636 ], [ 4.96229, 47.60628 ], [ 4.87221, 47.60628 ], [ 4.87221, 47.51619 ], [ 5.05238, 47.51619 ], [ 5.05238, 47.69636 ], [ 4.96229, 47.69636 ] ] ], [ [ [ 7.03425, 47.60628 ], [ 7.03425, 47.51619 ], [ 7.39459, 47.51619 ], [ 7.39459, 47.60628 ], [ 7.03425, 47.60628 ] ] ], [ [ [ 7.75493, 47.60628 ], [ 7.75493, 47.51619 ], [ 7.9351, 47.51619 ], [ 7.9351, 47.60628 ], [ 7.75493, 47.60628 ] ] ], [ [ [ 8.20536, 47.60628 ], [ 8.20536, 47.51619 ], [ 8.29544, 47.51619 ], [ 8.29544, 47.60628 ], [ 8.20536, 47.60628 ] ] ], [ [ [ 4.60195, 47.51619 ], [ 4.60195, 47.42611 ], [ 4.69204, 47.42611 ], [ 4.69204, 47.51619 ], [ 4.60195, 47.51619 ] ] ], [ [ [ 6.94417, 47.51619 ], [ 6.94417, 47.42611 ], [ 7.03425, 47.42611 ], [ 7.03425, 47.51619 ], [ 6.94417, 47.51619 ] ] ], [ [ [ 3.97136, 47.42611 ], [ 3.97136, 47.33602 ], [ 4.06144, 47.33602 ], [ 4.06144, 47.42611 ], [ 3.97136, 47.42611 ] ] ], [ [ [ 4.24161, 47.42611 ], [ 4.24161, 47.33602 ], [ 4.51187, 47.33602 ], [ 4.51187, 47.42611 ], [ 4.24161, 47.42611 ] ] ], [ [ [ 4.87221, 47.33602 ], [ 4.87221, 47.24594 ], [ 5.05238, 47.24594 ], [ 5.05238, 47.33602 ], [ 4.87221, 47.33602 ] ] ], [ [ [ 6.31357, 47.33602 ], [ 6.31357, 47.24594 ], [ 6.49374, 47.24594 ], [ 6.49374, 47.33602 ], [ 6.31357, 47.33602 ] ] ], [ [ [ 6.1334, 47.24594 ], [ 6.1334, 47.15585 ], [ 6.31357, 47.15585 ], [ 6.31357, 47.24594 ], [ 6.1334, 47.24594 ] ] ], [ [ [ 4.24161, 47.24594 ], [ 4.24161, 47.06577 ], [ 4.3317, 47.06577 ], [ 4.3317, 47.24594 ], [ 4.24161, 47.24594 ] ] ], [ [ [ 7.57476, 47.24594 ], [ 7.57476, 47.06577 ], [ 7.66485, 47.06577 ], [ 7.66485, 47.24594 ], [ 7.57476, 47.24594 ] ] ], [ [ [ 6.04331, 47.15585 ], [ 6.04331, 47.06577 ], [ 6.1334, 47.06577 ], [ 6.1334, 47.15585 ], [ 6.04331, 47.15585 ] ] ], [ [ [ 7.30451, 47.15585 ], [ 7.30451, 47.06577 ], [ 7.39459, 47.06577 ], [ 7.39459, 47.15585 ], [ 7.30451, 47.15585 ] ] ], [ [ [ 3.88127, 47.06577 ], [ 3.88127, 46.97568 ], [ 3.97136, 46.97568 ], [ 3.97136, 47.06577 ], [ 3.88127, 47.06577 ] ] ], [ [ [ 4.15153, 47.06577 ], [ 4.15153, 46.97568 ], [ 4.24161, 46.97568 ], [ 4.24161, 47.06577 ], [ 4.15153, 47.06577 ] ] ], [ [ [ 5.95323, 47.06577 ], [ 5.95323, 46.97568 ], [ 6.04331, 46.97568 ], [ 6.04331, 47.06577 ], [ 5.95323, 47.06577 ] ] ], [ [ [ 7.12434, 47.06577 ], [ 7.12434, 46.97568 ], [ 7.21442, 46.97568 ], [ 7.21442, 47.06577 ], [ 7.12434, 47.06577 ] ] ], [ [ [ 4.3317, 46.97568 ], [ 4.3317, 46.8856 ], [ 4.51187, 46.8856 ], [ 4.51187, 46.97568 ], [ 4.3317, 46.97568 ] ] ], [ [ [ 7.21442, 46.97568 ], [ 7.21442, 46.8856 ], [ 7.30451, 46.8856 ], [ 7.30451, 46.97568 ], [ 7.21442, 46.97568 ] ] ], [ [ [ 4.15153, 46.8856 ], [ 4.15153, 46.79551 ], [ 4.24161, 46.79551 ], [ 4.24161, 46.8856 ], [ 4.15153, 46.8856 ] ] ], [ [ [ 6.76399, 46.79551 ], [ 6.76399, 46.70543 ], [ 6.85408, 46.70543 ], [ 6.85408, 46.79551 ], [ 6.76399, 46.79551 ] ] ], [ [ [ 6.49374, 46.79551 ], [ 6.49374, 46.61534 ], [ 6.76399, 46.61534 ], [ 6.76399, 46.70543 ], [ 6.58382, 46.70543 ], [ 6.58382, 46.79551 ], [ 6.49374, 46.79551 ] ] ], [ [ [ 5.59289, 46.61534 ], [ 5.59289, 46.52526 ], [ 5.68297, 46.52526 ], [ 5.68297, 46.61534 ], [ 5.59289, 46.61534 ] ] ], [ [ [ 6.31357, 46.61534 ], [ 6.31357, 46.52526 ], [ 6.40365, 46.52526 ], [ 6.40365, 46.61534 ], [ 6.31357, 46.61534 ] ] ], [ [ [ 6.22348, 46.52526 ], [ 6.22348, 46.43517 ], [ 6.31357, 46.43517 ], [ 6.31357, 46.52526 ], [ 6.22348, 46.52526 ] ] ], [ [ [ 5.59289, 46.43517 ], [ 5.59289, 46.34509 ], [ 5.77306, 46.34509 ], [ 5.77306, 46.43517 ], [ 5.59289, 46.43517 ] ] ], [ [ [ 2.07957, 46.34509 ], [ 2.07957, 46.255 ], [ 2.16966, 46.255 ], [ 2.16966, 46.34509 ], [ 2.07957, 46.34509 ] ] ], [ [ [ 2.25974, 46.34509 ], [ 2.25974, 46.255 ], [ 2.34983, 46.255 ], [ 2.34983, 46.34509 ], [ 2.25974, 46.34509 ] ] ], [ [ [ 2.62008, 46.34509 ], [ 2.62008, 46.255 ], [ 2.71017, 46.255 ], [ 2.71017, 46.34509 ], [ 2.62008, 46.34509 ] ] ], [ [ [ 4.60195, 46.34509 ], [ 4.60195, 46.255 ], [ 4.69204, 46.255 ], [ 4.69204, 46.34509 ], [ 4.60195, 46.34509 ] ] ], [ [ [ 2.34983, 46.255 ], [ 2.34983, 46.16492 ], [ 2.62008, 46.16492 ], [ 2.62008, 46.255 ], [ 2.34983, 46.255 ] ] ], [ [ [ 2.71017, 46.255 ], [ 2.71017, 46.16492 ], [ 2.80025, 46.16492 ], [ 2.80025, 46.255 ], [ 2.71017, 46.255 ] ] ], [ [ [ 3.7011, 46.255 ], [ 3.7011, 46.16492 ], [ 3.79119, 46.16492 ], [ 3.79119, 46.255 ], [ 3.7011, 46.255 ] ] ], [ [ [ 4.42178, 46.255 ], [ 4.42178, 46.16492 ], [ 4.51187, 46.16492 ], [ 4.51187, 46.255 ], [ 4.42178, 46.255 ] ] ], [ [ [ 2.62008, 46.16492 ], [ 2.62008, 46.07483 ], [ 2.71017, 46.07483 ], [ 2.71017, 46.16492 ], [ 2.62008, 46.16492 ] ] ], [ [ [ 2.80025, 46.07483 ], [ 2.80025, 45.98475 ], [ 2.89034, 45.98475 ], [ 2.89034, 46.07483 ], [ 2.80025, 46.07483 ] ] ], [ [ [ 4.24161, 46.07483 ], [ 4.24161, 45.98475 ], [ 4.3317, 45.98475 ], [ 4.3317, 46.07483 ], [ 4.24161, 46.07483 ] ] ], [ [ [ 4.42178, 46.07483 ], [ 4.42178, 45.98475 ], [ 4.51187, 45.98475 ], [ 4.51187, 46.07483 ], [ 4.42178, 46.07483 ] ] ], [ [ [ 3.43085, 46.07483 ], [ 3.43085, 45.98475 ], [ 3.52093, 45.98475 ], [ 3.52093, 45.89466 ], [ 3.61102, 45.89466 ], [ 3.61102, 46.07483 ], [ 3.43085, 46.07483 ] ] ], [ [ [ 3.79119, 46.07483 ], [ 3.79119, 45.89466 ], [ 3.97136, 45.89466 ], [ 3.97136, 46.07483 ], [ 3.79119, 46.07483 ] ] ], [ [ [ 1.71923, 45.98475 ], [ 1.71923, 45.89466 ], [ 1.8994, 45.89466 ], [ 1.8994, 45.98475 ], [ 1.71923, 45.98475 ] ] ], [ [ [ 4.3317, 45.98475 ], [ 4.3317, 45.89466 ], [ 4.42178, 45.89466 ], [ 4.42178, 45.98475 ], [ 4.3317, 45.98475 ] ] ], [ [ [ 1.8994, 45.89466 ], [ 1.8994, 45.80458 ], [ 1.98948, 45.80458 ], [ 1.98948, 45.89466 ], [ 1.8994, 45.89466 ] ] ], [ [ [ 2.07957, 45.71449 ], [ 2.07957, 45.53432 ], [ 2.16966, 45.53432 ], [ 2.16966, 45.71449 ], [ 2.07957, 45.71449 ] ] ], [ [ [ 2.25974, 45.62441 ], [ 2.25974, 45.53432 ], [ 2.34983, 45.53432 ], [ 2.34983, 45.62441 ], [ 2.25974, 45.62441 ] ] ], [ [ [ 1.8994, 45.53432 ], [ 1.8994, 45.44424 ], [ 1.98948, 45.44424 ], [ 1.98948, 45.53432 ], [ 1.8994, 45.53432 ] ] ], [ [ [ 2.53, 45.53432 ], [ 2.53, 45.44424 ], [ 2.62008, 45.44424 ], [ 2.62008, 45.53432 ], [ 2.53, 45.53432 ] ] ], [ [ [ 5.14246, 45.53432 ], [ 5.14246, 45.44424 ], [ 5.23255, 45.44424 ], [ 5.23255, 45.53432 ], [ 5.14246, 45.53432 ] ] ], [ [ [ 2.34983, 45.35415 ], [ 2.34983, 45.26407 ], [ 2.62008, 45.26407 ], [ 2.62008, 45.35415 ], [ 2.34983, 45.35415 ] ] ], [ [ [ 4.15153, 45.35415 ], [ 4.15153, 45.26407 ], [ 4.24161, 45.26407 ], [ 4.24161, 45.35415 ], [ 4.15153, 45.35415 ] ] ], [ [ [ 2.25974, 45.26407 ], [ 2.25974, 45.17398 ], [ 2.34983, 45.17398 ], [ 2.34983, 45.26407 ], [ 2.25974, 45.26407 ] ] ], [ [ [ 5.32263, 45.26407 ], [ 5.32263, 45.17398 ], [ 5.41272, 45.17398 ], [ 5.41272, 45.26407 ], [ 5.32263, 45.26407 ] ] ], [ [ [ 3.7011, 45.17398 ], [ 3.7011, 45.0839 ], [ 3.79119, 45.0839 ], [ 3.79119, 45.17398 ], [ 3.7011, 45.17398 ] ] ], [ [ [ 3.88127, 45.17398 ], [ 3.88127, 45.0839 ], [ 4.06144, 45.0839 ], [ 4.06144, 45.17398 ], [ 3.88127, 45.17398 ] ] ], [ [ [ 5.77306, 45.17398 ], [ 5.77306, 45.0839 ], [ 5.86314, 45.0839 ], [ 5.86314, 45.17398 ], [ 5.77306, 45.17398 ] ] ], [ [ [ 4.51187, 45.35415 ], [ 4.51187, 44.99381 ], [ 4.60195, 44.99381 ], [ 4.60195, 45.35415 ], [ 4.51187, 45.35415 ] ] ], [ [ [ 2.34983, 45.17398 ], [ 2.34983, 44.99381 ], [ 2.53, 44.99381 ], [ 2.53, 45.17398 ], [ 2.34983, 45.17398 ] ] ], [ [ [ 3.79119, 45.0839 ], [ 3.79119, 44.99381 ], [ 3.88127, 44.99381 ], [ 3.88127, 45.0839 ], [ 3.79119, 45.0839 ] ] ], [ [ [ 2.98042, 45.0839 ], [ 2.98042, 44.90373 ], [ 3.07051, 44.90373 ], [ 3.07051, 45.0839 ], [ 2.98042, 45.0839 ] ] ], [ [ [ 4.3317, 44.99381 ], [ 4.3317, 44.90373 ], [ 4.51187, 44.90373 ], [ 4.51187, 44.99381 ], [ 4.3317, 44.99381 ] ] ], [ [ [ 5.5028, 44.99381 ], [ 5.5028, 44.90373 ], [ 5.59289, 44.90373 ], [ 5.59289, 44.99381 ], [ 5.5028, 44.99381 ] ] ], [ [ [ 4.15153, 44.81364 ], [ 4.15153, 44.72356 ], [ 4.24161, 44.72356 ], [ 4.24161, 44.81364 ], [ 4.15153, 44.81364 ] ] ], [ [ [ 4.42178, 44.81364 ], [ 4.42178, 44.72356 ], [ 4.51187, 44.72356 ], [ 4.51187, 44.81364 ], [ 4.42178, 44.81364 ] ] ], [ [ [ 5.32263, 44.81364 ], [ 5.32263, 44.72356 ], [ 5.41272, 44.72356 ], [ 5.41272, 44.81364 ], [ 5.32263, 44.81364 ] ] ], [ [ [ 5.59289, 44.81364 ], [ 5.59289, 44.72356 ], [ 5.77306, 44.72356 ], [ 5.77306, 44.81364 ], [ 5.59289, 44.81364 ] ] ], [ [ [ 5.41272, 44.72356 ], [ 5.41272, 44.63347 ], [ 5.5028, 44.63347 ], [ 5.5028, 44.72356 ], [ 5.41272, 44.72356 ] ] ], [ [ [ 6.04331, 44.63347 ], [ 6.04331, 44.54339 ], [ 6.1334, 44.54339 ], [ 6.1334, 44.63347 ], [ 6.04331, 44.63347 ] ] ], [ [ [ 6.40365, 44.63347 ], [ 6.40365, 44.54339 ], [ 6.49374, 44.54339 ], [ 6.49374, 44.63347 ], [ 6.40365, 44.63347 ] ] ], [ [ [ 3.88127, 44.54339 ], [ 3.88127, 44.4533 ], [ 3.97136, 44.4533 ], [ 3.97136, 44.54339 ], [ 3.88127, 44.54339 ] ] ], [ [ [ 5.23255, 44.54339 ], [ 5.23255, 44.4533 ], [ 5.32263, 44.4533 ], [ 5.32263, 44.54339 ], [ 5.23255, 44.54339 ] ] ], [ [ [ 5.41272, 44.54339 ], [ 5.41272, 44.4533 ], [ 5.5028, 44.4533 ], [ 5.5028, 44.54339 ], [ 5.41272, 44.54339 ] ] ], [ [ [ 5.59289, 44.54339 ], [ 5.59289, 44.4533 ], [ 5.68297, 44.4533 ], [ 5.68297, 44.54339 ], [ 5.59289, 44.54339 ] ] ], [ [ [ 3.61102, 44.4533 ], [ 3.61102, 44.36322 ], [ 3.7011, 44.36322 ], [ 3.7011, 44.4533 ], [ 3.61102, 44.4533 ] ] ], [ [ [ 5.68297, 44.4533 ], [ 5.68297, 44.36322 ], [ 5.77306, 44.36322 ], [ 5.77306, 44.4533 ], [ 5.68297, 44.4533 ] ] ], [ [ [ 5.32263, 44.36322 ], [ 5.32263, 44.27313 ], [ 5.41272, 44.27313 ], [ 5.41272, 44.36322 ], [ 5.32263, 44.36322 ] ] ], [ [ [ 2.53, 44.27313 ], [ 2.53, 44.18305 ], [ 2.62008, 44.18305 ], [ 2.62008, 44.27313 ], [ 2.53, 44.27313 ] ] ], [ [ [ 5.68297, 44.27313 ], [ 5.68297, 44.18305 ], [ 5.77306, 44.18305 ], [ 5.77306, 44.27313 ], [ 5.68297, 44.27313 ] ] ], [ [ [ 6.22348, 44.27313 ], [ 6.22348, 44.18305 ], [ 6.31357, 44.18305 ], [ 6.31357, 44.27313 ], [ 6.22348, 44.27313 ] ] ], [ [ [ 3.16059, 44.54339 ], [ 3.16059, 44.4533 ], [ 3.07051, 44.4533 ], [ 3.07051, 44.36322 ], [ 3.16059, 44.36322 ], [ 3.16059, 44.27313 ], [ 3.07051, 44.27313 ], [ 3.07051, 44.18305 ], [ 3.16059, 44.18305 ], [ 3.16059, 44.09296 ], [ 3.43085, 44.09296 ], [ 3.43085, 44.18305 ], [ 3.34076, 44.18305 ], [ 3.34076, 44.36322 ], [ 3.43085, 44.36322 ], [ 3.43085, 44.4533 ], [ 3.34076, 44.4533 ], [ 3.34076, 44.54339 ], [ 3.16059, 44.54339 ] ] ], [ [ [ 5.41272, 44.09296 ], [ 5.41272, 44.00288 ], [ 5.5028, 44.00288 ], [ 5.5028, 44.09296 ], [ 5.41272, 44.09296 ] ] ], [ [ [ 7.12434, 44.09296 ], [ 7.12434, 44.00288 ], [ 7.21442, 44.00288 ], [ 7.21442, 44.09296 ], [ 7.12434, 44.09296 ] ] ], [ [ [ 2.98042, 44.09296 ], [ 2.98042, 43.91279 ], [ 3.16059, 43.91279 ], [ 3.16059, 44.00288 ], [ 3.07051, 44.00288 ], [ 3.07051, 44.09296 ], [ 2.98042, 44.09296 ] ] ], [ [ [ 6.40365, 44.09296 ], [ 6.40365, 43.91279 ], [ 6.49374, 43.91279 ], [ 6.49374, 44.09296 ], [ 6.40365, 44.09296 ] ] ], [ [ [ 3.16059, 43.91279 ], [ 3.16059, 43.82271 ], [ 3.43085, 43.82271 ], [ 3.43085, 43.91279 ], [ 3.16059, 43.91279 ] ] ], [ [ [ 6.58382, 43.91279 ], [ 6.58382, 43.82271 ], [ 6.67391, 43.82271 ], [ 6.67391, 43.91279 ], [ 6.58382, 43.91279 ] ] ], [ [ [ 6.49374, 43.82271 ], [ 6.49374, 43.73262 ], [ 6.58382, 43.73262 ], [ 6.58382, 43.82271 ], [ 6.49374, 43.82271 ] ] ], [ [ [ 6.94417, 43.82271 ], [ 6.94417, 43.73262 ], [ 7.03425, 43.73262 ], [ 7.03425, 43.82271 ], [ 6.94417, 43.82271 ] ] ], [ [ [ 2.89034, 43.73262 ], [ 2.89034, 43.64253 ], [ 2.98042, 43.64253 ], [ 2.98042, 43.73262 ], [ 2.89034, 43.73262 ] ] ], [ [ [ 6.58382, 43.73262 ], [ 6.58382, 43.64253 ], [ 6.67391, 43.64253 ], [ 6.67391, 43.73262 ], [ 6.58382, 43.73262 ] ] ], [ [ [ -1.61392, 43.10202 ], [ -1.61392, 43.01194 ], [ -1.52383, 43.01194 ], [ -1.52383, 43.10202 ], [ -1.61392, 43.10202 ] ] ], [ [ [ -1.34366, 43.10202 ], [ -1.34366, 43.01194 ], [ -1.25358, 43.01194 ], [ -1.25358, 43.10202 ], [ -1.34366, 43.10202 ] ] ], [ [ [ -0.98332, 43.10202 ], [ -0.98332, 43.01194 ], [ -0.80315, 43.01194 ], [ -0.80315, 43.10202 ], [ -0.98332, 43.10202 ] ] ], [ [ [ -0.26264, 43.10202 ], [ -0.26264, 43.01194 ], [ -0.17256, 43.01194 ], [ -0.17256, 43.10202 ], [ -0.26264, 43.10202 ] ] ], [ [ [ 0.63821, 43.01194 ], [ 0.63821, 42.92185 ], [ 0.72829, 42.92185 ], [ 0.72829, 43.01194 ], [ 0.63821, 43.01194 ] ] ], [ [ [ 1.2688, 42.92185 ], [ 1.2688, 42.83177 ], [ 1.35889, 42.83177 ], [ 1.35889, 42.92185 ], [ 1.2688, 42.92185 ] ] ], [ [ [ 1.8994, 42.92185 ], [ 1.8994, 42.83177 ], [ 1.98948, 42.83177 ], [ 1.98948, 42.92185 ], [ 1.8994, 42.92185 ] ] ], [ [ [ 2.34983, 42.92185 ], [ 2.34983, 42.83177 ], [ 2.43991, 42.83177 ], [ 2.43991, 42.92185 ], [ 2.34983, 42.92185 ] ] ], [ [ [ 2.07957, 42.83177 ], [ 2.07957, 42.74168 ], [ 2.25974, 42.74168 ], [ 2.25974, 42.83177 ], [ 2.07957, 42.83177 ] ] ] ] } },
{ "type": "Feature", "properties": { "date_envol": "18/04/2026", "date_iso": "2026-04-18", "semaine": 16, "date_calcul": "2026-07-22", "annee": 2026, "espece": "Pityogenes chalcographus", "modele": "CHAPY", "seuil_vol": 15.6 }, "geometry": { "type": "MultiPolygon", "coordinates": [ [ [ [ 4.60195, 50.03858 ], [ 4.60195, 49.94849 ], [ 4.69204, 49.94849 ], [ 4.69204, 50.03858 ], [ 4.60195, 50.03858 ] ] ], [ [ [ 4.15153, 49.94849 ], [ 4.15153, 49.85841 ], [ 4.24161, 49.85841 ], [ 4.24161, 49.94849 ], [ 4.15153, 49.94849 ] ] ], [ [ [ 4.96229, 49.76832 ], [ 4.96229, 49.67824 ], [ 5.14246, 49.67824 ], [ 5.14246, 49.76832 ], [ 4.96229, 49.76832 ] ] ], [ [ [ 5.23255, 49.67824 ], [ 5.23255, 49.58815 ], [ 5.32263, 49.58815 ], [ 5.32263, 49.67824 ], [ 5.23255, 49.67824 ] ] ], [ [ [ 4.87221, 49.58815 ], [ 4.87221, 49.49807 ], [ 4.96229, 49.49807 ], [ 4.96229, 49.58815 ], [ 4.87221, 49.58815 ] ] ], [ [ [ 5.14246, 49.58815 ], [ 5.14246, 49.49807 ], [ 5.23255, 49.49807 ], [ 5.23255, 49.58815 ], [ 5.14246, 49.58815 ] ] ], [ [ [ 5.77306, 49.58815 ], [ 5.77306, 49.49807 ], [ 5.86314, 49.49807 ], [ 5.86314, 49.58815 ], [ 5.77306, 49.58815 ] ] ], [ [ [ 5.32263, 49.58815 ], [ 5.32263, 49.49807 ], [ 5.41272, 49.49807 ], [ 5.41272, 49.40798 ], [ 5.5028, 49.40798 ], [ 5.5028, 49.49807 ], [ 5.68297, 49.49807 ], [ 5.68297, 49.58815 ], [ 5.32263, 49.58815 ] ] ], [ [ [ 5.95323, 49.49807 ], [ 5.95323, 49.40798 ], [ 6.1334, 49.40798 ], [ 6.1334, 49.49807 ], [ 5.95323, 49.49807 ] ] ], [ [ [ 7.30451, 49.49807 ], [ 7.30451, 49.40798 ], [ 7.39459, 49.40798 ], [ 7.39459, 49.49807 ], [ 7.30451, 49.49807 ] ] ], [ [ [ 5.68297, 49.40798 ], [ 5.68297, 49.3179 ], [ 5.86314, 49.3179 ], [ 5.86314, 49.40798 ], [ 5.68297, 49.40798 ] ] ], [ [ [ 6.40365, 49.40798 ], [ 6.40365, 49.3179 ], [ 6.49374, 49.3179 ], [ 6.49374, 49.40798 ], [ 6.40365, 49.40798 ] ] ], [ [ [ 5.32263, 49.40798 ], [ 5.32263, 49.22781 ], [ 5.5028, 49.22781 ], [ 5.5028, 49.3179 ], [ 5.41272, 49.3179 ], [ 5.41272, 49.40798 ], [ 5.32263, 49.40798 ] ] ], [ [ [ 7.03425, 49.40798 ], [ 7.03425, 49.22781 ], [ 7.21442, 49.22781 ], [ 7.21442, 49.3179 ], [ 7.30451, 49.3179 ], [ 7.30451, 49.40798 ], [ 7.03425, 49.40798 ] ] ], [ [ [ 7.39459, 49.3179 ], [ 7.39459, 49.13773 ], [ 7.48468, 49.13773 ], [ 7.48468, 49.3179 ], [ 7.39459, 49.3179 ] ] ], [ [ [ 6.31357, 49.22781 ], [ 6.31357, 49.13773 ], [ 6.40365, 49.13773 ], [ 6.40365, 49.22781 ], [ 6.31357, 49.22781 ] ] ], [ [ [ 6.49374, 49.22781 ], [ 6.49374, 49.04764 ], [ 6.76399, 49.04764 ], [ 6.76399, 49.13773 ], [ 6.58382, 49.13773 ], [ 6.58382, 49.22781 ], [ 6.49374, 49.22781 ] ] ], [ [ [ 7.75493, 49.22781 ], [ 7.75493, 49.13773 ], [ 7.84502, 49.13773 ], [ 7.84502, 49.04764 ], [ 7.9351, 49.04764 ], [ 7.9351, 49.22781 ], [ 7.75493, 49.22781 ] ] ], [ [ [ 5.23255, 49.13773 ], [ 5.23255, 49.04764 ], [ 5.32263, 49.04764 ], [ 5.32263, 49.13773 ], [ 5.23255, 49.13773 ] ] ], [ [ [ 7.48468, 49.13773 ], [ 7.48468, 49.04764 ], [ 7.57476, 49.04764 ], [ 7.57476, 49.13773 ], [ 7.48468, 49.13773 ] ] ], [ [ [ 5.5028, 49.04764 ], [ 5.5028, 48.95756 ], [ 5.59289, 48.95756 ], [ 5.59289, 49.04764 ], [ 5.5028, 49.04764 ] ] ], [ [ [ 7.57476, 49.04764 ], [ 7.57476, 48.95756 ], [ 7.66485, 48.95756 ], [ 7.66485, 49.04764 ], [ 7.57476, 49.04764 ] ] ], [ [ [ 7.12434, 49.13773 ], [ 7.12434, 48.95756 ], [ 7.21442, 48.95756 ], [ 7.21442, 48.77739 ], [ 7.39459, 48.77739 ], [ 7.39459, 48.95756 ], [ 7.30451, 48.95756 ], [ 7.30451, 49.04764 ], [ 7.39459, 49.04764 ], [ 7.39459, 49.13773 ], [ 7.12434, 49.13773 ] ] ], [ [ [ 5.59289, 48.95756 ], [ 5.59289, 48.77739 ], [ 5.68297, 48.77739 ], [ 5.68297, 48.86747 ], [ 5.77306, 48.86747 ], [ 5.77306, 48.95756 ], [ 5.59289, 48.95756 ] ] ], [ [ [ 6.40365, 48.86747 ], [ 6.40365, 48.77739 ], [ 6.49374, 48.77739 ], [ 6.49374, 48.86747 ], [ 6.40365, 48.86747 ] ] ], [ [ [ 6.40365, 48.6873 ], [ 6.40365, 48.59722 ], [ 6.49374, 48.59722 ], [ 6.49374, 48.6873 ], [ 6.40365, 48.6873 ] ] ], [ [ [ 6.94417, 48.6873 ], [ 6.94417, 48.59722 ], [ 7.03425, 48.59722 ], [ 7.03425, 48.6873 ], [ 6.94417, 48.6873 ] ] ], [ [ [ 7.12434, 48.6873 ], [ 7.12434, 48.59722 ], [ 7.21442, 48.59722 ], [ 7.21442, 48.6873 ], [ 7.12434, 48.6873 ] ] ], [ [ [ 8.11527, 48.6873 ], [ 8.11527, 48.59722 ], [ 8.20536, 48.59722 ], [ 8.20536, 48.6873 ], [ 8.11527, 48.6873 ] ] ], [ [ [ 5.32263, 48.86747 ], [ 5.32263, 48.77739 ], [ 5.41272, 48.77739 ], [ 5.41272, 48.6873 ], [ 5.32263, 48.6873 ], [ 5.32263, 48.59722 ], [ 5.23255, 48.59722 ], [ 5.23255, 48.50713 ], [ 5.41272, 48.50713 ], [ 5.41272, 48.59722 ], [ 5.5028, 48.59722 ], [ 5.5028, 48.86747 ], [ 5.32263, 48.86747 ] ] ], [ [ [ 5.59289, 48.59722 ], [ 5.59289, 48.50713 ], [ 5.68297, 48.50713 ], [ 5.68297, 48.59722 ], [ 5.59289, 48.59722 ] ] ], [ [ [ 7.03425, 48.59722 ], [ 7.03425, 48.50713 ], [ 7.12434, 48.50713 ], [ 7.12434, 48.59722 ], [ 7.03425, 48.59722 ] ] ], [ [ [ 7.30451, 48.6873 ], [ 7.30451, 48.41705 ], [ 7.39459, 48.41705 ], [ 7.39459, 48.50713 ], [ 7.48468, 48.50713 ], [ 7.48468, 48.6873 ], [ 7.30451, 48.6873 ] ] ], [ [ [ 5.68297, 48.50713 ], [ 5.68297, 48.41705 ], [ 5.77306, 48.41705 ], [ 5.77306, 48.50713 ], [ 5.68297, 48.50713 ] ] ], [ [ [ 6.04331, 48.59722 ], [ 6.04331, 48.32696 ], [ 6.22348, 48.32696 ], [ 6.22348, 48.41705 ], [ 6.76399, 48.41705 ], [ 6.76399, 48.59722 ], [ 6.67391, 48.59722 ], [ 6.67391, 48.50713 ], [ 6.40365, 48.50713 ], [ 6.40365, 48.59722 ], [ 6.04331, 48.59722 ] ] ], [ [ [ 5.23255, 48.41705 ], [ 5.23255, 48.32696 ], [ 5.41272, 48.32696 ], [ 5.41272, 48.41705 ], [ 5.23255, 48.41705 ] ] ], [ [ [ 5.77306, 48.41705 ], [ 5.77306, 48.32696 ], [ 5.95323, 48.32696 ], [ 5.95323, 48.41705 ], [ 5.77306, 48.41705 ] ] ], [ [ [ 6.85408, 48.50713 ], [ 6.85408, 48.23687 ], [ 7.03425, 48.23687 ], [ 7.03425, 48.50713 ], [ 6.85408, 48.50713 ] ] ], [ [ [ 5.41272, 48.32696 ], [ 5.41272, 48.23687 ], [ 5.5028, 48.23687 ], [ 5.5028, 48.32696 ], [ 5.41272, 48.32696 ] ] ], [ [ [ 6.67391, 48.23687 ], [ 6.67391, 48.14679 ], [ 6.76399, 48.14679 ], [ 6.76399, 48.23687 ], [ 6.67391, 48.23687 ] ] ], [ [ [ 6.31357, 48.14679 ], [ 6.31357, 48.0567 ], [ 6.58382, 48.0567 ], [ 6.58382, 48.14679 ], [ 6.31357, 48.14679 ] ] ], [ [ [ 5.59289, 48.32696 ], [ 5.59289, 48.14679 ], [ 5.5028, 48.14679 ], [ 5.5028, 47.96662 ], [ 5.68297, 47.96662 ], [ 5.68297, 48.0567 ], [ 5.77306, 48.0567 ], [ 5.77306, 48.14679 ], [ 6.1334, 48.14679 ], [ 6.1334, 48.23687 ], [ 5.77306, 48.23687 ], [ 5.77306, 48.32696 ], [ 5.59289, 48.32696 ] ] ], [ [ [ 5.77306, 48.0567 ], [ 5.77306, 47.96662 ], [ 5.86314, 47.96662 ], [ 5.86314, 48.0567 ], [ 5.77306, 48.0567 ] ] ], [ [ [ 4.96229, 47.96662 ], [ 4.96229, 47.87653 ], [ 5.05238, 47.87653 ], [ 5.05238, 47.96662 ], [ 4.96229, 47.96662 ] ] ], [ [ [ 7.21442, 47.96662 ], [ 7.21442, 47.87653 ], [ 7.30451, 47.87653 ], [ 7.30451, 47.96662 ], [ 7.21442, 47.96662 ] ] ], [ [ [ 5.05238, 48.0567 ], [ 5.05238, 47.96662 ], [ 5.14246, 47.96662 ], [ 5.14246, 47.87653 ], [ 5.23255, 47.87653 ], [ 5.23255, 47.78645 ], [ 5.5028, 47.78645 ], [ 5.5028, 47.96662 ], [ 5.32263, 47.96662 ], [ 5.32263, 48.0567 ], [ 5.05238, 48.0567 ] ] ], [ [ [ 5.05238, 47.87653 ], [ 5.05238, 47.78645 ], [ 5.14246, 47.78645 ], [ 5.14246, 47.87653 ], [ 5.05238, 47.87653 ] ] ], [ [ [ 6.49374, 47.87653 ], [ 6.49374, 47.78645 ], [ 6.58382, 47.78645 ], [ 6.58382, 47.87653 ], [ 6.49374, 47.87653 ] ] ], [ [ [ 6.67391, 47.78645 ], [ 6.67391, 47.69636 ], [ 7.03425, 47.69636 ], [ 7.03425, 47.78645 ], [ 6.67391, 47.78645 ] ] ], [ [ [ 4.78212, 47.69636 ], [ 4.78212, 47.60628 ], [ 4.69204, 47.60628 ], [ 4.69204, 47.51619 ], [ 4.87221, 47.51619 ], [ 4.87221, 47.60628 ], [ 4.96229, 47.60628 ], [ 4.96229, 47.69636 ], [ 4.78212, 47.69636 ] ] ], [ [ [ 7.39459, 47.60628 ], [ 7.39459, 47.51619 ], [ 7.48468, 47.51619 ], [ 7.48468, 47.60628 ], [ 7.39459, 47.60628 ] ] ], [ [ [ 7.9351, 47.60628 ], [ 7.9351, 47.51619 ], [ 8.02519, 47.51619 ], [ 8.02519, 47.60628 ], [ 7.9351, 47.60628 ] ] ], [ [ [ 8.11527, 47.60628 ], [ 8.11527, 47.51619 ], [ 8.20536, 47.51619 ], [ 8.20536, 47.60628 ], [ 8.11527, 47.60628 ] ] ], [ [ [ 8.65578, 47.69636 ], [ 8.65578, 47.60628 ], [ 8.29544, 47.60628 ], [ 8.29544, 47.51619 ], [ 8.92604, 47.51619 ], [ 8.92604, 47.60628 ], [ 8.74587, 47.60628 ], [ 8.74587, 47.69636 ], [ 8.65578, 47.69636 ] ] ], [ [ [ 7.57476, 47.51619 ], [ 7.57476, 47.42611 ], [ 7.66485, 47.42611 ], [ 7.66485, 47.51619 ], [ 7.57476, 47.51619 ] ] ], [ [ [ 8.20536, 47.51619 ], [ 8.20536, 47.42611 ], [ 8.29544, 47.42611 ], [ 8.29544, 47.51619 ], [ 8.20536, 47.51619 ] ] ], [ [ [ 7.03425, 47.51619 ], [ 7.03425, 47.42611 ], [ 7.12434, 47.42611 ], [ 7.12434, 47.33602 ], [ 7.21442, 47.33602 ], [ 7.21442, 47.42611 ], [ 7.39459, 47.42611 ], [ 7.39459, 47.51619 ], [ 7.03425, 47.51619 ] ] ], [ [ [ 4.06144, 47.42611 ], [ 4.06144, 47.33602 ], [ 4.15153, 47.33602 ], [ 4.15153, 47.42611 ], [ 4.06144, 47.42611 ] ] ], [ [ [ 4.60195, 47.42611 ], [ 4.60195, 47.33602 ], [ 4.69204, 47.33602 ], [ 4.69204, 47.42611 ], [ 4.60195, 47.42611 ] ] ], [ [ [ 6.58382, 47.42611 ], [ 6.58382, 47.33602 ], [ 6.85408, 47.33602 ], [ 6.85408, 47.42611 ], [ 6.58382, 47.42611 ] ] ], [ [ [ 6.94417, 47.42611 ], [ 6.94417, 47.33602 ], [ 7.03425, 47.33602 ], [ 7.03425, 47.42611 ], [ 6.94417, 47.42611 ] ] ], [ [ [ 8.11527, 47.42611 ], [ 8.11527, 47.33602 ], [ 8.20536, 47.33602 ], [ 8.20536, 47.42611 ], [ 8.11527, 47.42611 ] ] ], [ [ [ 9.55663, 47.42611 ], [ 9.55663, 47.24594 ], [ 9.64672, 47.24594 ], [ 9.64672, 47.42611 ], [ 9.55663, 47.42611 ] ] ], [ [ [ 4.24161, 47.33602 ], [ 4.24161, 47.24594 ], [ 4.3317, 47.24594 ], [ 4.3317, 47.33602 ], [ 4.24161, 47.33602 ] ] ], [ [ [ 4.69204, 47.33602 ], [ 4.69204, 47.24594 ], [ 4.78212, 47.24594 ], [ 4.78212, 47.33602 ], [ 4.69204, 47.33602 ] ] ], [ [ [ 6.31357, 47.24594 ], [ 6.31357, 47.15585 ], [ 6.40365, 47.15585 ], [ 6.40365, 47.24594 ], [ 6.31357, 47.24594 ] ] ], [ [ [ 8.38553, 47.24594 ], [ 8.38553, 47.15585 ], [ 8.47561, 47.15585 ], [ 8.47561, 47.24594 ], [ 8.38553, 47.24594 ] ] ], [ [ [ 4.15153, 47.24594 ], [ 4.15153, 47.06577 ], [ 4.24161, 47.06577 ], [ 4.24161, 47.24594 ], [ 4.15153, 47.24594 ] ] ], [ [ [ 3.97136, 47.15585 ], [ 3.97136, 47.06577 ], [ 4.06144, 47.06577 ], [ 4.06144, 47.15585 ], [ 3.97136, 47.15585 ] ] ], [ [ [ 6.1334, 47.15585 ], [ 6.1334, 47.06577 ], [ 6.31357, 47.06577 ], [ 6.31357, 47.15585 ], [ 6.1334, 47.15585 ] ] ], [ [ [ 7.48468, 47.24594 ], [ 7.48468, 47.15585 ], [ 7.39459, 47.15585 ], [ 7.39459, 47.06577 ], [ 7.57476, 47.06577 ], [ 7.57476, 47.24594 ], [ 7.48468, 47.24594 ] ] ], [ [ [ 4.60195, 47.06577 ], [ 4.60195, 46.97568 ], [ 4.78212, 46.97568 ], [ 4.78212, 47.06577 ], [ 4.60195, 47.06577 ] ] ], [ [ [ 6.85408, 47.06577 ], [ 6.85408, 46.97568 ], [ 7.03425, 46.97568 ], [ 7.03425, 47.06577 ], [ 6.85408, 47.06577 ] ] ], [ [ [ 7.30451, 47.06577 ], [ 7.30451, 46.97568 ], [ 7.39459, 46.97568 ], [ 7.39459, 47.06577 ], [ 7.30451, 47.06577 ] ] ], [ [ [ 7.03425, 46.8856 ], [ 7.03425, 46.79551 ], [ 7.21442, 46.79551 ], [ 7.21442, 46.8856 ], [ 7.03425, 46.8856 ] ] ], [ [ [ 6.67391, 46.79551 ], [ 6.67391, 46.70543 ], [ 6.76399, 46.70543 ], [ 6.76399, 46.79551 ], [ 6.67391, 46.79551 ] ] ], [ [ [ 5.59289, 46.8856 ], [ 5.59289, 46.61534 ], [ 5.68297, 46.61534 ], [ 5.68297, 46.70543 ], [ 5.86314, 46.70543 ], [ 5.86314, 46.79551 ], [ 5.77306, 46.79551 ], [ 5.77306, 46.8856 ], [ 5.59289, 46.8856 ] ] ], [ [ [ 6.31357, 46.70543 ], [ 6.31357, 46.61534 ], [ 6.49374, 46.61534 ], [ 6.49374, 46.70543 ], [ 6.31357, 46.70543 ] ] ], [ [ [ 5.68297, 46.61534 ], [ 5.68297, 46.52526 ], [ 5.86314, 46.52526 ], [ 5.86314, 46.61534 ], [ 5.68297, 46.61534 ] ] ], [ [ [ 6.67391, 46.61534 ], [ 6.67391, 46.52526 ], [ 6.76399, 46.52526 ], [ 6.76399, 46.61534 ], [ 6.67391, 46.61534 ] ] ], [ [ [ 4.3317, 46.43517 ], [ 4.3317, 46.34509 ], [ 4.42178, 46.34509 ], [ 4.42178, 46.43517 ], [ 4.3317, 46.43517 ] ] ], [ [ [ 2.71017, 46.34509 ], [ 2.71017, 46.255 ], [ 2.80025, 46.255 ], [ 2.80025, 46.34509 ], [ 2.71017, 46.34509 ] ] ], [ [ [ 4.42178, 46.34509 ], [ 4.42178, 46.255 ], [ 4.60195, 46.255 ], [ 4.60195, 46.34509 ], [ 4.42178, 46.34509 ] ] ], [ [ [ 5.59289, 46.34509 ], [ 5.59289, 46.255 ], [ 5.68297, 46.255 ], [ 5.68297, 46.34509 ], [ 5.59289, 46.34509 ] ] ], [ [ [ 4.24161, 46.34509 ], [ 4.24161, 46.16492 ], [ 4.3317, 46.16492 ], [ 4.3317, 46.34509 ], [ 4.24161, 46.34509 ] ] ], [ [ [ 2.34983, 46.16492 ], [ 2.34983, 46.07483 ], [ 2.43991, 46.07483 ], [ 2.43991, 46.16492 ], [ 2.34983, 46.16492 ] ] ], [ [ [ 3.52093, 46.16492 ], [ 3.52093, 46.07483 ], [ 3.7011, 46.07483 ], [ 3.7011, 46.16492 ], [ 3.52093, 46.16492 ] ] ], [ [ [ 4.42178, 46.16492 ], [ 4.42178, 46.07483 ], [ 4.51187, 46.07483 ], [ 4.51187, 46.16492 ], [ 4.42178, 46.16492 ] ] ], [ [ [ 5.41272, 46.16492 ], [ 5.41272, 46.07483 ], [ 5.5028, 46.07483 ], [ 5.5028, 46.16492 ], [ 5.41272, 46.16492 ] ] ], [ [ [ 5.68297, 46.16492 ], [ 5.68297, 46.07483 ], [ 5.77306, 46.07483 ], [ 5.77306, 46.16492 ], [ 5.68297, 46.16492 ] ] ], [ [ [ 2.71017, 46.16492 ], [ 2.71017, 45.98475 ], [ 2.80025, 45.98475 ], [ 2.80025, 46.16492 ], [ 2.71017, 46.16492 ] ] ], [ [ [ 2.43991, 46.07483 ], [ 2.43991, 45.98475 ], [ 2.62008, 45.98475 ], [ 2.62008, 46.07483 ], [ 2.43991, 46.07483 ] ] ], [ [ [ 2.34983, 45.98475 ], [ 2.34983, 45.89466 ], [ 2.43991, 45.89466 ], [ 2.43991, 45.98475 ], [ 2.34983, 45.98475 ] ] ], [ [ [ 2.62008, 45.98475 ], [ 2.62008, 45.89466 ], [ 2.71017, 45.89466 ], [ 2.71017, 45.98475 ], [ 2.62008, 45.98475 ] ] ], [ [ [ 5.41272, 45.98475 ], [ 5.41272, 45.80458 ], [ 5.5028, 45.80458 ], [ 5.5028, 45.98475 ], [ 5.41272, 45.98475 ] ] ], [ [ [ 4.3317, 45.89466 ], [ 4.3317, 45.80458 ], [ 4.42178, 45.80458 ], [ 4.42178, 45.89466 ], [ 4.3317, 45.89466 ] ] ], [ [ [ 6.1334, 45.89466 ], [ 6.1334, 45.80458 ], [ 6.22348, 45.80458 ], [ 6.22348, 45.89466 ], [ 6.1334, 45.89466 ] ] ], [ [ [ 1.98948, 45.89466 ], [ 1.98948, 45.80458 ], [ 2.07957, 45.80458 ], [ 2.07957, 45.71449 ], [ 2.16966, 45.71449 ], [ 2.16966, 45.80458 ], [ 2.34983, 45.80458 ], [ 2.34983, 45.89466 ], [ 1.98948, 45.89466 ] ] ], [ [ [ 4.42178, 45.80458 ], [ 4.42178, 45.71449 ], [ 4.51187, 45.71449 ], [ 4.51187, 45.80458 ], [ 4.42178, 45.80458 ] ] ], [ [ [ 2.16966, 45.71449 ], [ 2.16966, 45.62441 ], [ 2.34983, 45.62441 ], [ 2.34983, 45.71449 ], [ 2.16966, 45.71449 ] ] ], [ [ [ 1.8994, 45.80458 ], [ 1.8994, 45.53432 ], [ 1.98948, 45.53432 ], [ 1.98948, 45.80458 ], [ 1.8994, 45.80458 ] ] ], [ [ [ 2.53, 45.71449 ], [ 2.53, 45.53432 ], [ 2.62008, 45.53432 ], [ 2.62008, 45.71449 ], [ 2.53, 45.71449 ] ] ], [ [ [ 3.88127, 45.62441 ], [ 3.88127, 45.53432 ], [ 4.06144, 45.53432 ], [ 4.06144, 45.62441 ], [ 3.88127, 45.62441 ] ] ], [ [ [ 5.68297, 45.62441 ], [ 5.68297, 45.53432 ], [ 5.77306, 45.53432 ], [ 5.77306, 45.62441 ], [ 5.68297, 45.62441 ] ] ], [ [ [ 5.86314, 45.62441 ], [ 5.86314, 45.53432 ], [ 5.95323, 45.53432 ], [ 5.95323, 45.62441 ], [ 5.86314, 45.62441 ] ] ], [ [ [ 4.06144, 45.53432 ], [ 4.06144, 45.44424 ], [ 4.15153, 45.44424 ], [ 4.15153, 45.53432 ], [ 4.06144, 45.53432 ] ] ], [ [ [ 4.3317, 45.53432 ], [ 4.3317, 45.44424 ], [ 4.42178, 45.44424 ], [ 4.42178, 45.53432 ], [ 4.3317, 45.53432 ] ] ], [ [ [ 5.23255, 45.53432 ], [ 5.23255, 45.44424 ], [ 5.5028, 45.44424 ], [ 5.5028, 45.53432 ], [ 5.23255, 45.53432 ] ] ], [ [ [ 2.62008, 45.44424 ], [ 2.62008, 45.35415 ], [ 2.71017, 45.35415 ], [ 2.71017, 45.44424 ], [ 2.62008, 45.44424 ] ] ], [ [ [ 3.43085, 45.44424 ], [ 3.43085, 45.35415 ], [ 3.52093, 45.35415 ], [ 3.52093, 45.44424 ], [ 3.43085, 45.44424 ] ] ], [ [ [ 4.24161, 45.44424 ], [ 4.24161, 45.35415 ], [ 4.3317, 45.35415 ], [ 4.3317, 45.44424 ], [ 4.24161, 45.44424 ] ] ], [ [ [ 5.59289, 45.44424 ], [ 5.59289, 45.35415 ], [ 5.68297, 45.35415 ], [ 5.68297, 45.44424 ], [ 5.59289, 45.44424 ] ] ], [ [ [ 5.14246, 45.35415 ], [ 5.14246, 45.26407 ], [ 5.32263, 45.26407 ], [ 5.32263, 45.35415 ], [ 5.14246, 45.35415 ] ] ], [ [ [ 2.34983, 45.26407 ], [ 2.34983, 45.17398 ], [ 2.53, 45.17398 ], [ 2.53, 45.26407 ], [ 2.34983, 45.26407 ] ] ], [ [ [ 4.15153, 45.26407 ], [ 4.15153, 45.17398 ], [ 4.24161, 45.17398 ], [ 4.24161, 45.26407 ], [ 4.15153, 45.26407 ] ] ], [ [ [ 3.88127, 45.0839 ], [ 3.88127, 44.99381 ], [ 3.97136, 44.99381 ], [ 3.97136, 45.0839 ], [ 3.88127, 45.0839 ] ] ], [ [ [ 3.07051, 45.0839 ], [ 3.07051, 44.90373 ], [ 3.16059, 44.90373 ], [ 3.16059, 45.0839 ], [ 3.07051, 45.0839 ] ] ], [ [ [ 2.53, 44.99381 ], [ 2.53, 44.90373 ], [ 2.62008, 44.90373 ], [ 2.62008, 44.99381 ], [ 2.53, 44.99381 ] ] ], [ [ [ 4.60195, 44.99381 ], [ 4.60195, 44.90373 ], [ 4.69204, 44.90373 ], [ 4.69204, 44.99381 ], [ 4.60195, 44.99381 ] ] ], [ [ [ 5.77306, 44.90373 ], [ 5.77306, 44.81364 ], [ 5.86314, 44.81364 ], [ 5.86314, 44.90373 ], [ 5.77306, 44.90373 ] ] ], [ [ [ 2.71017, 44.90373 ], [ 2.71017, 44.63347 ], [ 2.80025, 44.63347 ], [ 2.80025, 44.90373 ], [ 2.71017, 44.90373 ] ] ], [ [ [ 4.15153, 44.72356 ], [ 4.15153, 44.63347 ], [ 4.24161, 44.63347 ], [ 4.24161, 44.72356 ], [ 4.15153, 44.72356 ] ] ], [ [ [ 5.95323, 44.72356 ], [ 5.95323, 44.63347 ], [ 6.04331, 44.63347 ], [ 6.04331, 44.72356 ], [ 5.95323, 44.72356 ] ] ], [ [ [ 2.80025, 44.63347 ], [ 2.80025, 44.54339 ], [ 2.89034, 44.54339 ], [ 2.89034, 44.63347 ], [ 2.80025, 44.63347 ] ] ], [ [ [ 3.97136, 44.63347 ], [ 3.97136, 44.54339 ], [ 4.15153, 44.54339 ], [ 4.15153, 44.63347 ], [ 3.97136, 44.63347 ] ] ], [ [ [ 3.34076, 44.63347 ], [ 3.34076, 44.4533 ], [ 3.43085, 44.4533 ], [ 3.43085, 44.63347 ], [ 3.34076, 44.63347 ] ] ], [ [ [ 2.80025, 44.4533 ], [ 2.80025, 44.36322 ], [ 2.89034, 44.36322 ], [ 2.89034, 44.4533 ], [ 2.80025, 44.4533 ] ] ], [ [ [ 3.79119, 44.4533 ], [ 3.79119, 44.36322 ], [ 3.88127, 44.36322 ], [ 3.88127, 44.4533 ], [ 3.79119, 44.4533 ] ] ], [ [ [ 2.43991, 44.36322 ], [ 2.43991, 44.27313 ], [ 2.53, 44.27313 ], [ 2.53, 44.36322 ], [ 2.43991, 44.36322 ] ] ], [ [ [ 6.22348, 44.36322 ], [ 6.22348, 44.27313 ], [ 6.31357, 44.27313 ], [ 6.31357, 44.36322 ], [ 6.22348, 44.36322 ] ] ], [ [ [ 2.62008, 44.36322 ], [ 2.62008, 44.18305 ], [ 2.71017, 44.18305 ], [ 2.71017, 44.27313 ], [ 2.80025, 44.27313 ], [ 2.80025, 44.36322 ], [ 2.62008, 44.36322 ] ] ], [ [ [ 3.52093, 44.36322 ], [ 3.52093, 44.18305 ], [ 3.61102, 44.18305 ], [ 3.61102, 44.36322 ], [ 3.52093, 44.36322 ] ] ], [ [ [ 2.89034, 44.27313 ], [ 2.89034, 44.18305 ], [ 2.98042, 44.18305 ], [ 2.98042, 44.27313 ], [ 2.89034, 44.27313 ] ] ], [ [ [ 6.04331, 44.27313 ], [ 6.04331, 44.18305 ], [ 6.1334, 44.18305 ], [ 6.1334, 44.27313 ], [ 6.04331, 44.27313 ] ] ], [ [ [ 3.07051, 44.18305 ], [ 3.07051, 44.00288 ], [ 3.16059, 44.00288 ], [ 3.16059, 44.18305 ], [ 3.07051, 44.18305 ] ] ], [ [ [ 3.34076, 44.09296 ], [ 3.34076, 44.00288 ], [ 3.43085, 44.00288 ], [ 3.43085, 44.09296 ], [ 3.34076, 44.09296 ] ] ], [ [ [ 5.77306, 44.09296 ], [ 5.77306, 44.00288 ], [ 5.86314, 44.00288 ], [ 5.86314, 44.09296 ], [ 5.77306, 44.09296 ] ] ], [ [ [ 7.21442, 44.09296 ], [ 7.21442, 44.00288 ], [ 7.30451, 44.00288 ], [ 7.30451, 44.09296 ], [ 7.21442, 44.09296 ] ] ], [ [ [ 7.48468, 44.09296 ], [ 7.48468, 44.00288 ], [ 7.57476, 44.00288 ], [ 7.57476, 44.09296 ], [ 7.48468, 44.09296 ] ] ], [ [ [ 3.16059, 44.00288 ], [ 3.16059, 43.91279 ], [ 3.34076, 43.91279 ], [ 3.34076, 44.00288 ], [ 3.16059, 44.00288 ] ] ], [ [ [ 2.89034, 43.82271 ], [ 2.89034, 43.73262 ], [ 2.98042, 43.73262 ], [ 2.98042, 43.82271 ], [ 2.89034, 43.82271 ] ] ], [ [ [ 2.53, 43.64253 ], [ 2.53, 43.55245 ], [ 2.71017, 43.55245 ], [ 2.71017, 43.64253 ], [ 2.53, 43.64253 ] ] ], [ [ [ -0.62298, 43.10202 ], [ -0.62298, 43.01194 ], [ -0.44281, 43.01194 ], [ -0.44281, 43.10202 ], [ -0.62298, 43.10202 ] ] ], [ [ [ 0.36795, 43.01194 ], [ 0.36795, 42.92185 ], [ 0.45804, 42.92185 ], [ 0.45804, 43.01194 ], [ 0.36795, 43.01194 ] ] ], [ [ [ 1.35889, 43.01194 ], [ 1.35889, 42.92185 ], [ 1.44897, 42.92185 ], [ 1.44897, 43.01194 ], [ 1.35889, 43.01194 ] ] ], [ [ [ 0.63821, 42.92185 ], [ 0.63821, 42.83177 ], [ 0.72829, 42.83177 ], [ 0.72829, 42.92185 ], [ 0.63821, 42.92185 ] ] ], [ [ [ 1.53906, 42.83177 ], [ 1.53906, 42.74168 ], [ 1.62914, 42.74168 ], [ 1.62914, 42.83177 ], [ 1.53906, 42.83177 ] ] ], [ [ [ 2.25974, 42.6516 ], [ 2.25974, 42.56151 ], [ 2.34983, 42.56151 ], [ 2.34983, 42.6516 ], [ 2.25974, 42.6516 ] ] ], [ [ [ 8.83595, 42.56151 ], [ 8.83595, 42.47143 ], [ 8.92604, 42.47143 ], [ 8.92604, 42.56151 ], [ 8.83595, 42.56151 ] ] ] ] } },
{ "type": "Feature", "properties": { "date_envol": "19/04/2026", "date_iso": "2026-04-19", "semaine": 16, "date_calcul": "2026-07-22", "annee": 2026, "espece": "Pityogenes chalcographus", "modele": "CHAPY", "seuil_vol": 15.6 }, "geometry": { "type": "MultiPolygon", "coordinates": [ [ [ [ 7.9351, 48.32696 ], [ 7.9351, 48.23687 ], [ 8.02519, 48.23687 ], [ 8.02519, 48.32696 ], [ 7.9351, 48.32696 ] ] ], [ [ [ 7.9351, 48.14679 ], [ 7.9351, 48.0567 ], [ 8.02519, 48.0567 ], [ 8.02519, 48.14679 ], [ 7.9351, 48.14679 ] ] ], [ [ [ 6.58382, 47.87653 ], [ 6.58382, 47.78645 ], [ 6.67391, 47.78645 ], [ 6.67391, 47.87653 ], [ 6.58382, 47.87653 ] ] ], [ [ [ 8.83595, 47.78645 ], [ 8.83595, 47.69636 ], [ 9.01612, 47.69636 ], [ 9.01612, 47.78645 ], [ 8.83595, 47.78645 ] ] ], [ [ [ 8.29544, 47.69636 ], [ 8.29544, 47.60628 ], [ 8.65578, 47.60628 ], [ 8.65578, 47.69636 ], [ 8.29544, 47.69636 ] ] ], [ [ [ 9.28638, 47.60628 ], [ 9.28638, 47.51619 ], [ 9.37646, 47.51619 ], [ 9.37646, 47.60628 ], [ 9.28638, 47.60628 ] ] ], [ [ [ 7.39459, 47.51619 ], [ 7.39459, 47.42611 ], [ 7.57476, 47.42611 ], [ 7.57476, 47.51619 ], [ 7.39459, 47.51619 ] ] ], [ [ [ 8.5657, 47.51619 ], [ 8.5657, 47.42611 ], [ 8.65578, 47.42611 ], [ 8.65578, 47.51619 ], [ 8.5657, 47.51619 ] ] ], [ [ [ 8.02519, 47.42611 ], [ 8.02519, 47.33602 ], [ 8.11527, 47.33602 ], [ 8.11527, 47.42611 ], [ 8.02519, 47.42611 ] ] ], [ [ [ 8.29544, 47.51619 ], [ 8.29544, 47.42611 ], [ 8.20536, 47.42611 ], [ 8.20536, 47.33602 ], [ 8.38553, 47.33602 ], [ 8.38553, 47.42611 ], [ 8.47561, 47.42611 ], [ 8.47561, 47.51619 ], [ 8.29544, 47.51619 ] ] ], [ [ [ 7.84502, 47.33602 ], [ 7.84502, 47.24594 ], [ 7.9351, 47.24594 ], [ 7.9351, 47.33602 ], [ 7.84502, 47.33602 ] ] ], [ [ [ 3.97136, 47.33602 ], [ 3.97136, 47.15585 ], [ 4.06144, 47.15585 ], [ 4.06144, 47.33602 ], [ 3.97136, 47.33602 ] ] ], [ [ [ 4.69204, 47.24594 ], [ 4.69204, 47.15585 ], [ 4.78212, 47.15585 ], [ 4.78212, 47.24594 ], [ 4.69204, 47.24594 ] ] ], [ [ [ 7.66485, 47.24594 ], [ 7.66485, 47.15585 ], [ 7.75493, 47.15585 ], [ 7.75493, 47.24594 ], [ 7.66485, 47.24594 ] ] ], [ [ [ 8.92604, 47.24594 ], [ 8.92604, 47.15585 ], [ 9.01612, 47.15585 ], [ 9.01612, 47.24594 ], [ 8.92604, 47.24594 ] ] ], [ [ [ 7.21442, 47.15585 ], [ 7.21442, 47.06577 ], [ 7.30451, 47.06577 ], [ 7.30451, 47.15585 ], [ 7.21442, 47.15585 ] ] ], [ [ [ 8.29544, 47.15585 ], [ 8.29544, 47.06577 ], [ 8.38553, 47.06577 ], [ 8.38553, 47.15585 ], [ 8.29544, 47.15585 ] ] ], [ [ [ 7.39459, 47.06577 ], [ 7.39459, 46.97568 ], [ 7.66485, 46.97568 ], [ 7.66485, 47.06577 ], [ 7.39459, 47.06577 ] ] ], [ [ [ 4.24161, 46.97568 ], [ 4.24161, 46.8856 ], [ 4.3317, 46.8856 ], [ 4.3317, 46.97568 ], [ 4.24161, 46.97568 ] ] ], [ [ [ 6.94417, 46.70543 ], [ 6.94417, 46.61534 ], [ 7.12434, 46.61534 ], [ 7.12434, 46.70543 ], [ 6.94417, 46.70543 ] ] ], [ [ [ 6.76399, 46.70543 ], [ 6.76399, 46.43517 ], [ 6.85408, 46.43517 ], [ 6.85408, 46.70543 ], [ 6.76399, 46.70543 ] ] ], [ [ [ 6.04331, 46.07483 ], [ 6.04331, 45.98475 ], [ 6.1334, 45.98475 ], [ 6.1334, 46.07483 ], [ 6.04331, 46.07483 ] ] ], [ [ [ 1.98948, 45.80458 ], [ 1.98948, 45.71449 ], [ 2.07957, 45.71449 ], [ 2.07957, 45.80458 ], [ 1.98948, 45.80458 ] ] ], [ [ [ 6.04331, 45.80458 ], [ 6.04331, 45.71449 ], [ 6.22348, 45.71449 ], [ 6.22348, 45.80458 ], [ 6.04331, 45.80458 ] ] ], [ [ [ 2.62008, 45.35415 ], [ 2.62008, 45.26407 ], [ 2.71017, 45.26407 ], [ 2.71017, 45.35415 ], [ 2.62008, 45.35415 ] ] ], [ [ [ 3.07051, 45.26407 ], [ 3.07051, 45.17398 ], [ 3.16059, 45.17398 ], [ 3.16059, 45.26407 ], [ 3.07051, 45.26407 ] ] ], [ [ [ 4.42178, 45.26407 ], [ 4.42178, 45.17398 ], [ 4.51187, 45.17398 ], [ 4.51187, 45.26407 ], [ 4.42178, 45.26407 ] ] ], [ [ [ 3.34076, 45.17398 ], [ 3.34076, 45.0839 ], [ 3.43085, 45.0839 ], [ 3.43085, 45.17398 ], [ 3.34076, 45.17398 ] ] ], [ [ [ 2.53, 45.0839 ], [ 2.53, 44.99381 ], [ 2.62008, 44.99381 ], [ 2.62008, 45.0839 ], [ 2.53, 45.0839 ] ] ], [ [ [ 4.42178, 45.0839 ], [ 4.42178, 44.99381 ], [ 4.51187, 44.99381 ], [ 4.51187, 45.0839 ], [ 4.42178, 45.0839 ] ] ], [ [ [ 2.62008, 44.99381 ], [ 2.62008, 44.90373 ], [ 2.80025, 44.90373 ], [ 2.80025, 44.99381 ], [ 2.62008, 44.99381 ] ] ], [ [ [ 5.23255, 44.90373 ], [ 5.23255, 44.81364 ], [ 5.32263, 44.81364 ], [ 5.32263, 44.90373 ], [ 5.23255, 44.90373 ] ] ], [ [ [ 5.14246, 44.72356 ], [ 5.14246, 44.63347 ], [ 5.23255, 44.63347 ], [ 5.23255, 44.72356 ], [ 5.14246, 44.72356 ] ] ], [ [ [ 5.32263, 44.72356 ], [ 5.32263, 44.63347 ], [ 5.41272, 44.63347 ], [ 5.41272, 44.72356 ], [ 5.32263, 44.72356 ] ] ], [ [ [ 5.5028, 44.54339 ], [ 5.5028, 44.4533 ], [ 5.59289, 44.4533 ], [ 5.59289, 44.54339 ], [ 5.5028, 44.54339 ] ] ], [ [ [ 6.1334, 44.54339 ], [ 6.1334, 44.4533 ], [ 6.22348, 44.4533 ], [ 6.22348, 44.54339 ], [ 6.1334, 44.54339 ] ] ], [ [ [ 2.71017, 44.4533 ], [ 2.71017, 44.36322 ], [ 2.80025, 44.36322 ], [ 2.80025, 44.4533 ], [ 2.71017, 44.4533 ] ] ], [ [ [ 2.98042, 44.4533 ], [ 2.98042, 44.27313 ], [ 3.07051, 44.27313 ], [ 3.07051, 44.4533 ], [ 2.98042, 44.4533 ] ] ], [ [ [ 3.34076, 44.36322 ], [ 3.34076, 44.18305 ], [ 3.43085, 44.18305 ], [ 3.43085, 44.36322 ], [ 3.34076, 44.36322 ] ] ], [ [ [ 2.71017, 44.27313 ], [ 2.71017, 44.18305 ], [ 2.80025, 44.18305 ], [ 2.80025, 44.27313 ], [ 2.71017, 44.27313 ] ] ], [ [ [ 5.5028, 44.36322 ], [ 5.5028, 44.27313 ], [ 5.41272, 44.27313 ], [ 5.41272, 44.18305 ], [ 5.59289, 44.18305 ], [ 5.59289, 44.36322 ], [ 5.5028, 44.36322 ] ] ], [ [ [ 3.43085, 44.09296 ], [ 3.43085, 44.00288 ], [ 3.52093, 44.00288 ], [ 3.52093, 44.09296 ], [ 3.43085, 44.09296 ] ] ], [ [ [ 5.5028, 44.09296 ], [ 5.5028, 44.00288 ], [ 5.59289, 44.00288 ], [ 5.59289, 44.09296 ], [ 5.5028, 44.09296 ] ] ], [ [ [ 6.76399, 44.09296 ], [ 6.76399, 44.00288 ], [ 6.85408, 44.00288 ], [ 6.85408, 44.09296 ], [ 6.76399, 44.09296 ] ] ], [ [ [ 6.49374, 44.00288 ], [ 6.49374, 43.91279 ], [ 6.58382, 43.91279 ], [ 6.58382, 44.00288 ], [ 6.49374, 44.00288 ] ] ], [ [ [ 2.80025, 43.82271 ], [ 2.80025, 43.73262 ], [ 2.89034, 43.73262 ], [ 2.89034, 43.82271 ], [ 2.80025, 43.82271 ] ] ], [ [ [ 6.58382, 43.82271 ], [ 6.58382, 43.73262 ], [ 6.67391, 43.73262 ], [ 6.67391, 43.82271 ], [ 6.58382, 43.82271 ] ] ], [ [ [ 6.76399, 43.82271 ], [ 6.76399, 43.73262 ], [ 6.85408, 43.73262 ], [ 6.85408, 43.82271 ], [ 6.76399, 43.82271 ] ] ], [ [ [ 2.53, 43.73262 ], [ 2.53, 43.64253 ], [ 2.71017, 43.64253 ], [ 2.71017, 43.73262 ], [ 2.53, 43.73262 ] ] ], [ [ [ 2.71017, 43.64253 ], [ 2.71017, 43.55245 ], [ 2.80025, 43.55245 ], [ 2.80025, 43.64253 ], [ 2.71017, 43.64253 ] ] ], [ [ [ -1.16349, 43.10202 ], [ -1.16349, 43.01194 ], [ -1.07341, 43.01194 ], [ -1.07341, 43.10202 ], [ -1.16349, 43.10202 ] ] ], [ [ [ 0.27787, 42.92185 ], [ 0.27787, 42.83177 ], [ 0.36795, 42.83177 ], [ 0.36795, 42.92185 ], [ 0.27787, 42.92185 ] ] ], [ [ [ 1.98948, 42.83177 ], [ 1.98948, 42.74168 ], [ 2.07957, 42.74168 ], [ 2.07957, 42.83177 ], [ 1.98948, 42.83177 ] ] ], [ [ [ 8.83595, 42.29126 ], [ 8.83595, 42.20117 ], [ 8.92604, 42.20117 ], [ 8.92604, 42.29126 ], [ 8.83595, 42.29126 ] ] ] ] } },
{ "type": "Feature", "properties": { "date_envol": "20/04/2026", "date_iso": "2026-04-20", "semaine": 17, "date_calcul": "2026-07-22", "annee": 2026, "espece": "Pityogenes chalcographus", "modele": "CHAPY", "seuil_vol": 15.6 }, "geometry": { "type": "MultiPolygon", "coordinates": [ [ [ [ 4.15153, 47.33602 ], [ 4.15153, 47.24594 ], [ 4.24161, 47.24594 ], [ 4.24161, 47.33602 ], [ 4.15153, 47.33602 ] ] ], [ [ [ 7.48468, 46.97568 ], [ 7.48468, 46.8856 ], [ 7.57476, 46.8856 ], [ 7.57476, 46.97568 ], [ 7.48468, 46.97568 ] ] ], [ [ [ 5.86314, 46.70543 ], [ 5.86314, 46.61534 ], [ 5.95323, 46.61534 ], [ 5.95323, 46.70543 ], [ 5.86314, 46.70543 ] ] ], [ [ [ 6.85408, 46.70543 ], [ 6.85408, 46.61534 ], [ 6.94417, 46.61534 ], [ 6.94417, 46.70543 ], [ 6.85408, 46.70543 ] ] ], [ [ [ 6.58382, 46.61534 ], [ 6.58382, 46.52526 ], [ 6.67391, 46.52526 ], [ 6.67391, 46.61534 ], [ 6.58382, 46.61534 ] ] ], [ [ [ 7.12434, 46.255 ], [ 7.12434, 46.16492 ], [ 7.21442, 46.16492 ], [ 7.21442, 46.255 ], [ 7.12434, 46.255 ] ] ], [ [ [ 7.03425, 46.16492 ], [ 7.03425, 46.07483 ], [ 7.12434, 46.07483 ], [ 7.12434, 46.16492 ], [ 7.03425, 46.16492 ] ] ], [ [ [ 4.24161, 46.16492 ], [ 4.24161, 46.07483 ], [ 4.3317, 46.07483 ], [ 4.3317, 45.98475 ], [ 4.42178, 45.98475 ], [ 4.42178, 46.16492 ], [ 4.24161, 46.16492 ] ] ], [ [ [ 3.61102, 46.07483 ], [ 3.61102, 45.98475 ], [ 3.7011, 45.98475 ], [ 3.7011, 46.07483 ], [ 3.61102, 46.07483 ] ] ], [ [ [ 2.16966, 45.80458 ], [ 2.16966, 45.71449 ], [ 2.34983, 45.71449 ], [ 2.34983, 45.80458 ], [ 2.16966, 45.80458 ] ] ], [ [ [ 2.62008, 45.71449 ], [ 2.62008, 45.62441 ], [ 2.71017, 45.62441 ], [ 2.71017, 45.71449 ], [ 2.62008, 45.71449 ] ] ], [ [ [ 3.61102, 45.71449 ], [ 3.61102, 45.62441 ], [ 3.7011, 45.62441 ], [ 3.7011, 45.71449 ], [ 3.61102, 45.71449 ] ] ], [ [ [ 1.98948, 45.71449 ], [ 1.98948, 45.53432 ], [ 2.07957, 45.53432 ], [ 2.07957, 45.71449 ], [ 1.98948, 45.71449 ] ] ], [ [ [ 4.42178, 45.62441 ], [ 4.42178, 45.53432 ], [ 4.51187, 45.53432 ], [ 4.51187, 45.62441 ], [ 4.42178, 45.62441 ] ] ], [ [ [ 2.62008, 45.53432 ], [ 2.62008, 45.44424 ], [ 2.71017, 45.44424 ], [ 2.71017, 45.53432 ], [ 2.62008, 45.53432 ] ] ], [ [ [ 2.89034, 45.17398 ], [ 2.89034, 45.0839 ], [ 3.07051, 45.0839 ], [ 3.07051, 45.17398 ], [ 2.89034, 45.17398 ] ] ], [ [ [ 5.5028, 45.17398 ], [ 5.5028, 44.99381 ], [ 5.68297, 44.99381 ], [ 5.68297, 45.17398 ], [ 5.5028, 45.17398 ] ] ], [ [ [ 2.89034, 44.99381 ], [ 2.89034, 44.90373 ], [ 2.98042, 44.90373 ], [ 2.98042, 44.99381 ], [ 2.89034, 44.99381 ] ] ], [ [ [ 3.61102, 44.90373 ], [ 3.61102, 44.81364 ], [ 3.7011, 44.81364 ], [ 3.7011, 44.90373 ], [ 3.61102, 44.90373 ] ] ], [ [ [ 4.24161, 44.90373 ], [ 4.24161, 44.81364 ], [ 4.3317, 44.81364 ], [ 4.3317, 44.90373 ], [ 4.24161, 44.90373 ] ] ], [ [ [ 3.16059, 44.90373 ], [ 3.16059, 44.81364 ], [ 3.34076, 44.81364 ], [ 3.34076, 44.72356 ], [ 3.43085, 44.72356 ], [ 3.43085, 44.90373 ], [ 3.16059, 44.90373 ] ] ], [ [ [ 5.5028, 44.90373 ], [ 5.5028, 44.72356 ], [ 5.59289, 44.72356 ], [ 5.59289, 44.81364 ], [ 5.77306, 44.81364 ], [ 5.77306, 44.90373 ], [ 5.5028, 44.90373 ] ] ], [ [ [ 3.7011, 44.81364 ], [ 3.7011, 44.72356 ], [ 3.79119, 44.72356 ], [ 3.79119, 44.81364 ], [ 3.7011, 44.81364 ] ] ], [ [ [ 3.16059, 44.72356 ], [ 3.16059, 44.63347 ], [ 3.34076, 44.63347 ], [ 3.34076, 44.72356 ], [ 3.16059, 44.72356 ] ] ], [ [ [ 3.43085, 44.54339 ], [ 3.43085, 44.4533 ], [ 3.52093, 44.4533 ], [ 3.52093, 44.54339 ], [ 3.43085, 44.54339 ] ] ], [ [ [ 2.80025, 44.36322 ], [ 2.80025, 44.27313 ], [ 2.98042, 44.27313 ], [ 2.98042, 44.36322 ], [ 2.80025, 44.36322 ] ] ], [ [ [ 3.43085, 44.36322 ], [ 3.43085, 44.27313 ], [ 3.52093, 44.27313 ], [ 3.52093, 44.36322 ], [ 3.43085, 44.36322 ] ] ], [ [ [ 6.04331, 44.36322 ], [ 6.04331, 44.27313 ], [ 6.22348, 44.27313 ], [ 6.22348, 44.36322 ], [ 6.04331, 44.36322 ] ] ], [ [ [ 3.52093, 44.18305 ], [ 3.52093, 44.09296 ], [ 3.61102, 44.09296 ], [ 3.61102, 44.18305 ], [ 3.52093, 44.18305 ] ] ], [ [ [ 5.59289, 44.18305 ], [ 5.59289, 44.00288 ], [ 5.68297, 44.00288 ], [ 5.68297, 44.18305 ], [ 5.59289, 44.18305 ] ] ], [ [ [ 6.31357, 44.09296 ], [ 6.31357, 44.00288 ], [ 6.40365, 44.00288 ], [ 6.40365, 44.09296 ], [ 6.31357, 44.09296 ] ] ], [ [ [ 6.22348, 43.91279 ], [ 6.22348, 43.82271 ], [ 6.31357, 43.82271 ], [ 6.31357, 43.91279 ], [ 6.22348, 43.91279 ] ] ], [ [ [ 2.62008, 43.82271 ], [ 2.62008, 43.73262 ], [ 2.80025, 43.73262 ], [ 2.80025, 43.82271 ], [ 2.62008, 43.82271 ] ] ], [ [ [ -0.71307, 43.01194 ], [ -0.71307, 42.92185 ], [ -0.62298, 42.92185 ], [ -0.62298, 43.01194 ], [ -0.71307, 43.01194 ] ] ], [ [ [ -0.26264, 43.01194 ], [ -0.26264, 42.92185 ], [ -0.17256, 42.92185 ], [ -0.17256, 43.01194 ], [ -0.26264, 43.01194 ] ] ], [ [ [ 0.18778, 43.01194 ], [ 0.18778, 42.92185 ], [ 0.27787, 42.92185 ], [ 0.27787, 43.01194 ], [ 0.18778, 43.01194 ] ] ], [ [ [ 0.54812, 42.92185 ], [ 0.54812, 42.83177 ], [ 0.63821, 42.83177 ], [ 0.63821, 42.92185 ], [ 0.54812, 42.92185 ] ] ] ] } },
{ "type": "Feature", "properties": { "date_envol": "21/04/2026", "date_iso": "2026-04-21", "semaine": 17, "date_calcul": "2026-07-22", "annee": 2026, "espece": "Pityogenes chalcographus", "modele": "CHAPY", "seuil_vol": 15.6 }, "geometry": { "type": "MultiPolygon", "coordinates": [ [ [ [ 4.3317, 46.255 ], [ 4.3317, 46.16492 ], [ 4.42178, 46.16492 ], [ 4.42178, 46.255 ], [ 4.3317, 46.255 ] ] ], [ [ [ 6.31357, 46.16492 ], [ 6.31357, 46.07483 ], [ 6.40365, 46.07483 ], [ 6.40365, 46.16492 ], [ 6.31357, 46.16492 ] ] ], [ [ [ 5.41272, 46.07483 ], [ 5.41272, 45.98475 ], [ 5.5028, 45.98475 ], [ 5.5028, 46.07483 ], [ 5.41272, 46.07483 ] ] ], [ [ [ 4.24161, 45.98475 ], [ 4.24161, 45.89466 ], [ 4.3317, 45.89466 ], [ 4.3317, 45.98475 ], [ 4.24161, 45.98475 ] ] ], [ [ [ 5.59289, 45.98475 ], [ 5.59289, 45.89466 ], [ 5.68297, 45.89466 ], [ 5.68297, 45.98475 ], [ 5.59289, 45.98475 ] ] ], [ [ [ 6.49374, 45.98475 ], [ 6.49374, 45.89466 ], [ 6.58382, 45.89466 ], [ 6.58382, 45.98475 ], [ 6.49374, 45.98475 ] ] ], [ [ [ 5.68297, 45.89466 ], [ 5.68297, 45.80458 ], [ 5.77306, 45.80458 ], [ 5.77306, 45.89466 ], [ 5.68297, 45.89466 ] ] ], [ [ [ 3.79119, 45.80458 ], [ 3.79119, 45.71449 ], [ 3.88127, 45.71449 ], [ 3.88127, 45.80458 ], [ 3.79119, 45.80458 ] ] ], [ [ [ 4.42178, 45.53432 ], [ 4.42178, 45.44424 ], [ 4.51187, 45.44424 ], [ 4.51187, 45.53432 ], [ 4.42178, 45.53432 ] ] ], [ [ [ 5.77306, 45.53432 ], [ 5.77306, 45.44424 ], [ 5.86314, 45.44424 ], [ 5.86314, 45.53432 ], [ 5.77306, 45.53432 ] ] ], [ [ [ 4.51187, 45.44424 ], [ 4.51187, 45.35415 ], [ 4.60195, 45.35415 ], [ 4.60195, 45.44424 ], [ 4.51187, 45.44424 ] ] ], [ [ [ 2.71017, 45.44424 ], [ 2.71017, 45.26407 ], [ 2.80025, 45.26407 ], [ 2.80025, 45.44424 ], [ 2.71017, 45.44424 ] ] ], [ [ [ 3.79119, 45.35415 ], [ 3.79119, 45.26407 ], [ 3.88127, 45.26407 ], [ 3.88127, 45.35415 ], [ 3.79119, 45.35415 ] ] ], [ [ [ 3.52093, 45.17398 ], [ 3.52093, 45.0839 ], [ 3.61102, 45.0839 ], [ 3.61102, 45.17398 ], [ 3.52093, 45.17398 ] ] ], [ [ [ 3.43085, 45.0839 ], [ 3.43085, 44.99381 ], [ 3.52093, 44.99381 ], [ 3.52093, 45.0839 ], [ 3.43085, 45.0839 ] ] ], [ [ [ 3.16059, 44.99381 ], [ 3.16059, 44.90373 ], [ 3.34076, 44.90373 ], [ 3.34076, 44.99381 ], [ 3.16059, 44.99381 ] ] ], [ [ [ 5.59289, 44.99381 ], [ 5.59289, 44.90373 ], [ 5.77306, 44.90373 ], [ 5.77306, 44.99381 ], [ 5.59289, 44.99381 ] ] ], [ [ [ 3.16059, 44.81364 ], [ 3.16059, 44.72356 ], [ 3.34076, 44.72356 ], [ 3.34076, 44.81364 ], [ 3.16059, 44.81364 ] ] ], [ [ [ 3.34076, 44.72356 ], [ 3.34076, 44.63347 ], [ 3.43085, 44.63347 ], [ 3.43085, 44.72356 ], [ 3.34076, 44.72356 ] ] ], [ [ [ 3.43085, 44.63347 ], [ 3.43085, 44.54339 ], [ 3.52093, 44.54339 ], [ 3.52093, 44.63347 ], [ 3.43085, 44.63347 ] ] ], [ [ [ 3.79119, 44.63347 ], [ 3.79119, 44.54339 ], [ 3.88127, 44.54339 ], [ 3.88127, 44.63347 ], [ 3.79119, 44.63347 ] ] ], [ [ [ 5.32263, 44.63347 ], [ 5.32263, 44.54339 ], [ 5.5028, 44.54339 ], [ 5.5028, 44.63347 ], [ 5.32263, 44.63347 ] ] ], [ [ [ 5.59289, 44.63347 ], [ 5.59289, 44.54339 ], [ 5.68297, 44.54339 ], [ 5.68297, 44.63347 ], [ 5.59289, 44.63347 ] ] ], [ [ [ 6.1334, 44.63347 ], [ 6.1334, 44.54339 ], [ 6.22348, 44.54339 ], [ 6.22348, 44.63347 ], [ 6.1334, 44.63347 ] ] ], [ [ [ 6.31357, 44.54339 ], [ 6.31357, 44.4533 ], [ 6.40365, 44.4533 ], [ 6.40365, 44.54339 ], [ 6.31357, 44.54339 ] ] ], [ [ [ 2.80025, 44.27313 ], [ 2.80025, 44.18305 ], [ 2.89034, 44.18305 ], [ 2.89034, 44.27313 ], [ 2.80025, 44.27313 ] ] ], [ [ [ 3.43085, 44.27313 ], [ 3.43085, 44.18305 ], [ 3.52093, 44.18305 ], [ 3.52093, 44.27313 ], [ 3.43085, 44.27313 ] ] ], [ [ [ 6.49374, 44.09296 ], [ 6.49374, 44.00288 ], [ 6.58382, 44.00288 ], [ 6.58382, 44.09296 ], [ 6.49374, 44.09296 ] ] ], [ [ [ 2.71017, 43.73262 ], [ 2.71017, 43.64253 ], [ 2.80025, 43.64253 ], [ 2.80025, 43.73262 ], [ 2.71017, 43.73262 ] ] ], [ [ [ -0.80315, 43.10202 ], [ -0.80315, 43.01194 ], [ -0.71307, 43.01194 ], [ -0.71307, 43.10202 ], [ -0.80315, 43.10202 ] ] ], [ [ [ 1.44897, 42.92185 ], [ 1.44897, 42.74168 ], [ 1.53906, 42.74168 ], [ 1.53906, 42.92185 ], [ 1.44897, 42.92185 ] ] ], [ [ [ 2.43991, 42.6516 ], [ 2.43991, 42.56151 ], [ 2.53, 42.56151 ], [ 2.53, 42.6516 ], [ 2.43991, 42.6516 ] ] ], [ [ [ 2.43991, 42.47143 ], [ 2.43991, 42.38134 ], [ 2.53, 42.38134 ], [ 2.53, 42.47143 ], [ 2.43991, 42.47143 ] ] ] ] } },
{ "type": "Feature", "properties": { "date_envol": "22/04/2026", "date_iso": "2026-04-22", "semaine": 17, "date_calcul": "2026-07-22", "annee": 2026, "espece": "Pityogenes chalcographus", "modele": "CHAPY", "seuil_vol": 15.6 }, "geometry": { "type": "MultiPolygon", "coordinates": [ [ [ [ 1.71923, 51.02951 ], [ 1.71923, 50.93943 ], [ 2.07957, 50.93943 ], [ 2.07957, 51.02951 ], [ 1.71923, 51.02951 ] ] ], [ [ [ 1.53906, 50.93943 ], [ 1.53906, 50.39892 ], [ 1.62914, 50.39892 ], [ 1.62914, 50.57909 ], [ 1.71923, 50.57909 ], [ 1.71923, 50.66917 ], [ 1.8994, 50.66917 ], [ 1.8994, 50.75926 ], [ 1.62914, 50.75926 ], [ 1.62914, 50.93943 ], [ 1.53906, 50.93943 ] ] ], [ [ [ 1.8994, 50.489 ], [ 1.8994, 50.30883 ], [ 1.98948, 50.30883 ], [ 1.98948, 50.39892 ], [ 2.07957, 50.39892 ], [ 2.07957, 50.489 ], [ 1.8994, 50.489 ] ] ], [ [ [ 2.07957, 50.39892 ], [ 2.07957, 50.30883 ], [ 2.16966, 50.30883 ], [ 2.16966, 50.39892 ], [ 2.07957, 50.39892 ] ] ], [ [ [ 1.98948, 50.30883 ], [ 1.98948, 50.21875 ], [ 2.07957, 50.21875 ], [ 2.07957, 50.30883 ], [ 1.98948, 50.30883 ] ] ], [ [ [ 1.35889, 49.67824 ], [ 1.35889, 49.58815 ], [ 1.44897, 49.58815 ], [ 1.44897, 49.67824 ], [ 1.35889, 49.67824 ] ] ], [ [ [ 1.62914, 49.67824 ], [ 1.62914, 49.58815 ], [ 1.80931, 49.58815 ], [ 1.80931, 49.67824 ], [ 1.62914, 49.67824 ] ] ], [ [ [ 5.77306, 46.8856 ], [ 5.77306, 46.79551 ], [ 5.86314, 46.79551 ], [ 5.86314, 46.8856 ], [ 5.77306, 46.8856 ] ] ], [ [ [ 5.68297, 46.70543 ], [ 5.68297, 46.61534 ], [ 5.86314, 46.61534 ], [ 5.86314, 46.70543 ], [ 5.68297, 46.70543 ] ] ], [ [ [ 2.62008, 45.62441 ], [ 2.62008, 45.53432 ], [ 2.71017, 45.53432 ], [ 2.71017, 45.62441 ], [ 2.62008, 45.62441 ] ] ], [ [ [ 4.3317, 45.62441 ], [ 4.3317, 45.53432 ], [ 4.42178, 45.53432 ], [ 4.42178, 45.62441 ], [ 4.3317, 45.62441 ] ] ], [ [ [ 2.80025, 44.90373 ], [ 2.80025, 44.81364 ], [ 2.89034, 44.81364 ], [ 2.89034, 44.90373 ], [ 2.80025, 44.90373 ] ] ], [ [ [ -1.07341, 43.01194 ], [ -1.07341, 42.92185 ], [ -0.98332, 42.92185 ], [ -0.98332, 43.01194 ], [ -1.07341, 43.01194 ] ] ], [ [ [ 0.27787, 43.01194 ], [ 0.27787, 42.92185 ], [ 0.36795, 42.92185 ], [ 0.36795, 43.01194 ], [ 0.27787, 43.01194 ] ] ], [ [ [ 1.44897, 43.01194 ], [ 1.44897, 42.92185 ], [ 1.53906, 42.92185 ], [ 1.53906, 43.01194 ], [ 1.44897, 43.01194 ] ] ], [ [ [ 0.90846, 42.92185 ], [ 0.90846, 42.83177 ], [ 0.99855, 42.83177 ], [ 0.99855, 42.92185 ], [ 0.90846, 42.92185 ] ] ], [ [ [ 0.54812, 42.83177 ], [ 0.54812, 42.74168 ], [ 0.63821, 42.74168 ], [ 0.63821, 42.83177 ], [ 0.54812, 42.83177 ] ] ], [ [ [ 1.71923, 42.83177 ], [ 1.71923, 42.74168 ], [ 1.80931, 42.74168 ], [ 1.80931, 42.83177 ], [ 1.71923, 42.83177 ] ] ], [ [ [ 1.8994, 42.47143 ], [ 1.8994, 42.38134 ], [ 1.98948, 42.38134 ], [ 1.98948, 42.47143 ], [ 1.8994, 42.47143 ] ] ] ] } },
{ "type": "Feature", "properties": { "date_envol": "23/04/2026", "date_iso": "2026-04-23", "semaine": 17, "date_calcul": "2026-07-22", "annee": 2026, "espece": "Pityogenes chalcographus", "modele": "CHAPY", "seuil_vol": 15.6 }, "geometry": { "type": "MultiPolygon", "coordinates": [ [ [ [ 2.53, 51.02951 ], [ 2.53, 50.93943 ], [ 2.62008, 50.93943 ], [ 2.62008, 51.02951 ], [ 2.53, 51.02951 ] ] ], [ [ [ 1.71923, 50.93943 ], [ 1.71923, 50.75926 ], [ 1.8994, 50.75926 ], [ 1.8994, 50.66917 ], [ 1.71923, 50.66917 ], [ 1.71923, 50.57909 ], [ 1.8994, 50.57909 ], [ 1.8994, 50.489 ], [ 2.07957, 50.489 ], [ 2.07957, 50.39892 ], [ 2.16966, 50.39892 ], [ 2.16966, 50.489 ], [ 2.34983, 50.489 ], [ 2.34983, 50.57909 ], [ 2.16966, 50.57909 ], [ 2.16966, 50.66917 ], [ 2.07957, 50.66917 ], [ 2.07957, 50.84934 ], [ 1.8994, 50.84934 ], [ 1.8994, 50.93943 ], [ 1.71923, 50.93943 ] ] ], [ [ [ 1.98948, 50.39892 ], [ 1.98948, 50.30883 ], [ 2.07957, 50.30883 ], [ 2.07957, 50.39892 ], [ 1.98948, 50.39892 ] ] ], [ [ [ 4.3317, 49.94849 ], [ 4.3317, 49.85841 ], [ 4.60195, 49.85841 ], [ 4.60195, 49.94849 ], [ 4.3317, 49.94849 ] ] ], [ [ [ 4.69204, 49.94849 ], [ 4.69204, 49.85841 ], [ 4.78212, 49.85841 ], [ 4.78212, 49.94849 ], [ 4.69204, 49.94849 ] ] ], [ [ [ 4.78212, 50.03858 ], [ 4.78212, 49.94849 ], [ 4.87221, 49.94849 ], [ 4.87221, 49.76832 ], [ 5.14246, 49.76832 ], [ 5.14246, 49.67824 ], [ 5.32263, 49.67824 ], [ 5.32263, 49.76832 ], [ 5.23255, 49.76832 ], [ 5.23255, 49.85841 ], [ 5.14246, 49.85841 ], [ 5.14246, 49.94849 ], [ 4.96229, 49.94849 ], [ 4.96229, 50.03858 ], [ 4.78212, 50.03858 ] ] ], [ [ [ 1.53906, 49.85841 ], [ 1.53906, 49.67824 ], [ 1.62914, 49.67824 ], [ 1.62914, 49.85841 ], [ 1.53906, 49.85841 ] ] ], [ [ [ -1.97426, 49.76832 ], [ -1.97426, 49.67824 ], [ -1.88417, 49.67824 ], [ -1.88417, 49.76832 ], [ -1.97426, 49.76832 ] ] ], [ [ [ -1.88417, 49.67824 ], [ -1.88417, 49.58815 ], [ -1.97426, 49.58815 ], [ -1.97426, 49.49807 ], [ -1.88417, 49.49807 ], [ -1.88417, 49.40798 ], [ -1.704, 49.40798 ], [ -1.704, 49.49807 ], [ -1.79409, 49.49807 ], [ -1.79409, 49.67824 ], [ -1.88417, 49.67824 ] ] ], [ [ [ 6.40365, 49.49807 ], [ 6.40365, 49.40798 ], [ 6.49374, 49.40798 ], [ 6.49374, 49.49807 ], [ 6.40365, 49.49807 ] ] ], [ [ [ 7.12434, 49.49807 ], [ 7.12434, 49.40798 ], [ 7.30451, 49.40798 ], [ 7.30451, 49.49807 ], [ 7.12434, 49.49807 ] ] ], [ [ [ 5.77306, 49.76832 ], [ 5.77306, 49.67824 ], [ 5.32263, 49.67824 ], [ 5.32263, 49.58815 ], [ 5.68297, 49.58815 ], [ 5.68297, 49.49807 ], [ 5.5028, 49.49807 ], [ 5.5028, 49.40798 ], [ 5.86314, 49.40798 ], [ 5.86314, 49.3179 ], [ 6.04331, 49.3179 ], [ 6.04331, 49.40798 ], [ 5.95323, 49.40798 ], [ 5.95323, 49.49807 ], [ 5.77306, 49.49807 ], [ 5.77306, 49.58815 ], [ 5.86314, 49.58815 ], [ 5.86314, 49.76832 ], [ 5.77306, 49.76832 ] ] ], [ [ [ 7.39459, 49.40798 ], [ 7.39459, 49.3179 ], [ 7.48468, 49.3179 ], [ 7.48468, 49.13773 ], [ 7.66485, 49.13773 ], [ 7.66485, 49.04764 ], [ 7.75493, 49.04764 ], [ 7.75493, 49.3179 ], [ 7.84502, 49.3179 ], [ 7.84502, 49.40798 ], [ 7.39459, 49.40798 ] ] ], [ [ [ 5.41272, 49.22781 ], [ 5.41272, 49.04764 ], [ 5.5028, 49.04764 ], [ 5.5028, 49.22781 ], [ 5.41272, 49.22781 ] ] ], [ [ [ 5.59289, 49.04764 ], [ 5.59289, 48.95756 ], [ 5.77306, 48.95756 ], [ 5.77306, 49.04764 ], [ 5.59289, 49.04764 ] ] ], [ [ [ 7.39459, 49.13773 ], [ 7.39459, 49.04764 ], [ 7.30451, 49.04764 ], [ 7.30451, 48.95756 ], [ 7.48468, 48.95756 ], [ 7.48468, 49.13773 ], [ 7.39459, 49.13773 ] ] ], [ [ [ 8.38553, 48.95756 ], [ 8.38553, 48.86747 ], [ 8.47561, 48.86747 ], [ 8.47561, 48.95756 ], [ 8.38553, 48.95756 ] ] ], [ [ [ -1.07341, 48.86747 ], [ -1.07341, 48.77739 ], [ -0.89324, 48.77739 ], [ -0.89324, 48.86747 ], [ -1.07341, 48.86747 ] ] ], [ [ [ 5.32263, 48.77739 ], [ 5.32263, 48.6873 ], [ 5.41272, 48.6873 ], [ 5.41272, 48.77739 ], [ 5.32263, 48.77739 ] ] ], [ [ [ 8.20536, 48.77739 ], [ 8.20536, 48.6873 ], [ 8.29544, 48.6873 ], [ 8.29544, 48.77739 ], [ 8.20536, 48.77739 ] ] ], [ [ [ 7.21442, 48.77739 ], [ 7.21442, 48.59722 ], [ 7.30451, 48.59722 ], [ 7.30451, 48.6873 ], [ 7.39459, 48.6873 ], [ 7.39459, 48.77739 ], [ 7.21442, 48.77739 ] ] ], [ [ [ -3.59579, 48.59722 ], [ -3.59579, 48.50713 ], [ -3.50571, 48.50713 ], [ -3.50571, 48.59722 ], [ -3.59579, 48.59722 ] ] ], [ [ [ 6.76399, 48.50713 ], [ 6.76399, 48.41705 ], [ 6.85408, 48.41705 ], [ 6.85408, 48.50713 ], [ 6.76399, 48.50713 ] ] ], [ [ [ 7.21442, 48.50713 ], [ 7.21442, 48.41705 ], [ 7.30451, 48.41705 ], [ 7.30451, 48.50713 ], [ 7.21442, 48.50713 ] ] ], [ [ [ 8.02519, 48.50713 ], [ 8.02519, 48.41705 ], [ 8.11527, 48.41705 ], [ 8.11527, 48.50713 ], [ 8.02519, 48.50713 ] ] ], [ [ [ 5.95323, 48.59722 ], [ 5.95323, 48.32696 ], [ 6.04331, 48.32696 ], [ 6.04331, 48.59722 ], [ 5.95323, 48.59722 ] ] ], [ [ [ 7.30451, 48.41705 ], [ 7.30451, 48.32696 ], [ 7.39459, 48.32696 ], [ 7.39459, 48.41705 ], [ 7.30451, 48.41705 ] ] ], [ [ [ 8.11527, 48.41705 ], [ 8.11527, 48.23687 ], [ 8.20536, 48.23687 ], [ 8.20536, 48.41705 ], [ 8.11527, 48.41705 ] ] ], [ [ [ 7.03425, 48.41705 ], [ 7.03425, 48.23687 ], [ 6.85408, 48.23687 ], [ 6.85408, 48.32696 ], [ 6.76399, 48.32696 ], [ 6.76399, 48.14679 ], [ 7.12434, 48.14679 ], [ 7.12434, 48.23687 ], [ 7.30451, 48.23687 ], [ 7.30451, 48.32696 ], [ 7.12434, 48.32696 ], [ 7.12434, 48.41705 ], [ 7.03425, 48.41705 ] ] ], [ [ [ 5.77306, 48.14679 ], [ 5.77306, 48.0567 ], [ 6.04331, 48.0567 ], [ 6.04331, 48.14679 ], [ 5.77306, 48.14679 ] ] ], [ [ [ 5.5028, 48.6873 ], [ 5.5028, 48.59722 ], [ 5.41272, 48.59722 ], [ 5.41272, 48.50713 ], [ 5.23255, 48.50713 ], [ 5.23255, 48.41705 ], [ 5.41272, 48.41705 ], [ 5.41272, 48.32696 ], [ 5.5028, 48.32696 ], [ 5.5028, 48.23687 ], [ 5.23255, 48.23687 ], [ 5.23255, 48.0567 ], [ 5.32263, 48.0567 ], [ 5.32263, 47.96662 ], [ 5.5028, 47.96662 ], [ 5.5028, 48.14679 ], [ 5.59289, 48.14679 ], [ 5.59289, 48.41705 ], [ 5.68297, 48.41705 ], [ 5.68297, 48.50713 ], [ 5.59289, 48.50713 ], [ 5.59289, 48.6873 ], [ 5.5028, 48.6873 ] ] ], [ [ [ 5.68297, 48.0567 ], [ 5.68297, 47.96662 ], [ 5.77306, 47.96662 ], [ 5.77306, 48.0567 ], [ 5.68297, 48.0567 ] ] ], [ [ [ 6.1334, 48.0567 ], [ 6.1334, 47.96662 ], [ 6.22348, 47.96662 ], [ 6.22348, 48.0567 ], [ 6.1334, 48.0567 ] ] ], [ [ [ 7.21442, 48.0567 ], [ 7.21442, 47.96662 ], [ 7.30451, 47.96662 ], [ 7.30451, 48.0567 ], [ 7.21442, 48.0567 ] ] ], [ [ [ 6.58382, 48.14679 ], [ 6.58382, 48.0567 ], [ 6.31357, 48.0567 ], [ 6.31357, 47.87653 ], [ 6.49374, 47.87653 ], [ 6.49374, 47.96662 ], [ 6.76399, 47.96662 ], [ 6.76399, 48.0567 ], [ 6.67391, 48.0567 ], [ 6.67391, 48.14679 ], [ 6.58382, 48.14679 ] ] ], [ [ [ 5.14246, 47.87653 ], [ 5.14246, 47.78645 ], [ 4.96229, 47.78645 ], [ 4.96229, 47.69636 ], [ 5.23255, 47.69636 ], [ 5.23255, 47.87653 ], [ 5.14246, 47.87653 ] ] ], [ [ [ 9.01612, 47.78645 ], [ 9.01612, 47.69636 ], [ 9.10621, 47.69636 ], [ 9.10621, 47.78645 ], [ 9.01612, 47.78645 ] ] ], [ [ [ 7.66485, 47.69636 ], [ 7.66485, 47.60628 ], [ 7.9351, 47.60628 ], [ 7.9351, 47.69636 ], [ 7.66485, 47.69636 ] ] ], [ [ [ 8.20536, 47.69636 ], [ 8.20536, 47.60628 ], [ 8.29544, 47.60628 ], [ 8.29544, 47.69636 ], [ 8.20536, 47.69636 ] ] ], [ [ [ 8.65578, 47.78645 ], [ 8.65578, 47.69636 ], [ 8.74587, 47.69636 ], [ 8.74587, 47.60628 ], [ 8.92604, 47.60628 ], [ 8.92604, 47.42611 ], [ 9.01612, 47.42611 ], [ 9.01612, 47.51619 ], [ 9.19629, 47.51619 ], [ 9.19629, 47.42611 ], [ 9.28638, 47.42611 ], [ 9.28638, 47.60628 ], [ 9.01612, 47.60628 ], [ 9.01612, 47.69636 ], [ 8.83595, 47.69636 ], [ 8.83595, 47.78645 ], [ 8.65578, 47.78645 ] ] ], [ [ [ 7.66485, 47.51619 ], [ 7.66485, 47.42611 ], [ 8.20536, 47.42611 ], [ 8.20536, 47.51619 ], [ 7.66485, 47.51619 ] ] ], [ [ [ 7.03425, 47.42611 ], [ 7.03425, 47.33602 ], [ 7.12434, 47.33602 ], [ 7.12434, 47.42611 ], [ 7.03425, 47.42611 ] ] ], [ [ [ 7.30451, 47.42611 ], [ 7.30451, 47.33602 ], [ 7.57476, 47.33602 ], [ 7.57476, 47.42611 ], [ 7.30451, 47.42611 ] ] ], [ [ [ 4.69204, 47.51619 ], [ 4.69204, 47.33602 ], [ 4.78212, 47.33602 ], [ 4.78212, 47.15585 ], [ 4.87221, 47.15585 ], [ 4.87221, 47.42611 ], [ 5.05238, 47.42611 ], [ 5.05238, 47.51619 ], [ 4.69204, 47.51619 ] ] ], [ [ [ 8.47561, 47.51619 ], [ 8.47561, 47.42611 ], [ 8.38553, 47.42611 ], [ 8.38553, 47.33602 ], [ 7.9351, 47.33602 ], [ 7.9351, 47.15585 ], [ 8.11527, 47.15585 ], [ 8.11527, 47.24594 ], [ 8.47561, 47.24594 ], [ 8.47561, 47.33602 ], [ 8.65578, 47.33602 ], [ 8.65578, 47.24594 ], [ 8.74587, 47.24594 ], [ 8.74587, 47.15585 ], [ 8.92604, 47.15585 ], [ 8.92604, 47.33602 ], [ 8.83595, 47.33602 ], [ 8.83595, 47.51619 ], [ 8.65578, 47.51619 ], [ 8.65578, 47.42611 ], [ 8.5657, 47.42611 ], [ 8.5657, 47.51619 ], [ 8.47561, 47.51619 ] ] ], [ [ [ 7.75493, 47.24594 ], [ 7.75493, 47.15585 ], [ 7.84502, 47.15585 ], [ 7.84502, 47.24594 ], [ 7.75493, 47.24594 ] ] ], [ [ [ 8.47561, 47.24594 ], [ 8.47561, 47.15585 ], [ 8.5657, 47.15585 ], [ 8.5657, 47.24594 ], [ 8.47561, 47.24594 ] ] ], [ [ [ 4.06144, 47.33602 ], [ 4.06144, 47.06577 ], [ 4.15153, 47.06577 ], [ 4.15153, 47.33602 ], [ 4.06144, 47.33602 ] ] ], [ [ [ 6.85408, 47.42611 ], [ 6.85408, 47.33602 ], [ 6.49374, 47.33602 ], [ 6.49374, 47.24594 ], [ 6.40365, 47.24594 ], [ 6.40365, 47.15585 ], [ 6.58382, 47.15585 ], [ 6.58382, 47.06577 ], [ 6.67391, 47.06577 ], [ 6.67391, 47.15585 ], [ 6.76399, 47.15585 ], [ 6.76399, 47.24594 ], [ 7.03425, 47.24594 ], [ 7.03425, 47.33602 ], [ 6.94417, 47.33602 ], [ 6.94417, 47.42611 ], [ 6.85408, 47.42611 ] ] ], [ [ [ 4.69204, 47.15585 ], [ 4.69204, 47.06577 ], [ 4.78212, 47.06577 ], [ 4.78212, 47.15585 ], [ 4.69204, 47.15585 ] ] ], [ [ [ 7.66485, 47.15585 ], [ 7.66485, 46.97568 ], [ 7.75493, 46.97568 ], [ 7.75493, 47.15585 ], [ 7.66485, 47.15585 ] ] ], [ [ [ 8.38553, 47.15585 ], [ 8.38553, 46.97568 ], [ 8.47561, 46.97568 ], [ 8.47561, 47.15585 ], [ 8.38553, 47.15585 ] ] ], [ [ [ 3.97136, 47.06577 ], [ 3.97136, 46.97568 ], [ 4.06144, 46.97568 ], [ 4.06144, 47.06577 ], [ 3.97136, 47.06577 ] ] ], [ [ [ 6.76399, 46.97568 ], [ 6.76399, 46.8856 ], [ 6.85408, 46.8856 ], [ 6.85408, 46.97568 ], [ 6.76399, 46.97568 ] ] ], [ [ [ 7.30451, 46.97568 ], [ 7.30451, 46.8856 ], [ 7.39459, 46.8856 ], [ 7.39459, 46.79551 ], [ 7.48468, 46.79551 ], [ 7.48468, 46.97568 ], [ 7.30451, 46.97568 ] ] ], [ [ [ 7.21442, 46.8856 ], [ 7.21442, 46.79551 ], [ 7.30451, 46.79551 ], [ 7.30451, 46.8856 ], [ 7.21442, 46.8856 ] ] ], [ [ [ 6.31357, 47.15585 ], [ 6.31357, 47.06577 ], [ 6.04331, 47.06577 ], [ 6.04331, 46.97568 ], [ 5.95323, 46.97568 ], [ 5.95323, 46.8856 ], [ 5.86314, 46.8856 ], [ 5.86314, 46.70543 ], [ 6.04331, 46.70543 ], [ 6.04331, 46.79551 ], [ 6.22348, 46.79551 ], [ 6.22348, 46.8856 ], [ 6.49374, 46.8856 ], [ 6.49374, 46.97568 ], [ 6.40365, 46.97568 ], [ 6.40365, 47.15585 ], [ 6.31357, 47.15585 ] ] ], [ [ [ 6.31357, 46.79551 ], [ 6.31357, 46.70543 ], [ 6.49374, 46.70543 ], [ 6.49374, 46.79551 ], [ 6.31357, 46.79551 ] ] ], [ [ [ 6.85408, 46.79551 ], [ 6.85408, 46.70543 ], [ 7.21442, 46.70543 ], [ 7.21442, 46.79551 ], [ 6.85408, 46.79551 ] ] ], [ [ [ 7.48468, 46.79551 ], [ 7.48468, 46.70543 ], [ 7.57476, 46.70543 ], [ 7.57476, 46.79551 ], [ 7.48468, 46.79551 ] ] ], [ [ [ 5.86314, 46.61534 ], [ 5.86314, 46.52526 ], [ 5.95323, 46.52526 ], [ 5.95323, 46.61534 ], [ 5.86314, 46.61534 ] ] ], [ [ [ 5.68297, 46.52526 ], [ 5.68297, 46.43517 ], [ 5.77306, 46.43517 ], [ 5.77306, 46.52526 ], [ 5.68297, 46.52526 ] ] ], [ [ [ 4.3317, 46.34509 ], [ 4.3317, 46.255 ], [ 4.42178, 46.255 ], [ 4.42178, 46.34509 ], [ 4.3317, 46.34509 ] ] ], [ [ [ 6.22348, 46.255 ], [ 6.22348, 46.16492 ], [ 6.31357, 46.16492 ], [ 6.31357, 46.255 ], [ 6.22348, 46.255 ] ] ], [ [ [ 2.25974, 46.16492 ], [ 2.25974, 46.07483 ], [ 2.34983, 46.07483 ], [ 2.34983, 46.16492 ], [ 2.25974, 46.16492 ] ] ], [ [ [ 3.7011, 46.16492 ], [ 3.7011, 46.07483 ], [ 3.79119, 46.07483 ], [ 3.79119, 46.16492 ], [ 3.7011, 46.16492 ] ] ], [ [ [ 6.94417, 46.16492 ], [ 6.94417, 46.07483 ], [ 7.03425, 46.07483 ], [ 7.03425, 46.16492 ], [ 6.94417, 46.16492 ] ] ], [ [ [ 2.62008, 46.07483 ], [ 2.62008, 45.98475 ], [ 2.71017, 45.98475 ], [ 2.71017, 46.07483 ], [ 2.62008, 46.07483 ] ] ], [ [ [ 6.1334, 46.07483 ], [ 6.1334, 45.98475 ], [ 6.22348, 45.98475 ], [ 6.22348, 46.07483 ], [ 6.1334, 46.07483 ] ] ], [ [ [ 5.68297, 45.98475 ], [ 5.68297, 45.89466 ], [ 5.77306, 45.89466 ], [ 5.77306, 45.98475 ], [ 5.68297, 45.98475 ] ] ], [ [ [ 3.61102, 45.98475 ], [ 3.61102, 45.89466 ], [ 3.7011, 45.89466 ], [ 3.7011, 45.80458 ], [ 3.79119, 45.80458 ], [ 3.79119, 45.98475 ], [ 3.61102, 45.98475 ] ] ], [ [ [ 2.43991, 45.98475 ], [ 2.43991, 45.89466 ], [ 2.34983, 45.89466 ], [ 2.34983, 45.71449 ], [ 2.53, 45.71449 ], [ 2.53, 45.80458 ], [ 2.62008, 45.80458 ], [ 2.62008, 45.98475 ], [ 2.43991, 45.98475 ] ] ], [ [ [ 2.71017, 45.98475 ], [ 2.71017, 45.89466 ], [ 2.80025, 45.89466 ], [ 2.80025, 45.80458 ], [ 2.71017, 45.80458 ], [ 2.71017, 45.71449 ], [ 2.89034, 45.71449 ], [ 2.89034, 45.98475 ], [ 2.71017, 45.98475 ] ] ], [ [ [ 4.42178, 45.71449 ], [ 4.42178, 45.62441 ], [ 4.51187, 45.62441 ], [ 4.51187, 45.71449 ], [ 4.42178, 45.71449 ] ] ], [ [ [ 6.58382, 45.62441 ], [ 6.58382, 45.53432 ], [ 6.67391, 45.53432 ], [ 6.67391, 45.62441 ], [ 6.58382, 45.62441 ] ] ], [ [ [ 2.71017, 45.53432 ], [ 2.71017, 45.44424 ], [ 2.80025, 45.44424 ], [ 2.80025, 45.53432 ], [ 2.71017, 45.53432 ] ] ], [ [ [ 4.51187, 45.53432 ], [ 4.51187, 45.44424 ], [ 4.60195, 45.44424 ], [ 4.60195, 45.53432 ], [ 4.51187, 45.53432 ] ] ], [ [ [ 6.40365, 45.53432 ], [ 6.40365, 45.44424 ], [ 6.49374, 45.44424 ], [ 6.49374, 45.53432 ], [ 6.40365, 45.53432 ] ] ], [ [ [ 3.61102, 45.44424 ], [ 3.61102, 45.35415 ], [ 3.7011, 45.35415 ], [ 3.7011, 45.44424 ], [ 3.61102, 45.44424 ] ] ], [ [ [ 6.1334, 45.44424 ], [ 6.1334, 45.35415 ], [ 6.31357, 45.35415 ], [ 6.31357, 45.44424 ], [ 6.1334, 45.44424 ] ] ], [ [ [ 2.98042, 45.35415 ], [ 2.98042, 45.26407 ], [ 3.07051, 45.26407 ], [ 3.07051, 45.35415 ], [ 2.98042, 45.35415 ] ] ], [ [ [ 4.24161, 45.35415 ], [ 4.24161, 45.26407 ], [ 4.3317, 45.26407 ], [ 4.3317, 45.35415 ], [ 4.24161, 45.35415 ] ] ], [ [ [ 5.59289, 45.35415 ], [ 5.59289, 45.26407 ], [ 5.68297, 45.26407 ], [ 5.68297, 45.35415 ], [ 5.59289, 45.35415 ] ] ], [ [ [ 3.16059, 45.26407 ], [ 3.16059, 45.17398 ], [ 3.34076, 45.17398 ], [ 3.34076, 45.26407 ], [ 3.16059, 45.26407 ] ] ], [ [ [ 3.52093, 45.26407 ], [ 3.52093, 45.17398 ], [ 3.61102, 45.17398 ], [ 3.61102, 45.26407 ], [ 3.52093, 45.26407 ] ] ], [ [ [ 5.68297, 45.26407 ], [ 5.68297, 45.17398 ], [ 5.77306, 45.17398 ], [ 5.77306, 45.26407 ], [ 5.68297, 45.26407 ] ] ], [ [ [ 5.86314, 45.26407 ], [ 5.86314, 45.17398 ], [ 5.95323, 45.17398 ], [ 5.95323, 45.26407 ], [ 5.86314, 45.26407 ] ] ], [ [ [ 3.52093, 45.0839 ], [ 3.52093, 44.99381 ], [ 3.61102, 44.99381 ], [ 3.61102, 45.0839 ], [ 3.52093, 45.0839 ] ] ], [ [ [ 4.51187, 44.99381 ], [ 4.51187, 44.90373 ], [ 4.60195, 44.90373 ], [ 4.60195, 44.99381 ], [ 4.51187, 44.99381 ] ] ], [ [ [ 5.86314, 44.81364 ], [ 5.86314, 44.72356 ], [ 5.95323, 44.72356 ], [ 5.95323, 44.81364 ], [ 5.86314, 44.81364 ] ] ], [ [ [ 6.49374, 44.72356 ], [ 6.49374, 44.63347 ], [ 6.67391, 44.63347 ], [ 6.67391, 44.72356 ], [ 6.49374, 44.72356 ] ] ], [ [ [ -1.07341, 43.10202 ], [ -1.07341, 43.01194 ], [ -0.98332, 43.01194 ], [ -0.98332, 43.10202 ], [ -1.07341, 43.10202 ] ] ], [ [ [ -0.35273, 43.10202 ], [ -0.35273, 43.01194 ], [ -0.26264, 43.01194 ], [ -0.26264, 43.10202 ], [ -0.35273, 43.10202 ] ] ], [ [ [ 1.35889, 42.92185 ], [ 1.35889, 42.83177 ], [ 1.44897, 42.83177 ], [ 1.44897, 42.92185 ], [ 1.35889, 42.92185 ] ] ], [ [ [ 1.62914, 42.92185 ], [ 1.62914, 42.83177 ], [ 1.71923, 42.83177 ], [ 1.71923, 42.92185 ], [ 1.62914, 42.92185 ] ] ], [ [ [ 1.17872, 42.83177 ], [ 1.17872, 42.74168 ], [ 1.35889, 42.74168 ], [ 1.35889, 42.83177 ], [ 1.17872, 42.83177 ] ] ], [ [ [ 1.71923, 42.74168 ], [ 1.71923, 42.6516 ], [ 1.80931, 42.6516 ], [ 1.80931, 42.74168 ], [ 1.71923, 42.74168 ] ] ], [ [ [ 1.44897, 42.56151 ], [ 1.44897, 42.47143 ], [ 1.53906, 42.47143 ], [ 1.53906, 42.56151 ], [ 1.44897, 42.56151 ] ] ] ] } },
{ "type": "Feature", "properties": { "date_envol": "24/04/2026", "date_iso": "2026-04-24", "semaine": 17, "date_calcul": "2026-07-22", "annee": 2026, "espece": "Pityogenes chalcographus", "modele": "CHAPY", "seuil_vol": 15.6 }, "geometry": { "type": "MultiPolygon", "coordinates": [ [ [ [ 4.78212, 49.94849 ], [ 4.78212, 49.85841 ], [ 4.87221, 49.85841 ], [ 4.87221, 49.94849 ], [ 4.78212, 49.94849 ] ] ], [ [ [ 5.32263, 49.76832 ], [ 5.32263, 49.67824 ], [ 5.77306, 49.67824 ], [ 5.77306, 49.76832 ], [ 5.32263, 49.76832 ] ] ], [ [ [ 7.75493, 49.3179 ], [ 7.75493, 49.22781 ], [ 7.84502, 49.22781 ], [ 7.84502, 49.3179 ], [ 7.75493, 49.3179 ] ] ], [ [ [ 7.03425, 48.50713 ], [ 7.03425, 48.41705 ], [ 7.12434, 48.41705 ], [ 7.12434, 48.50713 ], [ 7.03425, 48.50713 ] ] ], [ [ [ 7.9351, 48.23687 ], [ 7.9351, 48.14679 ], [ 8.02519, 48.14679 ], [ 8.02519, 48.23687 ], [ 7.9351, 48.23687 ] ] ], [ [ [ 7.21442, 48.14679 ], [ 7.21442, 48.0567 ], [ 7.30451, 48.0567 ], [ 7.30451, 48.14679 ], [ 7.21442, 48.14679 ] ] ], [ [ [ 6.49374, 47.96662 ], [ 6.49374, 47.87653 ], [ 6.67391, 47.87653 ], [ 6.67391, 47.78645 ], [ 6.76399, 47.78645 ], [ 6.76399, 47.96662 ], [ 6.49374, 47.96662 ] ] ], [ [ [ 8.74587, 47.87653 ], [ 8.74587, 47.78645 ], [ 8.92604, 47.78645 ], [ 8.92604, 47.87653 ], [ 8.74587, 47.87653 ] ] ], [ [ [ 8.47561, 47.78645 ], [ 8.47561, 47.69636 ], [ 8.5657, 47.69636 ], [ 8.5657, 47.78645 ], [ 8.47561, 47.78645 ] ] ], [ [ [ 9.01612, 47.69636 ], [ 9.01612, 47.60628 ], [ 9.19629, 47.60628 ], [ 9.19629, 47.69636 ], [ 9.01612, 47.69636 ] ] ], [ [ [ 8.02519, 47.60628 ], [ 8.02519, 47.51619 ], [ 8.11527, 47.51619 ], [ 8.11527, 47.60628 ], [ 8.02519, 47.60628 ] ] ], [ [ [ 8.83595, 47.51619 ], [ 8.83595, 47.42611 ], [ 8.92604, 47.42611 ], [ 8.92604, 47.51619 ], [ 8.83595, 47.51619 ] ] ], [ [ [ 9.01612, 47.51619 ], [ 9.01612, 47.42611 ], [ 9.19629, 47.42611 ], [ 9.19629, 47.51619 ], [ 9.01612, 47.51619 ] ] ], [ [ [ 9.37646, 47.51619 ], [ 9.37646, 47.42611 ], [ 9.46655, 47.42611 ], [ 9.46655, 47.51619 ], [ 9.37646, 47.51619 ] ] ], [ [ [ 7.21442, 47.42611 ], [ 7.21442, 47.33602 ], [ 7.30451, 47.33602 ], [ 7.30451, 47.42611 ], [ 7.21442, 47.42611 ] ] ], [ [ [ 7.57476, 47.42611 ], [ 7.57476, 47.33602 ], [ 7.66485, 47.33602 ], [ 7.66485, 47.42611 ], [ 7.57476, 47.42611 ] ] ], [ [ [ 7.03425, 47.33602 ], [ 7.03425, 47.24594 ], [ 7.12434, 47.24594 ], [ 7.12434, 47.33602 ], [ 7.03425, 47.33602 ] ] ], [ [ [ 8.47561, 47.33602 ], [ 8.47561, 47.24594 ], [ 8.65578, 47.24594 ], [ 8.65578, 47.33602 ], [ 8.47561, 47.33602 ] ] ], [ [ [ 6.76399, 47.24594 ], [ 6.76399, 47.15585 ], [ 6.94417, 47.15585 ], [ 6.94417, 47.24594 ], [ 6.76399, 47.24594 ] ] ], [ [ [ 8.20536, 47.24594 ], [ 8.20536, 47.15585 ], [ 8.29544, 47.15585 ], [ 8.29544, 47.24594 ], [ 8.20536, 47.24594 ] ] ], [ [ [ 9.01612, 47.24594 ], [ 9.01612, 47.15585 ], [ 9.10621, 47.15585 ], [ 9.10621, 47.24594 ], [ 9.01612, 47.24594 ] ] ], [ [ [ 9.46655, 47.24594 ], [ 9.46655, 47.15585 ], [ 9.64672, 47.15585 ], [ 9.64672, 47.24594 ], [ 9.46655, 47.24594 ] ] ], [ [ [ 6.49374, 47.15585 ], [ 6.49374, 47.06577 ], [ 6.58382, 47.06577 ], [ 6.58382, 47.15585 ], [ 6.49374, 47.15585 ] ] ], [ [ [ 6.40365, 47.06577 ], [ 6.40365, 46.97568 ], [ 6.49374, 46.97568 ], [ 6.49374, 47.06577 ], [ 6.40365, 47.06577 ] ] ], [ [ [ 7.57476, 46.97568 ], [ 7.57476, 46.8856 ], [ 7.66485, 46.8856 ], [ 7.66485, 46.97568 ], [ 7.57476, 46.97568 ] ] ], [ [ [ 5.77306, 46.52526 ], [ 5.77306, 46.43517 ], [ 5.95323, 46.43517 ], [ 5.95323, 46.52526 ], [ 5.77306, 46.52526 ] ] ], [ [ [ 5.68297, 46.34509 ], [ 5.68297, 46.255 ], [ 5.77306, 46.255 ], [ 5.77306, 46.34509 ], [ 5.68297, 46.34509 ] ] ], [ [ [ 5.59289, 46.255 ], [ 5.59289, 46.16492 ], [ 5.68297, 46.16492 ], [ 5.68297, 46.255 ], [ 5.59289, 46.255 ] ] ], [ [ [ 6.1334, 45.98475 ], [ 6.1334, 45.89466 ], [ 6.22348, 45.89466 ], [ 6.22348, 45.98475 ], [ 6.1334, 45.98475 ] ] ], [ [ [ 6.58382, 45.98475 ], [ 6.58382, 45.89466 ], [ 6.67391, 45.89466 ], [ 6.67391, 45.98475 ], [ 6.58382, 45.98475 ] ] ], [ [ [ 2.62008, 45.89466 ], [ 2.62008, 45.80458 ], [ 2.80025, 45.80458 ], [ 2.80025, 45.89466 ], [ 2.62008, 45.89466 ] ] ], [ [ [ 2.53, 45.80458 ], [ 2.53, 45.71449 ], [ 2.62008, 45.71449 ], [ 2.62008, 45.80458 ], [ 2.53, 45.80458 ] ] ], [ [ [ 2.98042, 45.62441 ], [ 2.98042, 45.53432 ], [ 3.07051, 45.53432 ], [ 3.07051, 45.62441 ], [ 2.98042, 45.62441 ] ] ], [ [ [ 3.43085, 45.62441 ], [ 3.43085, 45.53432 ], [ 3.52093, 45.53432 ], [ 3.52093, 45.62441 ], [ 3.43085, 45.62441 ] ] ], [ [ [ 6.04331, 45.62441 ], [ 6.04331, 45.53432 ], [ 6.22348, 45.53432 ], [ 6.22348, 45.62441 ], [ 6.04331, 45.62441 ] ] ], [ [ [ 5.68297, 45.44424 ], [ 5.68297, 45.35415 ], [ 5.77306, 45.35415 ], [ 5.77306, 45.44424 ], [ 5.68297, 45.44424 ] ] ], [ [ [ 3.52093, 45.44424 ], [ 3.52093, 45.26407 ], [ 3.61102, 45.26407 ], [ 3.61102, 45.44424 ], [ 3.52093, 45.44424 ] ] ], [ [ [ 6.22348, 45.35415 ], [ 6.22348, 45.26407 ], [ 6.40365, 45.26407 ], [ 6.40365, 45.35415 ], [ 6.22348, 45.35415 ] ] ], [ [ [ 2.98042, 45.26407 ], [ 2.98042, 45.17398 ], [ 3.07051, 45.17398 ], [ 3.07051, 45.26407 ], [ 2.98042, 45.26407 ] ] ], [ [ [ 4.24161, 45.26407 ], [ 4.24161, 45.17398 ], [ 4.3317, 45.17398 ], [ 4.3317, 45.26407 ], [ 4.24161, 45.26407 ] ] ], [ [ [ 6.40365, 45.26407 ], [ 6.40365, 45.17398 ], [ 6.49374, 45.17398 ], [ 6.49374, 45.26407 ], [ 6.40365, 45.26407 ] ] ], [ [ [ 3.7011, 45.53432 ], [ 3.7011, 45.26407 ], [ 3.61102, 45.26407 ], [ 3.61102, 45.0839 ], [ 3.7011, 45.0839 ], [ 3.7011, 45.17398 ], [ 3.79119, 45.17398 ], [ 3.79119, 45.53432 ], [ 3.7011, 45.53432 ] ] ], [ [ [ 2.53, 45.17398 ], [ 2.53, 45.0839 ], [ 2.62008, 45.0839 ], [ 2.62008, 45.17398 ], [ 2.53, 45.17398 ] ] ], [ [ [ 3.07051, 45.17398 ], [ 3.07051, 45.0839 ], [ 3.34076, 45.0839 ], [ 3.34076, 45.17398 ], [ 3.07051, 45.17398 ] ] ], [ [ [ 2.89034, 45.0839 ], [ 2.89034, 44.99381 ], [ 2.98042, 44.99381 ], [ 2.98042, 45.0839 ], [ 2.89034, 45.0839 ] ] ], [ [ [ 3.7011, 45.0839 ], [ 3.7011, 44.99381 ], [ 3.79119, 44.99381 ], [ 3.79119, 45.0839 ], [ 3.7011, 45.0839 ] ] ], [ [ [ 5.23255, 45.0839 ], [ 5.23255, 44.99381 ], [ 5.32263, 44.99381 ], [ 5.32263, 45.0839 ], [ 5.23255, 45.0839 ] ] ], [ [ [ 4.3317, 45.17398 ], [ 4.3317, 45.0839 ], [ 4.24161, 45.0839 ], [ 4.24161, 44.90373 ], [ 4.3317, 44.90373 ], [ 4.3317, 44.99381 ], [ 4.42178, 44.99381 ], [ 4.42178, 45.17398 ], [ 4.3317, 45.17398 ] ] ], [ [ [ 2.80025, 44.99381 ], [ 2.80025, 44.90373 ], [ 2.89034, 44.90373 ], [ 2.89034, 44.99381 ], [ 2.80025, 44.99381 ] ] ], [ [ [ 3.52093, 44.99381 ], [ 3.52093, 44.90373 ], [ 3.7011, 44.90373 ], [ 3.7011, 44.99381 ], [ 3.52093, 44.99381 ] ] ], [ [ [ 3.79119, 44.99381 ], [ 3.79119, 44.90373 ], [ 3.88127, 44.90373 ], [ 3.88127, 44.99381 ], [ 3.79119, 44.99381 ] ] ], [ [ [ 2.98042, 44.90373 ], [ 2.98042, 44.81364 ], [ 3.07051, 44.81364 ], [ 3.07051, 44.90373 ], [ 2.98042, 44.90373 ] ] ], [ [ [ 4.3317, 44.90373 ], [ 4.3317, 44.81364 ], [ 4.42178, 44.81364 ], [ 4.42178, 44.90373 ], [ 4.3317, 44.90373 ] ] ], [ [ [ 5.86314, 44.90373 ], [ 5.86314, 44.81364 ], [ 5.95323, 44.81364 ], [ 5.95323, 44.90373 ], [ 5.86314, 44.90373 ] ] ], [ [ [ 2.80025, 44.72356 ], [ 2.80025, 44.63347 ], [ 2.89034, 44.63347 ], [ 2.89034, 44.72356 ], [ 2.80025, 44.72356 ] ] ], [ [ [ 3.79119, 44.72356 ], [ 3.79119, 44.63347 ], [ 3.88127, 44.63347 ], [ 3.88127, 44.72356 ], [ 3.79119, 44.72356 ] ] ], [ [ [ 3.88127, 44.63347 ], [ 3.88127, 44.54339 ], [ 3.97136, 44.54339 ], [ 3.97136, 44.63347 ], [ 3.88127, 44.63347 ] ] ], [ [ [ 3.52093, 44.54339 ], [ 3.52093, 44.4533 ], [ 3.61102, 44.4533 ], [ 3.61102, 44.54339 ], [ 3.52093, 44.54339 ] ] ], [ [ [ 3.7011, 44.4533 ], [ 3.7011, 44.36322 ], [ 3.79119, 44.36322 ], [ 3.79119, 44.4533 ], [ 3.7011, 44.4533 ] ] ], [ [ [ 5.5028, 44.4533 ], [ 5.5028, 44.36322 ], [ 5.59289, 44.36322 ], [ 5.59289, 44.4533 ], [ 5.5028, 44.4533 ] ] ], [ [ [ 5.77306, 44.4533 ], [ 5.77306, 44.36322 ], [ 5.95323, 44.36322 ], [ 5.95323, 44.4533 ], [ 5.77306, 44.4533 ] ] ], [ [ [ 6.31357, 44.4533 ], [ 6.31357, 44.36322 ], [ 6.40365, 44.36322 ], [ 6.40365, 44.4533 ], [ 6.31357, 44.4533 ] ] ], [ [ [ 5.23255, 44.27313 ], [ 5.23255, 44.18305 ], [ 5.32263, 44.18305 ], [ 5.32263, 44.27313 ], [ 5.23255, 44.27313 ] ] ], [ [ [ 5.5028, 44.18305 ], [ 5.5028, 44.09296 ], [ 5.59289, 44.09296 ], [ 5.59289, 44.18305 ], [ 5.5028, 44.18305 ] ] ], [ [ [ 7.03425, 44.09296 ], [ 7.03425, 44.00288 ], [ 7.12434, 44.00288 ], [ 7.12434, 44.09296 ], [ 7.03425, 44.09296 ] ] ], [ [ [ 7.39459, 44.00288 ], [ 7.39459, 43.91279 ], [ 7.48468, 43.91279 ], [ 7.48468, 44.00288 ], [ 7.39459, 44.00288 ] ] ], [ [ [ 6.67391, 43.82271 ], [ 6.67391, 43.73262 ], [ 6.76399, 43.73262 ], [ 6.76399, 43.82271 ], [ 6.67391, 43.82271 ] ] ], [ [ [ -0.44281, 43.10202 ], [ -0.44281, 43.01194 ], [ -0.35273, 43.01194 ], [ -0.35273, 43.10202 ], [ -0.44281, 43.10202 ] ] ], [ [ [ -0.62298, 43.01194 ], [ -0.62298, 42.92185 ], [ -0.5329, 42.92185 ], [ -0.5329, 43.01194 ], [ -0.62298, 43.01194 ] ] ], [ [ [ -0.17256, 42.92185 ], [ -0.17256, 42.83177 ], [ 0.00761, 42.83177 ], [ 0.00761, 42.92185 ], [ -0.17256, 42.92185 ] ] ], [ [ [ 1.71923, 42.92185 ], [ 1.71923, 42.83177 ], [ 1.80931, 42.83177 ], [ 1.80931, 42.92185 ], [ 1.71923, 42.92185 ] ] ], [ [ [ 1.80931, 42.83177 ], [ 1.80931, 42.6516 ], [ 1.8994, 42.6516 ], [ 1.8994, 42.83177 ], [ 1.80931, 42.83177 ] ] ] ] } },
{ "type": "Feature", "properties": { "date_envol": "25/04/2026", "date_iso": "2026-04-25", "semaine": 17, "date_calcul": "2026-07-22", "annee": 2026, "espece": "Pityogenes chalcographus", "modele": "CHAPY", "seuil_vol": 15.6 }, "geometry": { "type": "MultiPolygon", "coordinates": [ [ [ [ 6.94417, 49.58815 ], [ 6.94417, 49.49807 ], [ 7.12434, 49.49807 ], [ 7.12434, 49.58815 ], [ 6.94417, 49.58815 ] ] ], [ [ [ 7.12434, 48.41705 ], [ 7.12434, 48.32696 ], [ 7.30451, 48.32696 ], [ 7.30451, 48.41705 ], [ 7.12434, 48.41705 ] ] ], [ [ [ 6.67391, 48.14679 ], [ 6.67391, 48.0567 ], [ 6.76399, 48.0567 ], [ 6.76399, 48.14679 ], [ 6.67391, 48.14679 ] ] ], [ [ [ 6.76399, 47.87653 ], [ 6.76399, 47.78645 ], [ 6.85408, 47.78645 ], [ 6.85408, 47.87653 ], [ 6.76399, 47.87653 ] ] ], [ [ [ 6.94417, 47.87653 ], [ 6.94417, 47.78645 ], [ 7.03425, 47.78645 ], [ 7.03425, 47.87653 ], [ 6.94417, 47.87653 ] ] ], [ [ [ 7.66485, 47.87653 ], [ 7.66485, 47.78645 ], [ 7.84502, 47.78645 ], [ 7.84502, 47.87653 ], [ 7.66485, 47.87653 ] ] ], [ [ [ 9.19629, 47.69636 ], [ 9.19629, 47.60628 ], [ 9.28638, 47.60628 ], [ 9.28638, 47.69636 ], [ 9.19629, 47.69636 ] ] ], [ [ [ 9.37646, 47.60628 ], [ 9.37646, 47.51619 ], [ 9.64672, 47.51619 ], [ 9.64672, 47.60628 ], [ 9.37646, 47.60628 ] ] ], [ [ [ 7.75493, 47.42611 ], [ 7.75493, 47.24594 ], [ 7.84502, 47.24594 ], [ 7.84502, 47.33602 ], [ 8.02519, 47.33602 ], [ 8.02519, 47.42611 ], [ 7.75493, 47.42611 ] ] ], [ [ [ 6.94417, 47.24594 ], [ 6.94417, 47.15585 ], [ 7.03425, 47.15585 ], [ 7.03425, 47.24594 ], [ 6.94417, 47.24594 ] ] ], [ [ [ 7.12434, 47.24594 ], [ 7.12434, 47.15585 ], [ 7.21442, 47.15585 ], [ 7.21442, 47.24594 ], [ 7.12434, 47.24594 ] ] ], [ [ [ 7.84502, 47.24594 ], [ 7.84502, 47.15585 ], [ 7.9351, 47.15585 ], [ 7.9351, 47.24594 ], [ 7.84502, 47.24594 ] ] ], [ [ [ 8.5657, 47.24594 ], [ 8.5657, 47.15585 ], [ 8.74587, 47.15585 ], [ 8.74587, 47.24594 ], [ 8.5657, 47.24594 ] ] ], [ [ [ 6.40365, 47.15585 ], [ 6.40365, 47.06577 ], [ 6.49374, 47.06577 ], [ 6.49374, 47.15585 ], [ 6.40365, 47.15585 ] ] ], [ [ [ 6.67391, 47.15585 ], [ 6.67391, 47.06577 ], [ 6.94417, 47.06577 ], [ 6.94417, 47.15585 ], [ 6.67391, 47.15585 ] ] ], [ [ [ 8.11527, 47.24594 ], [ 8.11527, 47.15585 ], [ 8.02519, 47.15585 ], [ 8.02519, 47.06577 ], [ 8.29544, 47.06577 ], [ 8.29544, 47.15585 ], [ 8.20536, 47.15585 ], [ 8.20536, 47.24594 ], [ 8.11527, 47.24594 ] ] ], [ [ [ 8.47561, 47.15585 ], [ 8.47561, 46.97568 ], [ 8.5657, 46.97568 ], [ 8.5657, 47.15585 ], [ 8.47561, 47.15585 ] ] ], [ [ [ 4.06144, 47.06577 ], [ 4.06144, 46.97568 ], [ 4.15153, 46.97568 ], [ 4.15153, 47.06577 ], [ 4.06144, 47.06577 ] ] ], [ [ [ 6.49374, 47.06577 ], [ 6.49374, 46.97568 ], [ 6.58382, 46.97568 ], [ 6.58382, 47.06577 ], [ 6.49374, 47.06577 ] ] ], [ [ [ 6.58382, 46.8856 ], [ 6.58382, 46.79551 ], [ 6.67391, 46.79551 ], [ 6.67391, 46.8856 ], [ 6.58382, 46.8856 ] ] ], [ [ [ 7.39459, 46.79551 ], [ 7.39459, 46.70543 ], [ 7.48468, 46.70543 ], [ 7.48468, 46.79551 ], [ 7.39459, 46.79551 ] ] ], [ [ [ 5.95323, 46.70543 ], [ 5.95323, 46.61534 ], [ 6.04331, 46.61534 ], [ 6.04331, 46.70543 ], [ 5.95323, 46.70543 ] ] ], [ [ [ 6.04331, 46.43517 ], [ 6.04331, 46.34509 ], [ 6.1334, 46.34509 ], [ 6.1334, 46.43517 ], [ 6.04331, 46.43517 ] ] ], [ [ [ 6.31357, 46.255 ], [ 6.31357, 46.16492 ], [ 6.40365, 46.16492 ], [ 6.40365, 46.255 ], [ 6.31357, 46.255 ] ] ], [ [ [ 3.61102, 45.80458 ], [ 3.61102, 45.71449 ], [ 3.7011, 45.71449 ], [ 3.7011, 45.80458 ], [ 3.61102, 45.80458 ] ] ], [ [ [ 6.22348, 45.71449 ], [ 6.22348, 45.62441 ], [ 6.31357, 45.62441 ], [ 6.31357, 45.71449 ], [ 6.22348, 45.71449 ] ] ], [ [ [ 2.80025, 45.62441 ], [ 2.80025, 45.44424 ], [ 2.89034, 45.44424 ], [ 2.89034, 45.62441 ], [ 2.80025, 45.62441 ] ] ], [ [ [ 3.43085, 45.53432 ], [ 3.43085, 45.44424 ], [ 3.61102, 45.44424 ], [ 3.61102, 45.53432 ], [ 3.43085, 45.53432 ] ] ], [ [ [ 3.79119, 45.53432 ], [ 3.79119, 45.35415 ], [ 4.06144, 45.35415 ], [ 4.06144, 45.44424 ], [ 3.88127, 45.44424 ], [ 3.88127, 45.53432 ], [ 3.79119, 45.53432 ] ] ], [ [ [ 3.61102, 45.35415 ], [ 3.61102, 45.26407 ], [ 3.7011, 45.26407 ], [ 3.7011, 45.35415 ], [ 3.61102, 45.35415 ] ] ], [ [ [ 4.42178, 45.35415 ], [ 4.42178, 45.26407 ], [ 4.51187, 45.26407 ], [ 4.51187, 45.35415 ], [ 4.42178, 45.35415 ] ] ], [ [ [ 2.53, 45.26407 ], [ 2.53, 45.17398 ], [ 2.62008, 45.17398 ], [ 2.62008, 45.26407 ], [ 2.53, 45.26407 ] ] ], [ [ [ 2.80025, 45.26407 ], [ 2.80025, 45.0839 ], [ 2.89034, 45.0839 ], [ 2.89034, 45.26407 ], [ 2.80025, 45.26407 ] ] ], [ [ [ 4.42178, 45.17398 ], [ 4.42178, 45.0839 ], [ 4.51187, 45.0839 ], [ 4.51187, 45.17398 ], [ 4.42178, 45.17398 ] ] ], [ [ [ 5.32263, 45.17398 ], [ 5.32263, 44.99381 ], [ 5.41272, 44.99381 ], [ 5.41272, 45.17398 ], [ 5.32263, 45.17398 ] ] ], [ [ [ 2.62008, 45.0839 ], [ 2.62008, 44.99381 ], [ 2.71017, 44.99381 ], [ 2.71017, 45.0839 ], [ 2.62008, 45.0839 ] ] ], [ [ [ 5.14246, 44.99381 ], [ 5.14246, 44.90373 ], [ 5.23255, 44.90373 ], [ 5.23255, 44.99381 ], [ 5.14246, 44.99381 ] ] ], [ [ [ 2.89034, 44.90373 ], [ 2.89034, 44.81364 ], [ 2.98042, 44.81364 ], [ 2.98042, 44.90373 ], [ 2.89034, 44.90373 ] ] ], [ [ [ 3.07051, 44.90373 ], [ 3.07051, 44.72356 ], [ 3.16059, 44.72356 ], [ 3.16059, 44.90373 ], [ 3.07051, 44.90373 ] ] ], [ [ [ 3.79119, 44.90373 ], [ 3.79119, 44.72356 ], [ 3.88127, 44.72356 ], [ 3.88127, 44.90373 ], [ 3.79119, 44.90373 ] ] ], [ [ [ 3.61102, 44.81364 ], [ 3.61102, 44.72356 ], [ 3.7011, 44.72356 ], [ 3.7011, 44.81364 ], [ 3.61102, 44.81364 ] ] ], [ [ [ 3.07051, 44.63347 ], [ 3.07051, 44.54339 ], [ 3.16059, 44.54339 ], [ 3.16059, 44.63347 ], [ 3.07051, 44.63347 ] ] ], [ [ [ 3.52093, 44.63347 ], [ 3.52093, 44.54339 ], [ 3.61102, 44.54339 ], [ 3.61102, 44.63347 ], [ 3.52093, 44.63347 ] ] ], [ [ [ 3.43085, 44.18305 ], [ 3.43085, 44.09296 ], [ 3.52093, 44.09296 ], [ 3.52093, 44.18305 ], [ 3.43085, 44.18305 ] ] ], [ [ [ 6.67391, 44.18305 ], [ 6.67391, 44.09296 ], [ 6.94417, 44.09296 ], [ 6.94417, 44.18305 ], [ 6.67391, 44.18305 ] ] ], [ [ [ 6.31357, 43.91279 ], [ 6.31357, 43.82271 ], [ 6.40365, 43.82271 ], [ 6.40365, 43.91279 ], [ 6.31357, 43.91279 ] ] ], [ [ [ 2.80025, 43.73262 ], [ 2.80025, 43.64253 ], [ 2.89034, 43.64253 ], [ 2.89034, 43.73262 ], [ 2.80025, 43.73262 ] ] ], [ [ [ 2.25974, 42.74168 ], [ 2.25974, 42.6516 ], [ 2.34983, 42.6516 ], [ 2.34983, 42.74168 ], [ 2.25974, 42.74168 ] ] ], [ [ [ 8.92604, 42.56151 ], [ 8.92604, 42.47143 ], [ 9.01612, 42.47143 ], [ 9.01612, 42.56151 ], [ 8.92604, 42.56151 ] ] ], [ [ [ 1.71923, 42.47143 ], [ 1.71923, 42.38134 ], [ 1.80931, 42.38134 ], [ 1.80931, 42.47143 ], [ 1.71923, 42.47143 ] ] ] ] } },
{ "type": "Feature", "properties": { "date_envol": "26/04/2026", "date_iso": "2026-04-26", "semaine": 17, "date_calcul": "2026-07-22", "annee": 2026, "espece": "Pityogenes chalcographus", "modele": "CHAPY", "seuil_vol": 15.6 }, "geometry": { "type": "MultiPolygon", "coordinates": [ [ [ [ -1.88417, 49.76832 ], [ -1.88417, 49.67824 ], [ -1.79409, 49.67824 ], [ -1.79409, 49.58815 ], [ -1.43375, 49.58815 ], [ -1.43375, 49.49807 ], [ -1.34366, 49.49807 ], [ -1.34366, 49.40798 ], [ -1.25358, 49.40798 ], [ -1.25358, 49.3179 ], [ -1.07341, 49.3179 ], [ -1.07341, 49.49807 ], [ -1.16349, 49.49807 ], [ -1.16349, 49.67824 ], [ -1.25358, 49.67824 ], [ -1.25358, 49.76832 ], [ -1.52383, 49.76832 ], [ -1.52383, 49.67824 ], [ -1.704, 49.67824 ], [ -1.704, 49.76832 ], [ -1.88417, 49.76832 ] ], [ [ -1.43375, 49.67824 ], [ -1.34366, 49.67824 ], [ -1.34366, 49.58815 ], [ -1.43375, 49.58815 ], [ -1.43375, 49.67824 ] ] ], [ [ [ 8.38553, 48.86747 ], [ 8.38553, 48.77739 ], [ 8.47561, 48.77739 ], [ 8.47561, 48.86747 ], [ 8.38553, 48.86747 ] ] ], [ [ [ 7.12434, 48.59722 ], [ 7.12434, 48.41705 ], [ 7.21442, 48.41705 ], [ 7.21442, 48.50713 ], [ 7.30451, 48.50713 ], [ 7.30451, 48.59722 ], [ 7.12434, 48.59722 ] ] ], [ [ [ 7.21442, 48.23687 ], [ 7.21442, 48.14679 ], [ 7.30451, 48.14679 ], [ 7.30451, 48.23687 ], [ 7.21442, 48.23687 ] ] ], [ [ [ 8.02519, 48.23687 ], [ 8.02519, 48.14679 ], [ 8.20536, 48.14679 ], [ 8.20536, 48.23687 ], [ 8.02519, 48.23687 ] ] ], [ [ [ 6.76399, 47.96662 ], [ 6.76399, 47.87653 ], [ 6.85408, 47.87653 ], [ 6.85408, 47.96662 ], [ 6.76399, 47.96662 ] ] ], [ [ [ 7.03425, 47.87653 ], [ 7.03425, 47.78645 ], [ 7.21442, 47.78645 ], [ 7.21442, 47.87653 ], [ 7.03425, 47.87653 ] ] ], [ [ [ 8.5657, 47.78645 ], [ 8.5657, 47.69636 ], [ 8.65578, 47.69636 ], [ 8.65578, 47.78645 ], [ 8.5657, 47.78645 ] ] ], [ [ [ 9.28638, 47.69636 ], [ 9.28638, 47.60628 ], [ 9.64672, 47.60628 ], [ 9.64672, 47.69636 ], [ 9.28638, 47.69636 ] ] ], [ [ [ 9.28638, 47.51619 ], [ 9.28638, 47.42611 ], [ 9.37646, 47.42611 ], [ 9.37646, 47.51619 ], [ 9.28638, 47.51619 ] ] ], [ [ [ 9.01612, 47.42611 ], [ 9.01612, 47.33602 ], [ 9.19629, 47.33602 ], [ 9.19629, 47.42611 ], [ 9.01612, 47.42611 ] ] ], [ [ [ 7.12434, 47.33602 ], [ 7.12434, 47.24594 ], [ 7.21442, 47.24594 ], [ 7.21442, 47.33602 ], [ 7.12434, 47.33602 ] ] ], [ [ [ 8.29544, 47.24594 ], [ 8.29544, 47.15585 ], [ 8.38553, 47.15585 ], [ 8.38553, 47.24594 ], [ 8.29544, 47.24594 ] ] ], [ [ [ 6.22348, 46.8856 ], [ 6.22348, 46.79551 ], [ 6.40365, 46.79551 ], [ 6.40365, 46.8856 ], [ 6.22348, 46.8856 ] ] ], [ [ [ 6.1334, 46.79551 ], [ 6.1334, 46.70543 ], [ 6.22348, 46.70543 ], [ 6.22348, 46.79551 ], [ 6.1334, 46.79551 ] ] ], [ [ [ 7.21442, 46.79551 ], [ 7.21442, 46.70543 ], [ 7.30451, 46.70543 ], [ 7.30451, 46.79551 ], [ 7.21442, 46.79551 ] ] ], [ [ [ 7.57476, 46.70543 ], [ 7.57476, 46.61534 ], [ 7.75493, 46.61534 ], [ 7.75493, 46.70543 ], [ 7.57476, 46.70543 ] ] ], [ [ [ 5.77306, 46.43517 ], [ 5.77306, 46.34509 ], [ 5.95323, 46.34509 ], [ 5.95323, 46.43517 ], [ 5.77306, 46.43517 ] ] ], [ [ [ 7.21442, 46.255 ], [ 7.21442, 46.16492 ], [ 7.39459, 46.16492 ], [ 7.39459, 46.255 ], [ 7.21442, 46.255 ] ] ], [ [ [ 3.7011, 46.07483 ], [ 3.7011, 45.98475 ], [ 3.79119, 45.98475 ], [ 3.79119, 46.07483 ], [ 3.7011, 46.07483 ] ] ], [ [ [ 6.49374, 46.07483 ], [ 6.49374, 45.98475 ], [ 6.58382, 45.98475 ], [ 6.58382, 46.07483 ], [ 6.49374, 46.07483 ] ] ], [ [ [ 6.22348, 45.89466 ], [ 6.22348, 45.80458 ], [ 6.31357, 45.80458 ], [ 6.31357, 45.89466 ], [ 6.22348, 45.89466 ] ] ], [ [ [ 3.88127, 45.53432 ], [ 3.88127, 45.44424 ], [ 4.06144, 45.44424 ], [ 4.06144, 45.53432 ], [ 3.88127, 45.53432 ] ] ], [ [ [ 2.80025, 45.44424 ], [ 2.80025, 45.35415 ], [ 2.89034, 45.35415 ], [ 2.89034, 45.44424 ], [ 2.80025, 45.44424 ] ] ], [ [ [ 6.04331, 45.44424 ], [ 6.04331, 45.35415 ], [ 6.1334, 45.35415 ], [ 6.1334, 45.44424 ], [ 6.04331, 45.44424 ] ] ], [ [ [ 4.24161, 45.17398 ], [ 4.24161, 45.0839 ], [ 4.3317, 45.0839 ], [ 4.3317, 45.17398 ], [ 4.24161, 45.17398 ] ] ], [ [ [ 3.61102, 45.0839 ], [ 3.61102, 44.99381 ], [ 3.7011, 44.99381 ], [ 3.7011, 45.0839 ], [ 3.61102, 45.0839 ] ] ], [ [ [ 3.43085, 44.99381 ], [ 3.43085, 44.90373 ], [ 3.52093, 44.90373 ], [ 3.52093, 44.99381 ], [ 3.43085, 44.99381 ] ] ], [ [ [ 3.52093, 44.90373 ], [ 3.52093, 44.81364 ], [ 3.61102, 44.81364 ], [ 3.61102, 44.90373 ], [ 3.52093, 44.90373 ] ] ], [ [ [ 2.80025, 44.81364 ], [ 2.80025, 44.72356 ], [ 2.89034, 44.72356 ], [ 2.89034, 44.81364 ], [ 2.80025, 44.81364 ] ] ], [ [ [ 2.98042, 44.81364 ], [ 2.98042, 44.72356 ], [ 3.07051, 44.72356 ], [ 3.07051, 44.81364 ], [ 2.98042, 44.81364 ] ] ], [ [ [ 3.97136, 44.81364 ], [ 3.97136, 44.72356 ], [ 4.15153, 44.72356 ], [ 4.15153, 44.81364 ], [ 3.97136, 44.81364 ] ] ], [ [ [ 5.95323, 44.81364 ], [ 5.95323, 44.72356 ], [ 6.04331, 44.72356 ], [ 6.04331, 44.81364 ], [ 5.95323, 44.81364 ] ] ], [ [ [ 6.40365, 44.81364 ], [ 6.40365, 44.72356 ], [ 6.58382, 44.72356 ], [ 6.58382, 44.81364 ], [ 6.40365, 44.81364 ] ] ], [ [ [ 3.07051, 44.72356 ], [ 3.07051, 44.63347 ], [ 3.16059, 44.63347 ], [ 3.16059, 44.72356 ], [ 3.07051, 44.72356 ] ] ], [ [ [ 3.61102, 44.72356 ], [ 3.61102, 44.54339 ], [ 3.7011, 44.54339 ], [ 3.7011, 44.63347 ], [ 3.79119, 44.63347 ], [ 3.79119, 44.72356 ], [ 3.61102, 44.72356 ] ] ], [ [ [ 2.89034, 44.63347 ], [ 2.89034, 44.54339 ], [ 2.98042, 44.54339 ], [ 2.98042, 44.63347 ], [ 2.89034, 44.63347 ] ] ], [ [ [ 5.95323, 44.63347 ], [ 5.95323, 44.54339 ], [ 6.04331, 44.54339 ], [ 6.04331, 44.63347 ], [ 5.95323, 44.63347 ] ] ], [ [ [ 6.58382, 44.63347 ], [ 6.58382, 44.54339 ], [ 6.67391, 44.54339 ], [ 6.67391, 44.63347 ], [ 6.58382, 44.63347 ] ] ], [ [ [ 5.68297, 44.63347 ], [ 5.68297, 44.54339 ], [ 5.77306, 44.54339 ], [ 5.77306, 44.4533 ], [ 5.95323, 44.4533 ], [ 5.95323, 44.54339 ], [ 5.86314, 44.54339 ], [ 5.86314, 44.63347 ], [ 5.68297, 44.63347 ] ] ], [ [ [ 6.1334, 44.27313 ], [ 6.1334, 44.18305 ], [ 6.22348, 44.18305 ], [ 6.22348, 44.27313 ], [ 6.1334, 44.27313 ] ] ], [ [ [ 0.63821, 42.83177 ], [ 0.63821, 42.74168 ], [ 0.72829, 42.74168 ], [ 0.72829, 42.83177 ], [ 0.63821, 42.83177 ] ] ] ] } },
{ "type": "Feature", "properties": { "date_envol": "27/04/2026", "date_iso": "2026-04-27", "semaine": 18, "date_calcul": "2026-07-22", "annee": 2026, "espece": "Pityogenes chalcographus", "modele": "CHAPY", "seuil_vol": 15.6 }, "geometry": { "type": "MultiPolygon", "coordinates": [ [ [ [ 5.23255, 49.85841 ], [ 5.23255, 49.76832 ], [ 5.41272, 49.76832 ], [ 5.41272, 49.85841 ], [ 5.23255, 49.85841 ] ] ], [ [ [ 8.29544, 48.77739 ], [ 8.29544, 48.59722 ], [ 8.47561, 48.59722 ], [ 8.47561, 48.77739 ], [ 8.29544, 48.77739 ] ] ], [ [ [ 7.12434, 48.23687 ], [ 7.12434, 48.14679 ], [ 7.21442, 48.14679 ], [ 7.21442, 48.23687 ], [ 7.12434, 48.23687 ] ] ], [ [ [ 6.76399, 48.14679 ], [ 6.76399, 48.0567 ], [ 6.85408, 48.0567 ], [ 6.85408, 48.14679 ], [ 6.76399, 48.14679 ] ] ], [ [ [ 7.03425, 48.0567 ], [ 7.03425, 47.96662 ], [ 7.21442, 47.96662 ], [ 7.21442, 48.0567 ], [ 7.03425, 48.0567 ] ] ], [ [ [ 7.9351, 48.0567 ], [ 7.9351, 47.96662 ], [ 8.02519, 47.96662 ], [ 8.02519, 48.0567 ], [ 7.9351, 48.0567 ] ] ], [ [ [ 9.19629, 47.78645 ], [ 9.19629, 47.69636 ], [ 9.28638, 47.69636 ], [ 9.28638, 47.78645 ], [ 9.19629, 47.78645 ] ] ], [ [ [ 9.64672, 47.60628 ], [ 9.64672, 47.51619 ], [ 9.7368, 47.51619 ], [ 9.7368, 47.60628 ], [ 9.64672, 47.60628 ] ] ], [ [ [ 7.66485, 47.42611 ], [ 7.66485, 47.33602 ], [ 7.75493, 47.33602 ], [ 7.75493, 47.42611 ], [ 7.66485, 47.42611 ] ] ], [ [ [ 8.83595, 47.42611 ], [ 8.83595, 47.33602 ], [ 8.92604, 47.33602 ], [ 8.92604, 47.42611 ], [ 8.83595, 47.42611 ] ] ], [ [ [ 7.75493, 47.15585 ], [ 7.75493, 47.06577 ], [ 7.84502, 47.06577 ], [ 7.84502, 47.15585 ], [ 7.75493, 47.15585 ] ] ], [ [ [ 7.9351, 47.15585 ], [ 7.9351, 47.06577 ], [ 8.02519, 47.06577 ], [ 8.02519, 47.15585 ], [ 7.9351, 47.15585 ] ] ], [ [ [ 6.58382, 47.06577 ], [ 6.58382, 46.97568 ], [ 6.67391, 46.97568 ], [ 6.67391, 47.06577 ], [ 6.58382, 47.06577 ] ] ], [ [ [ 8.5657, 47.06577 ], [ 8.5657, 46.97568 ], [ 8.65578, 46.97568 ], [ 8.65578, 47.06577 ], [ 8.5657, 47.06577 ] ] ], [ [ [ 8.29544, 47.06577 ], [ 8.29544, 46.8856 ], [ 8.38553, 46.8856 ], [ 8.38553, 47.06577 ], [ 8.29544, 47.06577 ] ] ], [ [ [ 7.66485, 46.97568 ], [ 7.66485, 46.8856 ], [ 7.75493, 46.8856 ], [ 7.75493, 46.97568 ], [ 7.66485, 46.97568 ] ] ], [ [ [ 9.55663, 46.97568 ], [ 9.55663, 46.8856 ], [ 9.64672, 46.8856 ], [ 9.64672, 46.97568 ], [ 9.55663, 46.97568 ] ] ], [ [ [ 7.48468, 46.8856 ], [ 7.48468, 46.79551 ], [ 7.66485, 46.79551 ], [ 7.66485, 46.8856 ], [ 7.48468, 46.8856 ] ] ], [ [ [ 6.04331, 46.79551 ], [ 6.04331, 46.70543 ], [ 6.1334, 46.70543 ], [ 6.1334, 46.79551 ], [ 6.04331, 46.79551 ] ] ], [ [ [ 5.95323, 46.61534 ], [ 5.95323, 46.43517 ], [ 6.04331, 46.43517 ], [ 6.04331, 46.61534 ], [ 5.95323, 46.61534 ] ] ], [ [ [ 6.40365, 46.34509 ], [ 6.40365, 46.255 ], [ 6.49374, 46.255 ], [ 6.49374, 46.34509 ], [ 6.40365, 46.34509 ] ] ], [ [ [ 3.61102, 45.89466 ], [ 3.61102, 45.80458 ], [ 3.7011, 45.80458 ], [ 3.7011, 45.89466 ], [ 3.61102, 45.89466 ] ] ], [ [ [ 2.80025, 45.71449 ], [ 2.80025, 45.62441 ], [ 2.89034, 45.62441 ], [ 2.89034, 45.71449 ], [ 2.80025, 45.71449 ] ] ], [ [ [ 5.86314, 45.71449 ], [ 5.86314, 45.62441 ], [ 5.95323, 45.62441 ], [ 5.95323, 45.71449 ], [ 5.86314, 45.71449 ] ] ], [ [ [ 3.52093, 45.62441 ], [ 3.52093, 45.53432 ], [ 3.61102, 45.53432 ], [ 3.61102, 45.62441 ], [ 3.52093, 45.62441 ] ] ], [ [ [ 6.49374, 45.53432 ], [ 6.49374, 45.35415 ], [ 6.58382, 45.35415 ], [ 6.58382, 45.53432 ], [ 6.49374, 45.53432 ] ] ], [ [ [ 2.98042, 45.44424 ], [ 2.98042, 45.35415 ], [ 3.07051, 45.35415 ], [ 3.07051, 45.44424 ], [ 2.98042, 45.44424 ] ] ], [ [ [ 4.3317, 45.26407 ], [ 4.3317, 45.17398 ], [ 4.42178, 45.17398 ], [ 4.42178, 45.26407 ], [ 4.3317, 45.26407 ] ] ], [ [ [ 5.41272, 45.17398 ], [ 5.41272, 45.0839 ], [ 5.5028, 45.0839 ], [ 5.5028, 45.17398 ], [ 5.41272, 45.17398 ] ] ], [ [ [ 2.80025, 45.0839 ], [ 2.80025, 44.99381 ], [ 2.89034, 44.99381 ], [ 2.89034, 45.0839 ], [ 2.80025, 45.0839 ] ] ], [ [ [ 5.77306, 45.0839 ], [ 5.77306, 44.99381 ], [ 5.86314, 44.99381 ], [ 5.86314, 45.0839 ], [ 5.77306, 45.0839 ] ] ], [ [ [ 3.34076, 44.99381 ], [ 3.34076, 44.90373 ], [ 3.43085, 44.90373 ], [ 3.43085, 44.99381 ], [ 3.34076, 44.99381 ] ] ], [ [ [ 3.7011, 44.99381 ], [ 3.7011, 44.81364 ], [ 3.79119, 44.81364 ], [ 3.79119, 44.99381 ], [ 3.7011, 44.99381 ] ] ], [ [ [ 3.88127, 44.99381 ], [ 3.88127, 44.81364 ], [ 3.97136, 44.81364 ], [ 3.97136, 44.99381 ], [ 3.88127, 44.99381 ] ] ], [ [ [ 2.89034, 44.81364 ], [ 2.89034, 44.72356 ], [ 2.98042, 44.72356 ], [ 2.98042, 44.81364 ], [ 2.89034, 44.81364 ] ] ], [ [ [ 2.98042, 44.72356 ], [ 2.98042, 44.63347 ], [ 3.07051, 44.63347 ], [ 3.07051, 44.72356 ], [ 2.98042, 44.72356 ] ] ], [ [ [ 3.43085, 44.72356 ], [ 3.43085, 44.63347 ], [ 3.52093, 44.63347 ], [ 3.52093, 44.72356 ], [ 3.43085, 44.72356 ] ] ], [ [ [ 3.88127, 44.72356 ], [ 3.88127, 44.63347 ], [ 3.97136, 44.63347 ], [ 3.97136, 44.72356 ], [ 3.88127, 44.72356 ] ] ], [ [ [ 5.5028, 44.63347 ], [ 5.5028, 44.54339 ], [ 5.59289, 44.54339 ], [ 5.59289, 44.63347 ], [ 5.5028, 44.63347 ] ] ], [ [ [ 6.49374, 44.18305 ], [ 6.49374, 44.09296 ], [ 6.58382, 44.09296 ], [ 6.58382, 44.18305 ], [ 6.49374, 44.18305 ] ] ], [ [ [ -0.35273, 43.01194 ], [ -0.35273, 42.92185 ], [ -0.26264, 42.92185 ], [ -0.26264, 43.01194 ], [ -0.35273, 43.01194 ] ] ], [ [ [ 0.36795, 42.92185 ], [ 0.36795, 42.83177 ], [ 0.54812, 42.83177 ], [ 0.54812, 42.92185 ], [ 0.36795, 42.92185 ] ] ], [ [ [ 0.99855, 42.92185 ], [ 0.99855, 42.83177 ], [ 1.17872, 42.83177 ], [ 1.17872, 42.92185 ], [ 0.99855, 42.92185 ] ] ] ] } },
{ "type": "Feature", "properties": { "date_envol": "28/04/2026", "date_iso": "2026-04-28", "semaine": 18, "date_calcul": "2026-07-22", "annee": 2026, "espece": "Pityogenes chalcographus", "modele": "CHAPY", "seuil_vol": 15.6 }, "geometry": { "type": "MultiPolygon", "coordinates": [ [ [ [ 5.23255, 49.94849 ], [ 5.23255, 49.85841 ], [ 5.32263, 49.85841 ], [ 5.32263, 49.94849 ], [ 5.23255, 49.94849 ] ] ], [ [ [ 5.41272, 49.85841 ], [ 5.41272, 49.76832 ], [ 5.68297, 49.76832 ], [ 5.68297, 49.85841 ], [ 5.41272, 49.85841 ] ] ], [ [ [ 8.11527, 48.59722 ], [ 8.11527, 48.50713 ], [ 8.20536, 48.50713 ], [ 8.20536, 48.59722 ], [ 8.11527, 48.59722 ] ] ], [ [ [ 6.76399, 48.0567 ], [ 6.76399, 47.96662 ], [ 6.85408, 47.96662 ], [ 6.85408, 48.0567 ], [ 6.76399, 48.0567 ] ] ], [ [ [ 8.38553, 47.78645 ], [ 8.38553, 47.69636 ], [ 8.47561, 47.69636 ], [ 8.47561, 47.78645 ], [ 8.38553, 47.78645 ] ] ], [ [ [ 9.10621, 47.78645 ], [ 9.10621, 47.69636 ], [ 9.19629, 47.69636 ], [ 9.19629, 47.78645 ], [ 9.10621, 47.78645 ] ] ], [ [ [ 9.28638, 47.78645 ], [ 9.28638, 47.69636 ], [ 9.37646, 47.69636 ], [ 9.37646, 47.78645 ], [ 9.28638, 47.78645 ] ] ], [ [ [ 9.55663, 47.78645 ], [ 9.55663, 47.69636 ], [ 9.64672, 47.69636 ], [ 9.64672, 47.78645 ], [ 9.55663, 47.78645 ] ] ], [ [ [ 8.11527, 47.69636 ], [ 8.11527, 47.60628 ], [ 8.20536, 47.60628 ], [ 8.20536, 47.69636 ], [ 8.11527, 47.69636 ] ] ], [ [ [ 9.46655, 47.51619 ], [ 9.46655, 47.42611 ], [ 9.55663, 47.42611 ], [ 9.55663, 47.51619 ], [ 9.46655, 47.51619 ] ] ], [ [ [ 9.19629, 47.42611 ], [ 9.19629, 47.33602 ], [ 9.28638, 47.33602 ], [ 9.28638, 47.42611 ], [ 9.19629, 47.42611 ] ] ], [ [ [ 7.30451, 47.24594 ], [ 7.30451, 47.15585 ], [ 7.48468, 47.15585 ], [ 7.48468, 47.24594 ], [ 7.30451, 47.24594 ] ] ], [ [ [ 7.84502, 47.15585 ], [ 7.84502, 47.06577 ], [ 7.9351, 47.06577 ], [ 7.9351, 47.15585 ], [ 7.84502, 47.15585 ] ] ], [ [ [ 9.01612, 47.15585 ], [ 9.01612, 47.06577 ], [ 9.10621, 47.06577 ], [ 9.10621, 47.15585 ], [ 9.01612, 47.15585 ] ] ], [ [ [ 9.46655, 47.06577 ], [ 9.46655, 46.97568 ], [ 9.55663, 46.97568 ], [ 9.55663, 47.06577 ], [ 9.46655, 47.06577 ] ] ], [ [ [ 7.30451, 46.8856 ], [ 7.30451, 46.79551 ], [ 7.39459, 46.79551 ], [ 7.39459, 46.8856 ], [ 7.30451, 46.8856 ] ] ], [ [ [ 7.48468, 46.70543 ], [ 7.48468, 46.61534 ], [ 7.57476, 46.61534 ], [ 7.57476, 46.70543 ], [ 7.48468, 46.70543 ] ] ], [ [ [ 6.94417, 46.61534 ], [ 6.94417, 46.52526 ], [ 7.03425, 46.52526 ], [ 7.03425, 46.61534 ], [ 6.94417, 46.61534 ] ] ], [ [ [ 5.95323, 45.80458 ], [ 5.95323, 45.71449 ], [ 6.04331, 45.71449 ], [ 6.04331, 45.80458 ], [ 5.95323, 45.80458 ] ] ], [ [ [ 5.77306, 44.99381 ], [ 5.77306, 44.90373 ], [ 5.86314, 44.90373 ], [ 5.86314, 44.99381 ], [ 5.77306, 44.99381 ] ] ], [ [ [ 5.32263, 44.90373 ], [ 5.32263, 44.81364 ], [ 5.41272, 44.81364 ], [ 5.41272, 44.90373 ], [ 5.32263, 44.90373 ] ] ], [ [ [ 5.86314, 44.63347 ], [ 5.86314, 44.54339 ], [ 5.95323, 44.54339 ], [ 5.95323, 44.63347 ], [ 5.86314, 44.63347 ] ] ], [ [ [ 6.40365, 44.54339 ], [ 6.40365, 44.4533 ], [ 6.49374, 44.4533 ], [ 6.49374, 44.54339 ], [ 6.40365, 44.54339 ] ] ] ] } },
{ "type": "Feature", "properties": { "date_envol": "29/04/2026", "date_iso": "2026-04-29", "semaine": 18, "date_calcul": "2026-07-22", "annee": 2026, "espece": "Pityogenes chalcographus", "modele": "CHAPY", "seuil_vol": 15.6 }, "geometry": { "type": "MultiPolygon", "coordinates": [ [ [ [ 8.20536, 48.32696 ], [ 8.20536, 48.23687 ], [ 8.29544, 48.23687 ], [ 8.29544, 48.32696 ], [ 8.20536, 48.32696 ] ] ], [ [ [ 7.66485, 47.33602 ], [ 7.66485, 47.24594 ], [ 7.75493, 47.24594 ], [ 7.75493, 47.33602 ], [ 7.66485, 47.33602 ] ] ], [ [ [ 8.5657, 46.97568 ], [ 8.5657, 46.8856 ], [ 8.65578, 46.8856 ], [ 8.65578, 46.97568 ], [ 8.5657, 46.97568 ] ] ], [ [ [ 6.22348, 46.79551 ], [ 6.22348, 46.70543 ], [ 6.31357, 46.70543 ], [ 6.31357, 46.79551 ], [ 6.22348, 46.79551 ] ] ], [ [ [ 7.84502, 46.34509 ], [ 7.84502, 46.255 ], [ 8.02519, 46.255 ], [ 8.02519, 46.34509 ], [ 7.84502, 46.34509 ] ] ], [ [ [ 2.62008, 45.80458 ], [ 2.62008, 45.71449 ], [ 2.71017, 45.71449 ], [ 2.71017, 45.80458 ], [ 2.62008, 45.80458 ] ] ], [ [ [ 2.71017, 45.71449 ], [ 2.71017, 45.62441 ], [ 2.80025, 45.62441 ], [ 2.80025, 45.71449 ], [ 2.71017, 45.71449 ] ] ], [ [ [ 3.79119, 45.71449 ], [ 3.79119, 45.62441 ], [ 3.88127, 45.62441 ], [ 3.88127, 45.71449 ], [ 3.79119, 45.71449 ] ] ], [ [ [ 6.40365, 45.62441 ], [ 6.40365, 45.53432 ], [ 6.49374, 45.53432 ], [ 6.49374, 45.62441 ], [ 6.40365, 45.62441 ] ] ], [ [ [ 4.3317, 45.44424 ], [ 4.3317, 45.35415 ], [ 4.42178, 45.35415 ], [ 4.42178, 45.44424 ], [ 4.3317, 45.44424 ] ] ], [ [ [ 2.80025, 45.35415 ], [ 2.80025, 45.26407 ], [ 2.89034, 45.26407 ], [ 2.89034, 45.35415 ], [ 2.80025, 45.35415 ] ] ], [ [ [ 6.1334, 45.35415 ], [ 6.1334, 45.26407 ], [ 6.22348, 45.26407 ], [ 6.22348, 45.35415 ], [ 6.1334, 45.35415 ] ] ], [ [ [ 6.22348, 45.26407 ], [ 6.22348, 45.17398 ], [ 6.40365, 45.17398 ], [ 6.40365, 45.26407 ], [ 6.22348, 45.26407 ] ] ], [ [ [ 4.15153, 45.17398 ], [ 4.15153, 45.0839 ], [ 4.24161, 45.0839 ], [ 4.24161, 45.17398 ], [ 4.15153, 45.17398 ] ] ], [ [ [ 6.85408, 45.17398 ], [ 6.85408, 45.0839 ], [ 6.94417, 45.0839 ], [ 6.94417, 45.17398 ], [ 6.85408, 45.17398 ] ] ], [ [ [ 2.71017, 45.0839 ], [ 2.71017, 44.99381 ], [ 2.80025, 44.99381 ], [ 2.80025, 45.0839 ], [ 2.71017, 45.0839 ] ] ], [ [ [ 3.16059, 45.0839 ], [ 3.16059, 44.99381 ], [ 3.43085, 44.99381 ], [ 3.43085, 45.0839 ], [ 3.16059, 45.0839 ] ] ], [ [ [ 5.77306, 44.81364 ], [ 5.77306, 44.72356 ], [ 5.86314, 44.72356 ], [ 5.86314, 44.81364 ], [ 5.77306, 44.81364 ] ] ], [ [ [ 6.31357, 44.63347 ], [ 6.31357, 44.54339 ], [ 6.40365, 44.54339 ], [ 6.40365, 44.63347 ], [ 6.31357, 44.63347 ] ] ], [ [ [ 5.68297, 44.09296 ], [ 5.68297, 44.00288 ], [ 5.77306, 44.00288 ], [ 5.77306, 44.09296 ], [ 5.68297, 44.09296 ] ] ], [ [ [ 1.8994, 42.83177 ], [ 1.8994, 42.74168 ], [ 1.98948, 42.74168 ], [ 1.98948, 42.83177 ], [ 1.8994, 42.83177 ] ] ] ] } },
{ "type": "Feature", "properties": { "date_envol": "30/04/2026", "date_iso": "2026-04-30", "semaine": 18, "date_calcul": "2026-07-22", "annee": 2026, "espece": "Pityogenes chalcographus", "modele": "CHAPY", "seuil_vol": 15.6 }, "geometry": { "type": "MultiPolygon", "coordinates": [ [ [ [ 5.32263, 49.94849 ], [ 5.32263, 49.85841 ], [ 5.59289, 49.85841 ], [ 5.59289, 49.94849 ], [ 5.32263, 49.94849 ] ] ], [ [ [ 6.85408, 48.14679 ], [ 6.85408, 48.0567 ], [ 6.94417, 48.0567 ], [ 6.94417, 48.14679 ], [ 6.85408, 48.14679 ] ] ], [ [ [ 7.03425, 47.24594 ], [ 7.03425, 47.15585 ], [ 7.12434, 47.15585 ], [ 7.12434, 47.24594 ], [ 7.03425, 47.24594 ] ] ], [ [ [ 6.94417, 47.15585 ], [ 6.94417, 47.06577 ], [ 7.03425, 47.06577 ], [ 7.03425, 47.15585 ], [ 6.94417, 47.15585 ] ] ], [ [ [ 6.76399, 47.06577 ], [ 6.76399, 46.97568 ], [ 6.85408, 46.97568 ], [ 6.85408, 47.06577 ], [ 6.76399, 47.06577 ] ] ], [ [ [ 6.58382, 46.97568 ], [ 6.58382, 46.8856 ], [ 6.67391, 46.8856 ], [ 6.67391, 46.97568 ], [ 6.58382, 46.97568 ] ] ], [ [ [ 6.40365, 46.8856 ], [ 6.40365, 46.79551 ], [ 6.49374, 46.79551 ], [ 6.49374, 46.8856 ], [ 6.40365, 46.8856 ] ] ], [ [ [ 6.22348, 46.70543 ], [ 6.22348, 46.61534 ], [ 6.31357, 46.61534 ], [ 6.31357, 46.70543 ], [ 6.22348, 46.70543 ] ] ], [ [ [ 7.12434, 46.70543 ], [ 7.12434, 46.61534 ], [ 7.21442, 46.61534 ], [ 7.21442, 46.70543 ], [ 7.12434, 46.70543 ] ] ], [ [ [ 5.77306, 46.34509 ], [ 5.77306, 46.255 ], [ 5.95323, 46.255 ], [ 5.95323, 46.34509 ], [ 5.77306, 46.34509 ] ] ], [ [ [ 6.49374, 46.34509 ], [ 6.49374, 46.255 ], [ 6.67391, 46.255 ], [ 6.67391, 46.34509 ], [ 6.49374, 46.34509 ] ] ], [ [ [ 7.48468, 46.34509 ], [ 7.48468, 46.255 ], [ 7.75493, 46.255 ], [ 7.75493, 46.34509 ], [ 7.48468, 46.34509 ] ] ], [ [ [ 6.85408, 46.255 ], [ 6.85408, 46.16492 ], [ 6.94417, 46.16492 ], [ 6.94417, 46.255 ], [ 6.85408, 46.255 ] ] ], [ [ [ 6.40365, 45.80458 ], [ 6.40365, 45.71449 ], [ 6.49374, 45.71449 ], [ 6.49374, 45.80458 ], [ 6.40365, 45.80458 ] ] ], [ [ [ 5.95323, 45.71449 ], [ 5.95323, 45.62441 ], [ 6.04331, 45.62441 ], [ 6.04331, 45.71449 ], [ 5.95323, 45.71449 ] ] ], [ [ [ 4.3317, 45.35415 ], [ 4.3317, 45.26407 ], [ 4.42178, 45.26407 ], [ 4.42178, 45.35415 ], [ 4.3317, 45.35415 ] ] ], [ [ [ 5.95323, 45.0839 ], [ 5.95323, 44.99381 ], [ 6.04331, 44.99381 ], [ 6.04331, 45.0839 ], [ 5.95323, 45.0839 ] ] ] ] } },
{ "type": "Feature", "properties": { "date_envol": "01/05/2026", "date_iso": "2026-05-01", "semaine": 18, "date_calcul": "2026-07-22", "annee": 2026, "espece": "Pityogenes chalcographus", "modele": "CHAPY", "seuil_vol": 15.6 }, "geometry": { "type": "MultiPolygon", "coordinates": [ [ [ [ 8.11527, 48.50713 ], [ 8.11527, 48.41705 ], [ 8.20536, 48.41705 ], [ 8.20536, 48.50713 ], [ 8.11527, 48.50713 ] ] ], [ [ [ 8.02519, 48.14679 ], [ 8.02519, 48.0567 ], [ 8.20536, 48.0567 ], [ 8.20536, 48.14679 ], [ 8.02519, 48.14679 ] ] ], [ [ [ 8.47561, 48.14679 ], [ 8.47561, 48.0567 ], [ 8.5657, 48.0567 ], [ 8.5657, 48.14679 ], [ 8.47561, 48.14679 ] ] ], [ [ [ 6.85408, 47.96662 ], [ 6.85408, 47.87653 ], [ 6.94417, 47.87653 ], [ 6.94417, 47.96662 ], [ 6.85408, 47.96662 ] ] ], [ [ [ 8.47561, 47.87653 ], [ 8.47561, 47.78645 ], [ 8.5657, 47.78645 ], [ 8.5657, 47.87653 ], [ 8.47561, 47.87653 ] ] ], [ [ [ 8.65578, 47.87653 ], [ 8.65578, 47.78645 ], [ 8.74587, 47.78645 ], [ 8.74587, 47.87653 ], [ 8.65578, 47.87653 ] ] ], [ [ [ 8.92604, 47.87653 ], [ 8.92604, 47.78645 ], [ 9.10621, 47.78645 ], [ 9.10621, 47.87653 ], [ 8.92604, 47.87653 ] ] ], [ [ [ 9.64672, 47.69636 ], [ 9.64672, 47.60628 ], [ 9.7368, 47.60628 ], [ 9.7368, 47.69636 ], [ 9.64672, 47.69636 ] ] ], [ [ [ 9.28638, 47.42611 ], [ 9.28638, 47.33602 ], [ 9.37646, 47.33602 ], [ 9.37646, 47.42611 ], [ 9.28638, 47.42611 ] ] ], [ [ [ 8.92604, 47.42611 ], [ 8.92604, 47.24594 ], [ 9.01612, 47.24594 ], [ 9.01612, 47.42611 ], [ 8.92604, 47.42611 ] ] ], [ [ [ 9.46655, 47.33602 ], [ 9.46655, 47.24594 ], [ 9.55663, 47.24594 ], [ 9.55663, 47.33602 ], [ 9.46655, 47.33602 ] ] ], [ [ [ 7.21442, 47.33602 ], [ 7.21442, 47.15585 ], [ 7.30451, 47.15585 ], [ 7.30451, 47.24594 ], [ 7.48468, 47.24594 ], [ 7.48468, 47.33602 ], [ 7.21442, 47.33602 ] ] ], [ [ [ 7.12434, 47.15585 ], [ 7.12434, 47.06577 ], [ 7.21442, 47.06577 ], [ 7.21442, 47.15585 ], [ 7.12434, 47.15585 ] ] ], [ [ [ 9.10621, 47.15585 ], [ 9.10621, 47.06577 ], [ 9.19629, 47.06577 ], [ 9.19629, 47.15585 ], [ 9.10621, 47.15585 ] ] ], [ [ [ 8.02519, 47.06577 ], [ 8.02519, 46.97568 ], [ 8.29544, 46.97568 ], [ 8.29544, 47.06577 ], [ 8.02519, 47.06577 ] ] ], [ [ [ 7.75493, 47.06577 ], [ 7.75493, 46.8856 ], [ 7.84502, 46.8856 ], [ 7.84502, 47.06577 ], [ 7.75493, 47.06577 ] ] ], [ [ [ 6.67391, 46.97568 ], [ 6.67391, 46.8856 ], [ 6.76399, 46.8856 ], [ 6.76399, 46.97568 ], [ 6.67391, 46.97568 ] ] ], [ [ [ 8.38553, 46.97568 ], [ 8.38553, 46.8856 ], [ 8.47561, 46.8856 ], [ 8.47561, 46.97568 ], [ 8.38553, 46.97568 ] ] ], [ [ [ 8.29544, 46.8856 ], [ 8.29544, 46.79551 ], [ 8.38553, 46.79551 ], [ 8.38553, 46.8856 ], [ 8.29544, 46.8856 ] ] ], [ [ [ 9.37646, 46.8856 ], [ 9.37646, 46.79551 ], [ 9.46655, 46.79551 ], [ 9.46655, 46.8856 ], [ 9.37646, 46.8856 ] ] ], [ [ [ 9.55663, 46.8856 ], [ 9.55663, 46.79551 ], [ 9.64672, 46.79551 ], [ 9.64672, 46.8856 ], [ 9.55663, 46.8856 ] ] ], [ [ [ 6.04331, 46.70543 ], [ 6.04331, 46.61534 ], [ 6.1334, 46.61534 ], [ 6.1334, 46.70543 ], [ 6.04331, 46.70543 ] ] ], [ [ [ 7.75493, 46.70543 ], [ 7.75493, 46.61534 ], [ 7.84502, 46.61534 ], [ 7.84502, 46.70543 ], [ 7.75493, 46.70543 ] ] ], [ [ [ 6.22348, 46.61534 ], [ 6.22348, 46.52526 ], [ 6.31357, 46.52526 ], [ 6.31357, 46.61534 ], [ 6.22348, 46.61534 ] ] ], [ [ [ 5.95323, 46.34509 ], [ 5.95323, 46.255 ], [ 6.04331, 46.255 ], [ 6.04331, 46.34509 ], [ 5.95323, 46.34509 ] ] ], [ [ [ 6.94417, 46.34509 ], [ 6.94417, 46.255 ], [ 7.03425, 46.255 ], [ 7.03425, 46.34509 ], [ 6.94417, 46.34509 ] ] ], [ [ [ 7.75493, 46.34509 ], [ 7.75493, 46.255 ], [ 7.84502, 46.255 ], [ 7.84502, 46.34509 ], [ 7.75493, 46.34509 ] ] ], [ [ [ 6.40365, 46.16492 ], [ 6.40365, 46.07483 ], [ 6.49374, 46.07483 ], [ 6.49374, 46.16492 ], [ 6.40365, 46.16492 ] ] ], [ [ [ 5.59289, 46.07483 ], [ 5.59289, 45.98475 ], [ 5.68297, 45.98475 ], [ 5.68297, 46.07483 ], [ 5.59289, 46.07483 ] ] ], [ [ [ 6.22348, 46.07483 ], [ 6.22348, 45.98475 ], [ 6.31357, 45.98475 ], [ 6.31357, 46.07483 ], [ 6.22348, 46.07483 ] ] ], [ [ [ 6.58382, 46.07483 ], [ 6.58382, 45.98475 ], [ 6.76399, 45.98475 ], [ 6.76399, 46.07483 ], [ 6.58382, 46.07483 ] ] ], [ [ [ 3.7011, 45.62441 ], [ 3.7011, 45.53432 ], [ 3.79119, 45.53432 ], [ 3.79119, 45.62441 ], [ 3.7011, 45.62441 ] ] ] ] } },
{ "type": "Feature", "properties": { "date_envol": "02/05/2026", "date_iso": "2026-05-02", "semaine": 18, "date_calcul": "2026-07-22", "annee": 2026, "espece": "Pityogenes chalcographus", "modele": "CHAPY", "seuil_vol": 15.6 }, "geometry": { "type": "MultiPolygon", "coordinates": [ [ [ [ 8.20536, 48.23687 ], [ 8.20536, 48.14679 ], [ 8.29544, 48.14679 ], [ 8.29544, 48.23687 ], [ 8.20536, 48.23687 ] ] ], [ [ [ 8.38553, 48.23687 ], [ 8.38553, 48.14679 ], [ 8.47561, 48.14679 ], [ 8.47561, 48.23687 ], [ 8.38553, 48.23687 ] ] ], [ [ [ 7.12434, 48.14679 ], [ 7.12434, 48.0567 ], [ 7.21442, 48.0567 ], [ 7.21442, 48.14679 ], [ 7.12434, 48.14679 ] ] ], [ [ [ 6.85408, 48.0567 ], [ 6.85408, 47.96662 ], [ 6.94417, 47.96662 ], [ 6.94417, 48.0567 ], [ 6.85408, 48.0567 ] ] ], [ [ [ 6.94417, 47.96662 ], [ 6.94417, 47.87653 ], [ 7.03425, 47.87653 ], [ 7.03425, 47.96662 ], [ 6.94417, 47.96662 ] ] ], [ [ [ 8.65578, 47.96662 ], [ 8.65578, 47.87653 ], [ 8.74587, 47.87653 ], [ 8.74587, 47.96662 ], [ 8.65578, 47.96662 ] ] ], [ [ [ 6.85408, 47.87653 ], [ 6.85408, 47.78645 ], [ 6.94417, 47.78645 ], [ 6.94417, 47.87653 ], [ 6.85408, 47.87653 ] ] ], [ [ [ 8.38553, 47.87653 ], [ 8.38553, 47.78645 ], [ 8.47561, 47.78645 ], [ 8.47561, 47.87653 ], [ 8.38553, 47.87653 ] ] ], [ [ [ 9.55663, 47.87653 ], [ 9.55663, 47.78645 ], [ 9.7368, 47.78645 ], [ 9.7368, 47.87653 ], [ 9.55663, 47.87653 ] ] ], [ [ [ 7.84502, 47.78645 ], [ 7.84502, 47.69636 ], [ 7.9351, 47.69636 ], [ 7.9351, 47.78645 ], [ 7.84502, 47.78645 ] ] ], [ [ [ 9.37646, 47.78645 ], [ 9.37646, 47.69636 ], [ 9.55663, 47.69636 ], [ 9.55663, 47.78645 ], [ 9.37646, 47.78645 ] ] ], [ [ [ 7.9351, 47.69636 ], [ 7.9351, 47.60628 ], [ 8.02519, 47.60628 ], [ 8.02519, 47.69636 ], [ 7.9351, 47.69636 ] ] ], [ [ [ 9.55663, 47.51619 ], [ 9.55663, 47.42611 ], [ 9.7368, 47.42611 ], [ 9.7368, 47.51619 ], [ 9.55663, 47.51619 ] ] ], [ [ [ 9.19629, 47.15585 ], [ 9.19629, 47.06577 ], [ 9.37646, 47.06577 ], [ 9.37646, 47.15585 ], [ 9.19629, 47.15585 ] ] ], [ [ [ 6.67391, 47.06577 ], [ 6.67391, 46.97568 ], [ 6.76399, 46.97568 ], [ 6.76399, 47.06577 ], [ 6.67391, 47.06577 ] ] ], [ [ [ 8.02519, 46.97568 ], [ 8.02519, 46.8856 ], [ 8.11527, 46.8856 ], [ 8.11527, 46.97568 ], [ 8.02519, 46.97568 ] ] ], [ [ [ 6.49374, 46.97568 ], [ 6.49374, 46.79551 ], [ 6.58382, 46.79551 ], [ 6.58382, 46.97568 ], [ 6.49374, 46.97568 ] ] ], [ [ [ 8.11527, 46.8856 ], [ 8.11527, 46.79551 ], [ 8.29544, 46.79551 ], [ 8.29544, 46.8856 ], [ 8.11527, 46.8856 ] ] ], [ [ [ 9.28638, 46.8856 ], [ 9.28638, 46.79551 ], [ 9.37646, 46.79551 ], [ 9.37646, 46.8856 ], [ 9.28638, 46.8856 ] ] ], [ [ [ 6.85408, 46.61534 ], [ 6.85408, 46.52526 ], [ 6.94417, 46.52526 ], [ 6.94417, 46.61534 ], [ 6.85408, 46.61534 ] ] ], [ [ [ 6.1334, 46.52526 ], [ 6.1334, 46.43517 ], [ 6.22348, 46.43517 ], [ 6.22348, 46.52526 ], [ 6.1334, 46.52526 ] ] ], [ [ [ 7.03425, 46.07483 ], [ 7.03425, 45.98475 ], [ 7.12434, 45.98475 ], [ 7.12434, 46.07483 ], [ 7.03425, 46.07483 ] ] ], [ [ [ 6.49374, 45.89466 ], [ 6.49374, 45.80458 ], [ 6.58382, 45.80458 ], [ 6.58382, 45.89466 ], [ 6.49374, 45.89466 ] ] ], [ [ [ 3.7011, 45.80458 ], [ 3.7011, 45.71449 ], [ 3.79119, 45.71449 ], [ 3.79119, 45.80458 ], [ 3.7011, 45.80458 ] ] ], [ [ [ 6.22348, 45.80458 ], [ 6.22348, 45.71449 ], [ 6.31357, 45.71449 ], [ 6.31357, 45.80458 ], [ 6.22348, 45.80458 ] ] ], [ [ [ 5.95323, 45.62441 ], [ 5.95323, 45.53432 ], [ 6.04331, 45.53432 ], [ 6.04331, 45.62441 ], [ 5.95323, 45.62441 ] ] ], [ [ [ 5.77306, 45.35415 ], [ 5.77306, 45.26407 ], [ 5.86314, 45.26407 ], [ 5.86314, 45.35415 ], [ 5.77306, 45.35415 ] ] ], [ [ [ 5.95323, 45.35415 ], [ 5.95323, 45.26407 ], [ 6.04331, 45.26407 ], [ 6.04331, 45.35415 ], [ 5.95323, 45.35415 ] ] ], [ [ [ 5.32263, 44.99381 ], [ 5.32263, 44.90373 ], [ 5.41272, 44.90373 ], [ 5.41272, 44.99381 ], [ 5.32263, 44.99381 ] ] ], [ [ [ 5.5028, 44.72356 ], [ 5.5028, 44.63347 ], [ 5.59289, 44.63347 ], [ 5.59289, 44.72356 ], [ 5.5028, 44.72356 ] ] ], [ [ [ 6.22348, 44.63347 ], [ 6.22348, 44.54339 ], [ 6.31357, 44.54339 ], [ 6.31357, 44.63347 ], [ 6.22348, 44.63347 ] ] ] ] } },
{ "type": "Feature", "properties": { "date_envol": "03/05/2026", "date_iso": "2026-05-03", "semaine": 18, "date_calcul": "2026-07-22", "annee": 2026, "espece": "Pityogenes chalcographus", "modele": "CHAPY", "seuil_vol": 15.6 }, "geometry": { "type": "MultiPolygon", "coordinates": [ [ [ [ 8.29544, 48.32696 ], [ 8.29544, 48.23687 ], [ 8.38553, 48.23687 ], [ 8.38553, 48.32696 ], [ 8.29544, 48.32696 ] ] ], [ [ [ 9.55663, 48.23687 ], [ 9.55663, 48.0567 ], [ 9.64672, 48.0567 ], [ 9.64672, 48.23687 ], [ 9.55663, 48.23687 ] ] ], [ [ [ 8.38553, 48.14679 ], [ 8.38553, 48.0567 ], [ 8.47561, 48.0567 ], [ 8.47561, 48.14679 ], [ 8.38553, 48.14679 ] ] ], [ [ [ 9.64672, 48.0567 ], [ 9.64672, 47.87653 ], [ 9.7368, 47.87653 ], [ 9.7368, 48.0567 ], [ 9.64672, 48.0567 ] ] ], [ [ [ 7.84502, 47.96662 ], [ 7.84502, 47.87653 ], [ 7.9351, 47.87653 ], [ 7.9351, 47.96662 ], [ 7.84502, 47.96662 ] ] ], [ [ [ 8.5657, 47.87653 ], [ 8.5657, 47.78645 ], [ 8.65578, 47.78645 ], [ 8.65578, 47.87653 ], [ 8.5657, 47.87653 ] ] ], [ [ [ 9.19629, 47.87653 ], [ 9.19629, 47.78645 ], [ 9.28638, 47.78645 ], [ 9.28638, 47.87653 ], [ 9.19629, 47.87653 ] ] ], [ [ [ 7.66485, 47.78645 ], [ 7.66485, 47.69636 ], [ 7.84502, 47.69636 ], [ 7.84502, 47.78645 ], [ 7.66485, 47.78645 ] ] ], [ [ [ 8.20536, 47.78645 ], [ 8.20536, 47.69636 ], [ 8.38553, 47.69636 ], [ 8.38553, 47.78645 ], [ 8.20536, 47.78645 ] ] ], [ [ [ 9.64672, 47.78645 ], [ 9.64672, 47.69636 ], [ 9.7368, 47.69636 ], [ 9.7368, 47.78645 ], [ 9.64672, 47.78645 ] ] ], [ [ [ 9.37646, 47.42611 ], [ 9.37646, 47.33602 ], [ 9.46655, 47.33602 ], [ 9.46655, 47.42611 ], [ 9.37646, 47.42611 ] ] ], [ [ [ 7.48468, 47.33602 ], [ 7.48468, 47.24594 ], [ 7.66485, 47.24594 ], [ 7.66485, 47.33602 ], [ 7.48468, 47.33602 ] ] ], [ [ [ 7.03425, 47.15585 ], [ 7.03425, 47.06577 ], [ 7.12434, 47.06577 ], [ 7.12434, 47.15585 ], [ 7.03425, 47.15585 ] ] ], [ [ [ 9.37646, 47.15585 ], [ 9.37646, 47.06577 ], [ 9.55663, 47.06577 ], [ 9.55663, 47.15585 ], [ 9.37646, 47.15585 ] ] ], [ [ [ 8.02519, 46.79551 ], [ 8.02519, 46.70543 ], [ 8.11527, 46.70543 ], [ 8.11527, 46.79551 ], [ 8.02519, 46.79551 ] ] ] ] } },
{ "type": "Feature", "properties": { "date_envol": "04/05/2026", "date_iso": "2026-05-04", "semaine": 19, "date_calcul": "2026-07-22", "annee": 2026, "espece": "Pityogenes chalcographus", "modele": "CHAPY", "seuil_vol": 15.6 }, "geometry": { "type": "MultiPolygon", "coordinates": [ [ [ [ 8.47561, 48.77739 ], [ 8.47561, 48.6873 ], [ 8.5657, 48.6873 ], [ 8.5657, 48.77739 ], [ 8.47561, 48.77739 ] ] ], [ [ [ 8.20536, 48.6873 ], [ 8.20536, 48.32696 ], [ 8.38553, 48.32696 ], [ 8.38553, 48.23687 ], [ 8.47561, 48.23687 ], [ 8.47561, 48.14679 ], [ 8.5657, 48.14679 ], [ 8.5657, 48.23687 ], [ 8.65578, 48.23687 ], [ 8.65578, 48.32696 ], [ 8.47561, 48.32696 ], [ 8.47561, 48.41705 ], [ 8.5657, 48.41705 ], [ 8.5657, 48.59722 ], [ 8.29544, 48.59722 ], [ 8.29544, 48.6873 ], [ 8.20536, 48.6873 ] ] ], [ [ [ 9.64672, 48.14679 ], [ 9.64672, 48.0567 ], [ 9.7368, 48.0567 ], [ 9.7368, 48.14679 ], [ 9.64672, 48.14679 ] ] ], [ [ [ 8.92604, 48.0567 ], [ 8.92604, 47.96662 ], [ 8.74587, 47.96662 ], [ 8.74587, 47.87653 ], [ 9.10621, 47.87653 ], [ 9.10621, 47.78645 ], [ 9.19629, 47.78645 ], [ 9.19629, 47.87653 ], [ 9.28638, 47.87653 ], [ 9.28638, 47.78645 ], [ 9.55663, 47.78645 ], [ 9.55663, 47.87653 ], [ 9.64672, 47.87653 ], [ 9.64672, 48.0567 ], [ 9.46655, 48.0567 ], [ 9.46655, 47.96662 ], [ 9.19629, 47.96662 ], [ 9.19629, 48.0567 ], [ 8.92604, 48.0567 ] ] ] ] } },
{ "type": "Feature", "properties": { "date_envol": "09/05/2026", "date_iso": "2026-05-09", "semaine": 19, "date_calcul": "2026-07-22", "annee": 2026, "espece": "Pityogenes chalcographus", "modele": "CHAPY", "seuil_vol": 15.6 }, "geometry": { "type": "MultiPolygon", "coordinates": [ [ [ [ 6.94417, 48.14679 ], [ 6.94417, 47.96662 ], [ 7.03425, 47.96662 ], [ 7.03425, 48.0567 ], [ 7.12434, 48.0567 ], [ 7.12434, 48.14679 ], [ 6.94417, 48.14679 ] ] ], [ [ [ 7.03425, 47.96662 ], [ 7.03425, 47.87653 ], [ 7.21442, 47.87653 ], [ 7.21442, 47.96662 ], [ 7.03425, 47.96662 ] ] ], [ [ [ 8.02519, 47.96662 ], [ 8.02519, 47.87653 ], [ 8.11527, 47.87653 ], [ 8.11527, 47.96662 ], [ 8.02519, 47.96662 ] ] ], [ [ [ 7.84502, 47.87653 ], [ 7.84502, 47.78645 ], [ 7.9351, 47.78645 ], [ 7.9351, 47.87653 ], [ 7.84502, 47.87653 ] ] ], [ [ [ 7.9351, 47.78645 ], [ 7.9351, 47.69636 ], [ 8.02519, 47.69636 ], [ 8.02519, 47.78645 ], [ 7.9351, 47.78645 ] ] ], [ [ [ 8.11527, 47.78645 ], [ 8.11527, 47.69636 ], [ 8.20536, 47.69636 ], [ 8.20536, 47.78645 ], [ 8.11527, 47.78645 ] ] ], [ [ [ 8.02519, 47.69636 ], [ 8.02519, 47.60628 ], [ 8.11527, 47.60628 ], [ 8.11527, 47.69636 ], [ 8.02519, 47.69636 ] ] ], [ [ [ 9.46655, 47.42611 ], [ 9.46655, 47.33602 ], [ 9.55663, 47.33602 ], [ 9.55663, 47.42611 ], [ 9.46655, 47.42611 ] ] ], [ [ [ 9.01612, 47.33602 ], [ 9.01612, 47.24594 ], [ 9.46655, 47.24594 ], [ 9.46655, 47.33602 ], [ 9.01612, 47.33602 ] ] ], [ [ [ 8.5657, 47.15585 ], [ 8.5657, 47.06577 ], [ 8.65578, 47.06577 ], [ 8.65578, 46.97568 ], [ 8.83595, 46.97568 ], [ 8.83595, 47.06577 ], [ 9.01612, 47.06577 ], [ 9.01612, 47.15585 ], [ 8.5657, 47.15585 ] ] ], [ [ [ 9.01612, 47.06577 ], [ 9.01612, 46.97568 ], [ 9.10621, 46.97568 ], [ 9.10621, 47.06577 ], [ 9.01612, 47.06577 ] ] ], [ [ [ 9.55663, 47.06577 ], [ 9.55663, 46.97568 ], [ 9.64672, 46.97568 ], [ 9.64672, 47.06577 ], [ 9.55663, 47.06577 ] ] ], [ [ [ 7.84502, 47.06577 ], [ 7.84502, 46.8856 ], [ 8.02519, 46.8856 ], [ 8.02519, 47.06577 ], [ 7.84502, 47.06577 ] ] ], [ [ [ 7.66485, 46.8856 ], [ 7.66485, 46.79551 ], [ 7.84502, 46.79551 ], [ 7.84502, 46.8856 ], [ 7.66485, 46.8856 ] ] ], [ [ [ 7.30451, 46.79551 ], [ 7.30451, 46.70543 ], [ 7.39459, 46.70543 ], [ 7.39459, 46.79551 ], [ 7.30451, 46.79551 ] ] ], [ [ [ 7.84502, 46.79551 ], [ 7.84502, 46.70543 ], [ 8.02519, 46.70543 ], [ 8.02519, 46.79551 ], [ 7.84502, 46.79551 ] ] ], [ [ [ 9.10621, 46.79551 ], [ 9.10621, 46.70543 ], [ 9.19629, 46.70543 ], [ 9.19629, 46.79551 ], [ 9.10621, 46.79551 ] ] ], [ [ [ 6.1334, 46.70543 ], [ 6.1334, 46.61534 ], [ 6.22348, 46.61534 ], [ 6.22348, 46.70543 ], [ 6.1334, 46.70543 ] ] ], [ [ [ 7.21442, 46.70543 ], [ 7.21442, 46.61534 ], [ 7.30451, 46.61534 ], [ 7.30451, 46.70543 ], [ 7.21442, 46.70543 ] ] ], [ [ [ 6.04331, 46.61534 ], [ 6.04331, 46.43517 ], [ 6.1334, 46.43517 ], [ 6.1334, 46.61534 ], [ 6.04331, 46.61534 ] ] ], [ [ [ 6.94417, 46.52526 ], [ 6.94417, 46.43517 ], [ 7.03425, 46.43517 ], [ 7.03425, 46.52526 ], [ 6.94417, 46.52526 ] ] ], [ [ [ 6.85408, 46.43517 ], [ 6.85408, 46.34509 ], [ 6.94417, 46.34509 ], [ 6.94417, 46.43517 ], [ 6.85408, 46.43517 ] ] ], [ [ [ 5.68297, 46.255 ], [ 5.68297, 46.16492 ], [ 5.86314, 46.16492 ], [ 5.86314, 46.255 ], [ 5.68297, 46.255 ] ] ], [ [ [ 6.40365, 46.255 ], [ 6.40365, 46.16492 ], [ 6.67391, 46.16492 ], [ 6.67391, 46.255 ], [ 6.40365, 46.255 ] ] ], [ [ [ 5.59289, 46.16492 ], [ 5.59289, 46.07483 ], [ 5.68297, 46.07483 ], [ 5.68297, 46.16492 ], [ 5.59289, 46.16492 ] ] ], [ [ [ 6.31357, 45.98475 ], [ 6.31357, 45.89466 ], [ 6.40365, 45.89466 ], [ 6.40365, 45.98475 ], [ 6.31357, 45.98475 ] ] ], [ [ [ 6.04331, 45.71449 ], [ 6.04331, 45.62441 ], [ 6.22348, 45.62441 ], [ 6.22348, 45.71449 ], [ 6.04331, 45.71449 ] ] ], [ [ [ 4.42178, 45.44424 ], [ 4.42178, 45.35415 ], [ 4.51187, 45.35415 ], [ 4.51187, 45.44424 ], [ 4.42178, 45.44424 ] ] ], [ [ [ 5.77306, 45.44424 ], [ 5.77306, 45.35415 ], [ 5.86314, 45.35415 ], [ 5.86314, 45.44424 ], [ 5.77306, 45.44424 ] ] ], [ [ [ 5.23255, 44.99381 ], [ 5.23255, 44.90373 ], [ 5.32263, 44.90373 ], [ 5.32263, 44.99381 ], [ 5.23255, 44.99381 ] ] ], [ [ [ 5.59289, 44.72356 ], [ 5.59289, 44.63347 ], [ 5.68297, 44.63347 ], [ 5.68297, 44.72356 ], [ 5.59289, 44.72356 ] ] ] ] } },
{ "type": "Feature", "properties": { "date_envol": "10/05/2026", "date_iso": "2026-05-10", "semaine": 19, "date_calcul": "2026-07-22", "annee": 2026, "espece": "Pityogenes chalcographus", "modele": "CHAPY", "seuil_vol": 15.6 }, "geometry": { "type": "MultiPolygon", "coordinates": [ [ [ [ 8.29544, 48.23687 ], [ 8.29544, 48.14679 ], [ 8.20536, 48.14679 ], [ 8.20536, 48.0567 ], [ 8.02519, 48.0567 ], [ 8.02519, 47.96662 ], [ 8.11527, 47.96662 ], [ 8.11527, 47.87653 ], [ 8.20536, 47.87653 ], [ 8.20536, 47.78645 ], [ 8.38553, 47.78645 ], [ 8.38553, 47.96662 ], [ 8.29544, 47.96662 ], [ 8.29544, 48.0567 ], [ 8.38553, 48.0567 ], [ 8.38553, 48.23687 ], [ 8.29544, 48.23687 ] ] ], [ [ [ 7.9351, 47.87653 ], [ 7.9351, 47.78645 ], [ 8.02519, 47.78645 ], [ 8.02519, 47.87653 ], [ 7.9351, 47.87653 ] ] ] ] } },
{ "type": "Feature", "properties": { "date_envol": "12/05/2026", "date_iso": "2026-05-12", "semaine": 20, "date_calcul": "2026-07-22", "annee": 2026, "espece": "Pityogenes chalcographus", "modele": "CHAPY", "seuil_vol": 15.6 }, "geometry": { "type": "MultiPolygon", "coordinates": [ [ [ [ 6.67391, 44.09296 ], [ 6.67391, 44.00288 ], [ 6.76399, 44.00288 ], [ 6.76399, 44.09296 ], [ 6.67391, 44.09296 ] ] ], [ [ [ 7.57476, 44.09296 ], [ 7.57476, 44.00288 ], [ 7.66485, 44.00288 ], [ 7.66485, 44.09296 ], [ 7.57476, 44.09296 ] ] ] ] } },
{ "type": "Feature", "properties": { "date_envol": "19/05/2026", "date_iso": "2026-05-19", "semaine": 21, "date_calcul": "2026-07-22", "annee": 2026, "espece": "Pityogenes chalcographus", "modele": "CHAPY", "seuil_vol": 15.6 }, "geometry": { "type": "MultiPolygon", "coordinates": [ [ [ [ -0.5329, 43.01194 ], [ -0.5329, 42.92185 ], [ -0.44281, 42.92185 ], [ -0.44281, 43.01194 ], [ -0.5329, 43.01194 ] ] ] ] } },
{ "type": "Feature", "properties": { "date_envol": "20/05/2026", "date_iso": "2026-05-20", "semaine": 21, "date_calcul": "2026-07-22", "annee": 2026, "espece": "Pityogenes chalcographus", "modele": "CHAPY", "seuil_vol": 15.6 }, "geometry": { "type": "MultiPolygon", "coordinates": [ [ [ [ 4.06144, 45.17398 ], [ 4.06144, 45.0839 ], [ 3.97136, 45.0839 ], [ 3.97136, 44.99381 ], [ 4.15153, 44.99381 ], [ 4.15153, 44.90373 ], [ 3.97136, 44.90373 ], [ 3.97136, 44.81364 ], [ 4.24161, 44.81364 ], [ 4.24161, 45.0839 ], [ 4.15153, 45.0839 ], [ 4.15153, 45.17398 ], [ 4.06144, 45.17398 ] ] ], [ [ [ 3.88127, 44.81364 ], [ 3.88127, 44.72356 ], [ 3.97136, 44.72356 ], [ 3.97136, 44.81364 ], [ 3.88127, 44.81364 ] ] ], [ [ [ 3.43085, 44.90373 ], [ 3.43085, 44.72356 ], [ 3.52093, 44.72356 ], [ 3.52093, 44.63347 ], [ 3.61102, 44.63347 ], [ 3.61102, 44.81364 ], [ 3.52093, 44.81364 ], [ 3.52093, 44.90373 ], [ 3.43085, 44.90373 ] ] ], [ [ [ 3.97136, 44.72356 ], [ 3.97136, 44.63347 ], [ 4.15153, 44.63347 ], [ 4.15153, 44.72356 ], [ 3.97136, 44.72356 ] ] ], [ [ [ 3.7011, 44.63347 ], [ 3.7011, 44.54339 ], [ 3.61102, 44.54339 ], [ 3.61102, 44.4533 ], [ 3.79119, 44.4533 ], [ 3.79119, 44.63347 ], [ 3.7011, 44.63347 ] ] ], [ [ [ 6.40365, 44.4533 ], [ 6.40365, 44.36322 ], [ 6.49374, 44.36322 ], [ 6.49374, 44.4533 ], [ 6.40365, 44.4533 ] ] ], [ [ [ 6.31357, 44.36322 ], [ 6.31357, 44.27313 ], [ 6.40365, 44.27313 ], [ 6.40365, 44.36322 ], [ 6.31357, 44.36322 ] ] ], [ [ [ 6.49374, 44.36322 ], [ 6.49374, 44.27313 ], [ 6.58382, 44.27313 ], [ 6.58382, 44.36322 ], [ 6.49374, 44.36322 ] ] ], [ [ [ 6.40365, 44.27313 ], [ 6.40365, 44.09296 ], [ 6.49374, 44.09296 ], [ 6.49374, 44.27313 ], [ 6.40365, 44.27313 ] ] ], [ [ [ 6.58382, 44.09296 ], [ 6.58382, 44.00288 ], [ 6.67391, 44.00288 ], [ 6.67391, 44.09296 ], [ 6.58382, 44.09296 ] ] ], [ [ [ 6.85408, 44.09296 ], [ 6.85408, 44.00288 ], [ 7.03425, 44.00288 ], [ 7.03425, 44.09296 ], [ 6.85408, 44.09296 ] ] ], [ [ [ 7.30451, 44.09296 ], [ 7.30451, 44.00288 ], [ 7.39459, 44.00288 ], [ 7.39459, 44.09296 ], [ 7.30451, 44.09296 ] ] ], [ [ [ -0.98332, 43.01194 ], [ -0.98332, 42.92185 ], [ -0.80315, 42.92185 ], [ -0.80315, 43.01194 ], [ -0.98332, 43.01194 ] ] ], [ [ [ 0.0977, 43.01194 ], [ 0.0977, 42.92185 ], [ 0.18778, 42.92185 ], [ 0.18778, 43.01194 ], [ 0.0977, 43.01194 ] ] ], [ [ [ -0.62298, 42.92185 ], [ -0.62298, 42.83177 ], [ -0.5329, 42.83177 ], [ -0.5329, 42.92185 ], [ -0.62298, 42.92185 ] ] ], [ [ [ 0.45804, 42.83177 ], [ 0.45804, 42.74168 ], [ 0.54812, 42.74168 ], [ 0.54812, 42.83177 ], [ 0.45804, 42.83177 ] ] ], [ [ [ 1.98948, 42.74168 ], [ 1.98948, 42.6516 ], [ 2.07957, 42.6516 ], [ 2.07957, 42.74168 ], [ 1.98948, 42.74168 ] ] ], [ [ [ 1.44897, 42.6516 ], [ 1.44897, 42.56151 ], [ 1.53906, 42.56151 ], [ 1.53906, 42.6516 ], [ 1.44897, 42.6516 ] ] ], [ [ [ 1.8994, 42.56151 ], [ 1.8994, 42.47143 ], [ 1.98948, 42.47143 ], [ 1.98948, 42.56151 ], [ 1.8994, 42.56151 ] ] ] ] } },
{ "type": "Feature", "properties": { "date_envol": "21/05/2026", "date_iso": "2026-05-21", "semaine": 21, "date_calcul": "2026-07-22", "annee": 2026, "espece": "Pityogenes chalcographus", "modele": "CHAPY", "seuil_vol": 15.6 }, "geometry": { "type": "MultiPolygon", "coordinates": [ [ [ [ 8.02519, 47.78645 ], [ 8.02519, 47.69636 ], [ 8.11527, 47.69636 ], [ 8.11527, 47.78645 ], [ 8.02519, 47.78645 ] ] ], [ [ [ 8.83595, 47.06577 ], [ 8.83595, 46.97568 ], [ 8.92604, 46.97568 ], [ 8.92604, 47.06577 ], [ 8.83595, 47.06577 ] ] ], [ [ [ 8.65578, 46.8856 ], [ 8.65578, 46.79551 ], [ 8.74587, 46.79551 ], [ 8.74587, 46.8856 ], [ 8.65578, 46.8856 ] ] ], [ [ [ 9.28638, 46.79551 ], [ 9.28638, 46.70543 ], [ 9.37646, 46.70543 ], [ 9.37646, 46.79551 ], [ 9.28638, 46.79551 ] ] ], [ [ [ 7.84502, 46.70543 ], [ 7.84502, 46.61534 ], [ 7.9351, 46.61534 ], [ 7.9351, 46.70543 ], [ 7.84502, 46.70543 ] ] ], [ [ [ 6.1334, 46.61534 ], [ 6.1334, 46.52526 ], [ 6.22348, 46.52526 ], [ 6.22348, 46.61534 ], [ 6.1334, 46.61534 ] ] ], [ [ [ 6.85408, 46.52526 ], [ 6.85408, 46.43517 ], [ 6.94417, 46.43517 ], [ 6.94417, 46.52526 ], [ 6.85408, 46.52526 ] ] ], [ [ [ 6.94417, 46.255 ], [ 6.94417, 46.16492 ], [ 7.03425, 46.16492 ], [ 7.03425, 46.255 ], [ 6.94417, 46.255 ] ] ], [ [ [ 6.49374, 46.16492 ], [ 6.49374, 46.07483 ], [ 6.58382, 46.07483 ], [ 6.58382, 46.16492 ], [ 6.49374, 46.16492 ] ] ], [ [ [ 6.31357, 46.07483 ], [ 6.31357, 45.98475 ], [ 6.40365, 45.98475 ], [ 6.40365, 46.07483 ], [ 6.31357, 46.07483 ] ] ], [ [ [ 6.94417, 46.07483 ], [ 6.94417, 45.98475 ], [ 7.03425, 45.98475 ], [ 7.03425, 46.07483 ], [ 6.94417, 46.07483 ] ] ], [ [ [ 6.58382, 45.89466 ], [ 6.58382, 45.80458 ], [ 6.67391, 45.80458 ], [ 6.67391, 45.89466 ], [ 6.58382, 45.89466 ] ] ], [ [ [ 6.31357, 45.80458 ], [ 6.31357, 45.71449 ], [ 6.40365, 45.71449 ], [ 6.40365, 45.80458 ], [ 6.31357, 45.80458 ] ] ], [ [ [ 2.71017, 45.62441 ], [ 2.71017, 45.53432 ], [ 2.80025, 45.53432 ], [ 2.80025, 45.62441 ], [ 2.71017, 45.62441 ] ] ], [ [ [ 3.79119, 45.62441 ], [ 3.79119, 45.53432 ], [ 3.88127, 45.53432 ], [ 3.88127, 45.62441 ], [ 3.79119, 45.62441 ] ] ], [ [ [ 6.58382, 45.44424 ], [ 6.58382, 45.35415 ], [ 6.67391, 45.35415 ], [ 6.67391, 45.44424 ], [ 6.58382, 45.44424 ] ] ], [ [ [ 5.68297, 45.35415 ], [ 5.68297, 45.26407 ], [ 5.77306, 45.26407 ], [ 5.77306, 45.35415 ], [ 5.68297, 45.35415 ] ] ], [ [ [ 6.1334, 45.26407 ], [ 6.1334, 45.17398 ], [ 6.22348, 45.17398 ], [ 6.22348, 45.26407 ], [ 6.1334, 45.26407 ] ] ], [ [ [ 2.62008, 45.26407 ], [ 2.62008, 45.0839 ], [ 2.80025, 45.0839 ], [ 2.80025, 45.26407 ], [ 2.62008, 45.26407 ] ] ], [ [ [ 5.41272, 45.0839 ], [ 5.41272, 44.99381 ], [ 5.5028, 44.99381 ], [ 5.5028, 45.0839 ], [ 5.41272, 45.0839 ] ] ], [ [ [ 3.97136, 44.99381 ], [ 3.97136, 44.90373 ], [ 4.15153, 44.90373 ], [ 4.15153, 44.99381 ], [ 3.97136, 44.99381 ] ] ], [ [ [ 5.86314, 44.99381 ], [ 5.86314, 44.90373 ], [ 5.95323, 44.90373 ], [ 5.95323, 44.99381 ], [ 5.86314, 44.99381 ] ] ], [ [ [ 6.40365, 44.90373 ], [ 6.40365, 44.81364 ], [ 6.67391, 44.81364 ], [ 6.67391, 44.90373 ], [ 6.40365, 44.90373 ] ] ], [ [ [ 5.41272, 44.81364 ], [ 5.41272, 44.72356 ], [ 5.5028, 44.72356 ], [ 5.5028, 44.81364 ], [ 5.41272, 44.81364 ] ] ], [ [ [ 6.04331, 44.81364 ], [ 6.04331, 44.63347 ], [ 6.1334, 44.63347 ], [ 6.1334, 44.81364 ], [ 6.04331, 44.81364 ] ] ], [ [ [ 2.89034, 44.72356 ], [ 2.89034, 44.63347 ], [ 2.98042, 44.63347 ], [ 2.98042, 44.72356 ], [ 2.89034, 44.72356 ] ] ], [ [ [ 5.68297, 44.72356 ], [ 5.68297, 44.63347 ], [ 5.86314, 44.63347 ], [ 5.86314, 44.72356 ], [ 5.68297, 44.72356 ] ] ], [ [ [ 6.67391, 44.72356 ], [ 6.67391, 44.63347 ], [ 6.76399, 44.63347 ], [ 6.76399, 44.72356 ], [ 6.67391, 44.72356 ] ] ], [ [ [ 2.98042, 44.63347 ], [ 2.98042, 44.54339 ], [ 3.07051, 44.54339 ], [ 3.07051, 44.63347 ], [ 2.98042, 44.63347 ] ] ], [ [ [ 6.58382, 44.4533 ], [ 6.58382, 44.36322 ], [ 6.67391, 44.36322 ], [ 6.67391, 44.4533 ], [ 6.58382, 44.4533 ] ] ], [ [ [ 7.03425, 44.18305 ], [ 7.03425, 44.09296 ], [ 7.12434, 44.09296 ], [ 7.12434, 44.18305 ], [ 7.03425, 44.18305 ] ] ], [ [ [ 7.48468, 44.18305 ], [ 7.48468, 44.09296 ], [ 7.57476, 44.09296 ], [ 7.57476, 44.18305 ], [ 7.48468, 44.18305 ] ] ], [ [ [ 7.39459, 44.09296 ], [ 7.39459, 44.00288 ], [ 7.48468, 44.00288 ], [ 7.48468, 44.09296 ], [ 7.39459, 44.09296 ] ] ], [ [ [ -0.44281, 43.01194 ], [ -0.44281, 42.92185 ], [ -0.35273, 42.92185 ], [ -0.35273, 43.01194 ], [ -0.44281, 43.01194 ] ] ], [ [ [ 0.72829, 42.92185 ], [ 0.72829, 42.83177 ], [ 0.90846, 42.83177 ], [ 0.90846, 42.92185 ], [ 0.72829, 42.92185 ] ] ], [ [ [ 1.35889, 42.83177 ], [ 1.35889, 42.74168 ], [ 1.44897, 42.74168 ], [ 1.44897, 42.83177 ], [ 1.35889, 42.83177 ] ] ], [ [ [ 0.63821, 42.74168 ], [ 0.63821, 42.6516 ], [ 0.81838, 42.6516 ], [ 0.81838, 42.74168 ], [ 0.63821, 42.74168 ] ] ], [ [ [ 1.62914, 42.74168 ], [ 1.62914, 42.6516 ], [ 1.71923, 42.6516 ], [ 1.71923, 42.74168 ], [ 1.62914, 42.74168 ] ] ], [ [ [ 1.98948, 42.6516 ], [ 1.98948, 42.47143 ], [ 2.25974, 42.47143 ], [ 2.25974, 42.6516 ], [ 1.98948, 42.6516 ] ] ], [ [ [ 1.80931, 42.56151 ], [ 1.80931, 42.47143 ], [ 1.8994, 42.47143 ], [ 1.8994, 42.56151 ], [ 1.80931, 42.56151 ] ] ], [ [ [ 2.34983, 42.56151 ], [ 2.34983, 42.47143 ], [ 2.43991, 42.47143 ], [ 2.43991, 42.56151 ], [ 2.34983, 42.56151 ] ] ], [ [ [ 8.83595, 42.47143 ], [ 8.83595, 42.29126 ], [ 8.92604, 42.29126 ], [ 8.92604, 42.20117 ], [ 9.01612, 42.20117 ], [ 9.01612, 42.47143 ], [ 8.83595, 42.47143 ] ] ] ] } },
{ "type": "Feature", "properties": { "date_envol": "22/05/2026", "date_iso": "2026-05-22", "semaine": 21, "date_calcul": "2026-07-22", "annee": 2026, "espece": "Pityogenes chalcographus", "modele": "CHAPY", "seuil_vol": 15.6 }, "geometry": { "type": "MultiPolygon", "coordinates": [ [ [ [ 7.9351, 47.96662 ], [ 7.9351, 47.87653 ], [ 8.02519, 47.87653 ], [ 8.02519, 47.96662 ], [ 7.9351, 47.96662 ] ] ], [ [ [ 8.11527, 47.87653 ], [ 8.11527, 47.78645 ], [ 8.20536, 47.78645 ], [ 8.20536, 47.87653 ], [ 8.11527, 47.87653 ] ] ], [ [ [ 8.38553, 46.8856 ], [ 8.38553, 46.79551 ], [ 8.47561, 46.79551 ], [ 8.47561, 46.8856 ], [ 8.38553, 46.8856 ] ] ], [ [ [ 7.57476, 46.79551 ], [ 7.57476, 46.70543 ], [ 7.75493, 46.70543 ], [ 7.75493, 46.79551 ], [ 7.57476, 46.79551 ] ] ], [ [ [ 8.5657, 46.79551 ], [ 8.5657, 46.70543 ], [ 8.65578, 46.70543 ], [ 8.65578, 46.79551 ], [ 8.5657, 46.79551 ] ] ], [ [ [ 7.39459, 46.70543 ], [ 7.39459, 46.61534 ], [ 7.48468, 46.61534 ], [ 7.48468, 46.70543 ], [ 7.39459, 46.70543 ] ] ], [ [ [ 7.57476, 46.61534 ], [ 7.57476, 46.52526 ], [ 7.66485, 46.52526 ], [ 7.66485, 46.61534 ], [ 7.57476, 46.61534 ] ] ], [ [ [ 7.84502, 46.61534 ], [ 7.84502, 46.52526 ], [ 7.9351, 46.52526 ], [ 7.9351, 46.61534 ], [ 7.84502, 46.61534 ] ] ], [ [ [ 7.21442, 46.52526 ], [ 7.21442, 46.43517 ], [ 7.30451, 46.43517 ], [ 7.30451, 46.52526 ], [ 7.21442, 46.52526 ] ] ], [ [ [ 5.95323, 46.43517 ], [ 5.95323, 46.34509 ], [ 6.04331, 46.34509 ], [ 6.04331, 46.43517 ], [ 5.95323, 46.43517 ] ] ], [ [ [ 6.22348, 45.98475 ], [ 6.22348, 45.89466 ], [ 6.31357, 45.89466 ], [ 6.31357, 45.98475 ], [ 6.22348, 45.98475 ] ] ], [ [ [ 3.7011, 45.71449 ], [ 3.7011, 45.62441 ], [ 3.79119, 45.62441 ], [ 3.79119, 45.71449 ], [ 3.7011, 45.71449 ] ] ], [ [ [ 6.58382, 45.26407 ], [ 6.58382, 45.17398 ], [ 6.67391, 45.17398 ], [ 6.67391, 45.26407 ], [ 6.58382, 45.26407 ] ] ], [ [ [ 5.95323, 44.90373 ], [ 5.95323, 44.81364 ], [ 6.04331, 44.81364 ], [ 6.04331, 44.90373 ], [ 5.95323, 44.90373 ] ] ], [ [ [ -0.08247, 43.01194 ], [ -0.08247, 42.92185 ], [ 0.0977, 42.92185 ], [ 0.0977, 43.01194 ], [ -0.08247, 43.01194 ] ] ], [ [ [ -0.71307, 42.92185 ], [ -0.71307, 42.83177 ], [ -0.62298, 42.83177 ], [ -0.62298, 42.92185 ], [ -0.71307, 42.92185 ] ] ] ] } },
{ "type": "Feature", "properties": { "date_envol": "23/05/2026", "date_iso": "2026-05-23", "semaine": 21, "date_calcul": "2026-07-22", "annee": 2026, "espece": "Pityogenes chalcographus", "modele": "CHAPY", "seuil_vol": 15.6 }, "geometry": { "type": "MultiPolygon", "coordinates": [ [ [ [ 8.02519, 47.87653 ], [ 8.02519, 47.78645 ], [ 8.11527, 47.78645 ], [ 8.11527, 47.87653 ], [ 8.02519, 47.87653 ] ] ], [ [ [ 9.37646, 47.24594 ], [ 9.37646, 47.15585 ], [ 9.46655, 47.15585 ], [ 9.46655, 47.24594 ], [ 9.37646, 47.24594 ] ] ], [ [ [ 8.5657, 46.8856 ], [ 8.5657, 46.79551 ], [ 8.65578, 46.79551 ], [ 8.65578, 46.8856 ], [ 8.5657, 46.8856 ] ] ], [ [ [ 7.03425, 46.52526 ], [ 7.03425, 46.43517 ], [ 7.21442, 46.43517 ], [ 7.21442, 46.52526 ], [ 7.03425, 46.52526 ] ] ], [ [ [ 6.67391, 46.34509 ], [ 6.67391, 46.255 ], [ 6.85408, 46.255 ], [ 6.85408, 46.34509 ], [ 6.67391, 46.34509 ] ] ], [ [ [ 7.75493, 46.255 ], [ 7.75493, 46.16492 ], [ 7.84502, 46.16492 ], [ 7.84502, 46.255 ], [ 7.75493, 46.255 ] ] ], [ [ [ 6.67391, 45.98475 ], [ 6.67391, 45.89466 ], [ 6.85408, 45.89466 ], [ 6.85408, 45.98475 ], [ 6.67391, 45.98475 ] ] ], [ [ [ 6.31357, 45.89466 ], [ 6.31357, 45.80458 ], [ 6.40365, 45.80458 ], [ 6.40365, 45.89466 ], [ 6.31357, 45.89466 ] ] ], [ [ [ 6.40365, 45.44424 ], [ 6.40365, 45.35415 ], [ 6.49374, 45.35415 ], [ 6.49374, 45.44424 ], [ 6.40365, 45.44424 ] ] ], [ [ [ 5.95323, 45.17398 ], [ 5.95323, 45.0839 ], [ 6.04331, 45.0839 ], [ 6.04331, 45.17398 ], [ 5.95323, 45.17398 ] ] ], [ [ [ 0.81838, 42.74168 ], [ 0.81838, 42.6516 ], [ 0.90846, 42.6516 ], [ 0.90846, 42.74168 ], [ 0.81838, 42.74168 ] ] ], [ [ [ 2.25974, 42.56151 ], [ 2.25974, 42.47143 ], [ 2.34983, 42.47143 ], [ 2.34983, 42.56151 ], [ 2.25974, 42.56151 ] ] ] ] } },
{ "type": "Feature", "properties": { "date_envol": "24/05/2026", "date_iso": "2026-05-24", "semaine": 21, "date_calcul": "2026-07-22", "annee": 2026, "espece": "Pityogenes chalcographus", "modele": "CHAPY", "seuil_vol": 15.6 }, "geometry": { "type": "MultiPolygon", "coordinates": [ [ [ [ 8.11527, 46.97568 ], [ 8.11527, 46.8856 ], [ 8.29544, 46.8856 ], [ 8.29544, 46.97568 ], [ 8.11527, 46.97568 ] ] ], [ [ [ 8.47561, 46.97568 ], [ 8.47561, 46.8856 ], [ 8.5657, 46.8856 ], [ 8.5657, 46.97568 ], [ 8.47561, 46.97568 ] ] ], [ [ [ 9.10621, 46.97568 ], [ 9.10621, 46.8856 ], [ 9.19629, 46.8856 ], [ 9.19629, 46.97568 ], [ 9.10621, 46.97568 ] ] ], [ [ [ 7.30451, 46.61534 ], [ 7.30451, 46.52526 ], [ 7.39459, 46.52526 ], [ 7.39459, 46.61534 ], [ 7.30451, 46.61534 ] ] ], [ [ [ 6.94417, 46.43517 ], [ 6.94417, 46.34509 ], [ 7.03425, 46.34509 ], [ 7.03425, 46.43517 ], [ 6.94417, 46.43517 ] ] ], [ [ [ 8.02519, 46.43517 ], [ 8.02519, 46.34509 ], [ 8.11527, 46.34509 ], [ 8.11527, 46.43517 ], [ 8.02519, 46.43517 ] ] ], [ [ [ 6.40365, 45.89466 ], [ 6.40365, 45.80458 ], [ 6.49374, 45.80458 ], [ 6.49374, 45.89466 ], [ 6.40365, 45.89466 ] ] ], [ [ [ 6.40365, 45.71449 ], [ 6.40365, 45.62441 ], [ 6.49374, 45.62441 ], [ 6.49374, 45.71449 ], [ 6.40365, 45.71449 ] ] ], [ [ [ 5.41272, 44.99381 ], [ 5.41272, 44.90373 ], [ 5.5028, 44.90373 ], [ 5.5028, 44.99381 ], [ 5.41272, 44.99381 ] ] ], [ [ [ 6.49374, 44.4533 ], [ 6.49374, 44.36322 ], [ 6.58382, 44.36322 ], [ 6.58382, 44.4533 ], [ 6.49374, 44.4533 ] ] ], [ [ [ 0.00761, 42.92185 ], [ 0.00761, 42.83177 ], [ 0.0977, 42.83177 ], [ 0.0977, 42.92185 ], [ 0.00761, 42.92185 ] ] ], [ [ [ 0.36795, 42.83177 ], [ 0.36795, 42.74168 ], [ 0.45804, 42.74168 ], [ 0.45804, 42.83177 ], [ 0.36795, 42.83177 ] ] ], [ [ [ 1.08863, 42.83177 ], [ 1.08863, 42.74168 ], [ 1.17872, 42.74168 ], [ 1.17872, 42.83177 ], [ 1.08863, 42.83177 ] ] ], [ [ [ 1.8994, 42.74168 ], [ 1.8994, 42.6516 ], [ 1.98948, 42.6516 ], [ 1.98948, 42.74168 ], [ 1.8994, 42.74168 ] ] ] ] } },
{ "type": "Feature", "properties": { "date_envol": "25/05/2026", "date_iso": "2026-05-25", "semaine": 22, "date_calcul": "2026-07-22", "annee": 2026, "espece": "Pityogenes chalcographus", "modele": "CHAPY", "seuil_vol": 15.6 }, "geometry": { "type": "MultiPolygon", "coordinates": [ [ [ [ 9.10621, 47.24594 ], [ 9.10621, 47.15585 ], [ 9.19629, 47.15585 ], [ 9.19629, 47.24594 ], [ 9.10621, 47.24594 ] ] ], [ [ [ 8.92604, 47.06577 ], [ 8.92604, 46.97568 ], [ 9.01612, 46.97568 ], [ 9.01612, 47.06577 ], [ 8.92604, 47.06577 ] ] ], [ [ [ 7.84502, 46.8856 ], [ 7.84502, 46.79551 ], [ 7.9351, 46.79551 ], [ 7.9351, 46.8856 ], [ 7.84502, 46.8856 ] ] ], [ [ [ 8.02519, 46.8856 ], [ 8.02519, 46.79551 ], [ 8.11527, 46.79551 ], [ 8.11527, 46.8856 ], [ 8.02519, 46.8856 ] ] ], [ [ [ 9.01612, 46.79551 ], [ 9.01612, 46.70543 ], [ 9.10621, 46.70543 ], [ 9.10621, 46.79551 ], [ 9.01612, 46.79551 ] ] ], [ [ [ 6.40365, 46.07483 ], [ 6.40365, 45.98475 ], [ 6.49374, 45.98475 ], [ 6.49374, 46.07483 ], [ 6.40365, 46.07483 ] ] ], [ [ [ 6.31357, 45.62441 ], [ 6.31357, 45.53432 ], [ 6.40365, 45.53432 ], [ 6.40365, 45.62441 ], [ 6.31357, 45.62441 ] ] ], [ [ [ 6.76399, 44.81364 ], [ 6.76399, 44.72356 ], [ 6.85408, 44.72356 ], [ 6.85408, 44.81364 ], [ 6.76399, 44.81364 ] ] ], [ [ [ 5.86314, 44.72356 ], [ 5.86314, 44.63347 ], [ 5.95323, 44.63347 ], [ 5.95323, 44.72356 ], [ 5.86314, 44.72356 ] ] ], [ [ [ 6.40365, 44.36322 ], [ 6.40365, 44.27313 ], [ 6.49374, 44.27313 ], [ 6.49374, 44.36322 ], [ 6.40365, 44.36322 ] ] ], [ [ [ 6.76399, 44.27313 ], [ 6.76399, 44.18305 ], [ 6.94417, 44.18305 ], [ 6.94417, 44.27313 ], [ 6.76399, 44.27313 ] ] ], [ [ [ -0.5329, 42.92185 ], [ -0.5329, 42.83177 ], [ -0.44281, 42.83177 ], [ -0.44281, 42.92185 ], [ -0.5329, 42.92185 ] ] ], [ [ [ -0.26264, 42.92185 ], [ -0.26264, 42.83177 ], [ -0.17256, 42.83177 ], [ -0.17256, 42.92185 ], [ -0.26264, 42.92185 ] ] ], [ [ [ 1.53906, 42.74168 ], [ 1.53906, 42.6516 ], [ 1.62914, 42.6516 ], [ 1.62914, 42.74168 ], [ 1.53906, 42.74168 ] ] ] ] } },
{ "type": "Feature", "properties": { "date_envol": "26/05/2026", "date_iso": "2026-05-26", "semaine": 22, "date_calcul": "2026-07-22", "annee": 2026, "espece": "Pityogenes chalcographus", "modele": "CHAPY", "seuil_vol": 15.6 }, "geometry": { "type": "MultiPolygon", "coordinates": [ [ [ [ 9.19629, 47.24594 ], [ 9.19629, 47.15585 ], [ 9.37646, 47.15585 ], [ 9.37646, 47.24594 ], [ 9.19629, 47.24594 ] ] ], [ [ [ 9.01612, 46.97568 ], [ 9.01612, 46.8856 ], [ 9.10621, 46.8856 ], [ 9.10621, 46.97568 ], [ 9.01612, 46.97568 ] ] ], [ [ [ 7.75493, 46.79551 ], [ 7.75493, 46.70543 ], [ 7.84502, 46.70543 ], [ 7.84502, 46.79551 ], [ 7.75493, 46.79551 ] ] ], [ [ [ 7.30451, 46.70543 ], [ 7.30451, 46.61534 ], [ 7.39459, 46.61534 ], [ 7.39459, 46.70543 ], [ 7.30451, 46.70543 ] ] ], [ [ [ 7.21442, 46.61534 ], [ 7.21442, 46.52526 ], [ 7.30451, 46.52526 ], [ 7.30451, 46.61534 ], [ 7.21442, 46.61534 ] ] ], [ [ [ 7.48468, 46.61534 ], [ 7.48468, 46.52526 ], [ 7.57476, 46.52526 ], [ 7.57476, 46.61534 ], [ 7.48468, 46.61534 ] ] ], [ [ [ 7.30451, 46.52526 ], [ 7.30451, 46.43517 ], [ 7.39459, 46.43517 ], [ 7.39459, 46.52526 ], [ 7.30451, 46.52526 ] ] ], [ [ [ 7.12434, 46.43517 ], [ 7.12434, 46.34509 ], [ 7.30451, 46.34509 ], [ 7.30451, 46.43517 ], [ 7.12434, 46.43517 ] ] ], [ [ [ 7.03425, 46.255 ], [ 7.03425, 46.16492 ], [ 7.12434, 46.16492 ], [ 7.12434, 46.255 ], [ 7.03425, 46.255 ] ] ], [ [ [ 6.49374, 45.80458 ], [ 6.49374, 45.71449 ], [ 6.58382, 45.71449 ], [ 6.58382, 45.80458 ], [ 6.49374, 45.80458 ] ] ], [ [ [ 6.31357, 45.53432 ], [ 6.31357, 45.44424 ], [ 6.40365, 45.44424 ], [ 6.40365, 45.53432 ], [ 6.31357, 45.53432 ] ] ], [ [ [ 6.67391, 45.26407 ], [ 6.67391, 45.17398 ], [ 6.76399, 45.17398 ], [ 6.76399, 45.26407 ], [ 6.67391, 45.26407 ] ] ], [ [ [ 5.41272, 44.90373 ], [ 5.41272, 44.81364 ], [ 5.5028, 44.81364 ], [ 5.5028, 44.90373 ], [ 5.41272, 44.90373 ] ] ], [ [ [ 6.58382, 44.36322 ], [ 6.58382, 44.27313 ], [ 6.67391, 44.27313 ], [ 6.67391, 44.36322 ], [ 6.58382, 44.36322 ] ] ], [ [ [ 6.94417, 44.18305 ], [ 6.94417, 44.09296 ], [ 7.03425, 44.09296 ], [ 7.03425, 44.18305 ], [ 6.94417, 44.18305 ] ] ], [ [ [ 7.30451, 44.18305 ], [ 7.30451, 44.09296 ], [ 7.39459, 44.09296 ], [ 7.39459, 44.18305 ], [ 7.30451, 44.18305 ] ] ], [ [ [ 1.44897, 42.74168 ], [ 1.44897, 42.6516 ], [ 1.53906, 42.6516 ], [ 1.53906, 42.74168 ], [ 1.44897, 42.74168 ] ] ], [ [ [ 2.34983, 42.47143 ], [ 2.34983, 42.38134 ], [ 2.43991, 42.38134 ], [ 2.43991, 42.47143 ], [ 2.34983, 42.47143 ] ] ] ] } },
{ "type": "Feature", "properties": { "date_envol": "27/05/2026", "date_iso": "2026-05-27", "semaine": 22, "date_calcul": "2026-07-22", "annee": 2026, "espece": "Pityogenes chalcographus", "modele": "CHAPY", "seuil_vol": 15.6 }, "geometry": { "type": "MultiPolygon", "coordinates": [ [ [ [ 9.55663, 47.15585 ], [ 9.55663, 47.06577 ], [ 9.64672, 47.06577 ], [ 9.64672, 47.15585 ], [ 9.55663, 47.15585 ] ] ], [ [ [ 9.28638, 47.06577 ], [ 9.28638, 46.97568 ], [ 9.46655, 46.97568 ], [ 9.46655, 47.06577 ], [ 9.28638, 47.06577 ] ] ], [ [ [ 9.19629, 46.8856 ], [ 9.19629, 46.79551 ], [ 9.28638, 46.79551 ], [ 9.28638, 46.8856 ], [ 9.19629, 46.8856 ] ] ], [ [ [ 9.37646, 46.79551 ], [ 9.37646, 46.70543 ], [ 9.46655, 46.70543 ], [ 9.46655, 46.79551 ], [ 9.37646, 46.79551 ] ] ], [ [ [ 7.03425, 46.61534 ], [ 7.03425, 46.52526 ], [ 7.21442, 46.52526 ], [ 7.21442, 46.61534 ], [ 7.03425, 46.61534 ] ] ], [ [ [ 9.28638, 46.61534 ], [ 9.28638, 46.52526 ], [ 9.37646, 46.52526 ], [ 9.37646, 46.61534 ], [ 9.28638, 46.61534 ] ] ], [ [ [ 9.28638, 46.43517 ], [ 9.28638, 46.34509 ], [ 9.37646, 46.34509 ], [ 9.37646, 46.43517 ], [ 9.28638, 46.43517 ] ] ], [ [ [ 6.67391, 46.255 ], [ 6.67391, 46.16492 ], [ 6.58382, 46.16492 ], [ 6.58382, 46.07483 ], [ 6.76399, 46.07483 ], [ 6.76399, 46.255 ], [ 6.67391, 46.255 ] ] ], [ [ [ 6.67391, 45.62441 ], [ 6.67391, 45.53432 ], [ 6.76399, 45.53432 ], [ 6.76399, 45.62441 ], [ 6.67391, 45.62441 ] ] ], [ [ [ 6.1334, 44.81364 ], [ 6.1334, 44.72356 ], [ 6.22348, 44.72356 ], [ 6.22348, 44.81364 ], [ 6.1334, 44.81364 ] ] ], [ [ [ -0.62298, 42.83177 ], [ -0.62298, 42.74168 ], [ -0.5329, 42.74168 ], [ -0.5329, 42.83177 ], [ -0.62298, 42.83177 ] ] ], [ [ [ 0.27787, 42.83177 ], [ 0.27787, 42.74168 ], [ 0.36795, 42.74168 ], [ 0.36795, 42.83177 ], [ 0.27787, 42.83177 ] ] ], [ [ [ 1.08863, 42.74168 ], [ 1.08863, 42.6516 ], [ 1.17872, 42.6516 ], [ 1.17872, 42.74168 ], [ 1.08863, 42.74168 ] ] ], [ [ [ 1.53906, 42.6516 ], [ 1.53906, 42.56151 ], [ 1.62914, 42.56151 ], [ 1.62914, 42.6516 ], [ 1.53906, 42.6516 ] ] ] ] } },
{ "type": "Feature", "properties": { "date_envol": "28/05/2026", "date_iso": "2026-05-28", "semaine": 22, "date_calcul": "2026-07-22", "annee": 2026, "espece": "Pityogenes chalcographus", "modele": "CHAPY", "seuil_vol": 15.6 }, "geometry": { "type": "MultiPolygon", "coordinates": [ [ [ [ 9.28638, 46.70543 ], [ 9.28638, 46.61534 ], [ 9.37646, 46.61534 ], [ 9.37646, 46.70543 ], [ 9.28638, 46.70543 ] ] ], [ [ [ 7.39459, 46.34509 ], [ 7.39459, 46.255 ], [ 7.48468, 46.255 ], [ 7.48468, 46.34509 ], [ 7.39459, 46.34509 ] ] ], [ [ [ 6.76399, 46.255 ], [ 6.76399, 46.16492 ], [ 6.85408, 46.16492 ], [ 6.85408, 46.255 ], [ 6.76399, 46.255 ] ] ], [ [ [ 7.12434, 46.07483 ], [ 7.12434, 45.98475 ], [ 7.21442, 45.98475 ], [ 7.21442, 46.07483 ], [ 7.12434, 46.07483 ] ] ], [ [ [ 6.58382, 45.0839 ], [ 6.58382, 44.99381 ], [ 6.67391, 44.99381 ], [ 6.67391, 45.0839 ], [ 6.58382, 45.0839 ] ] ], [ [ [ 7.03425, 44.72356 ], [ 7.03425, 44.63347 ], [ 7.12434, 44.63347 ], [ 7.12434, 44.72356 ], [ 7.03425, 44.72356 ] ] ], [ [ [ 6.67391, 44.63347 ], [ 6.67391, 44.54339 ], [ 6.58382, 44.54339 ], [ 6.58382, 44.4533 ], [ 6.76399, 44.4533 ], [ 6.76399, 44.63347 ], [ 6.67391, 44.63347 ] ] ], [ [ [ 6.49374, 44.27313 ], [ 6.49374, 44.18305 ], [ 6.58382, 44.18305 ], [ 6.58382, 44.27313 ], [ 6.49374, 44.27313 ] ] ], [ [ [ -0.80315, 42.92185 ], [ -0.80315, 42.83177 ], [ -0.71307, 42.83177 ], [ -0.71307, 42.92185 ], [ -0.80315, 42.92185 ] ] ], [ [ [ -0.35273, 42.92185 ], [ -0.35273, 42.83177 ], [ -0.26264, 42.83177 ], [ -0.26264, 42.92185 ], [ -0.35273, 42.92185 ] ] ], [ [ [ 0.00761, 42.83177 ], [ 0.00761, 42.74168 ], [ 0.0977, 42.74168 ], [ 0.0977, 42.83177 ], [ 0.00761, 42.83177 ] ] ], [ [ [ 1.35889, 42.74168 ], [ 1.35889, 42.6516 ], [ 1.44897, 42.6516 ], [ 1.44897, 42.74168 ], [ 1.35889, 42.74168 ] ] ] ] } },
{ "type": "Feature", "properties": { "date_envol": "29/05/2026", "date_iso": "2026-05-29", "semaine": 22, "date_calcul": "2026-07-22", "annee": 2026, "espece": "Pityogenes chalcographus", "modele": "CHAPY", "seuil_vol": 15.6 }, "geometry": { "type": "MultiPolygon", "coordinates": [ [ [ [ 7.9351, 46.8856 ], [ 7.9351, 46.79551 ], [ 8.02519, 46.79551 ], [ 8.02519, 46.8856 ], [ 7.9351, 46.8856 ] ] ], [ [ [ 9.46655, 46.8856 ], [ 9.46655, 46.79551 ], [ 9.55663, 46.79551 ], [ 9.55663, 46.8856 ], [ 9.46655, 46.8856 ] ] ], [ [ [ 8.83595, 46.79551 ], [ 8.83595, 46.70543 ], [ 9.01612, 46.70543 ], [ 9.01612, 46.79551 ], [ 8.83595, 46.79551 ] ] ], [ [ [ 9.10621, 46.70543 ], [ 9.10621, 46.61534 ], [ 9.19629, 46.61534 ], [ 9.19629, 46.70543 ], [ 9.10621, 46.70543 ] ] ], [ [ [ 9.37646, 46.70543 ], [ 9.37646, 46.61534 ], [ 9.46655, 46.61534 ], [ 9.46655, 46.70543 ], [ 9.37646, 46.70543 ] ] ], [ [ [ 6.49374, 45.26407 ], [ 6.49374, 45.17398 ], [ 6.58382, 45.17398 ], [ 6.58382, 45.26407 ], [ 6.49374, 45.26407 ] ] ], [ [ [ 5.86314, 45.0839 ], [ 5.86314, 44.99381 ], [ 5.95323, 44.99381 ], [ 5.95323, 45.0839 ], [ 5.86314, 45.0839 ] ] ], [ [ [ 6.49374, 44.99381 ], [ 6.49374, 44.90373 ], [ 6.58382, 44.90373 ], [ 6.58382, 44.99381 ], [ 6.49374, 44.99381 ] ] ], [ [ [ 6.31357, 44.90373 ], [ 6.31357, 44.81364 ], [ 6.40365, 44.81364 ], [ 6.40365, 44.90373 ], [ 6.31357, 44.90373 ] ] ], [ [ [ 6.67391, 44.81364 ], [ 6.67391, 44.72356 ], [ 6.76399, 44.72356 ], [ 6.76399, 44.81364 ], [ 6.67391, 44.81364 ] ] ], [ [ [ 6.40365, 44.72356 ], [ 6.40365, 44.63347 ], [ 6.49374, 44.63347 ], [ 6.49374, 44.72356 ], [ 6.40365, 44.72356 ] ] ], [ [ [ 6.49374, 44.63347 ], [ 6.49374, 44.54339 ], [ 6.58382, 44.54339 ], [ 6.58382, 44.63347 ], [ 6.49374, 44.63347 ] ] ], [ [ [ 7.39459, 44.18305 ], [ 7.39459, 44.09296 ], [ 7.48468, 44.09296 ], [ 7.48468, 44.18305 ], [ 7.39459, 44.18305 ] ] ], [ [ [ -0.80315, 43.01194 ], [ -0.80315, 42.92185 ], [ -0.71307, 42.92185 ], [ -0.71307, 43.01194 ], [ -0.80315, 43.01194 ] ] ], [ [ [ 0.18778, 42.83177 ], [ 0.18778, 42.74168 ], [ 0.27787, 42.74168 ], [ 0.27787, 42.83177 ], [ 0.18778, 42.83177 ] ] ] ] } },
{ "type": "Feature", "properties": { "date_envol": "30/05/2026", "date_iso": "2026-05-30", "semaine": 22, "date_calcul": "2026-07-22", "annee": 2026, "espece": "Pityogenes chalcographus", "modele": "CHAPY", "seuil_vol": 15.6 }, "geometry": { "type": "MultiPolygon", "coordinates": [ [ [ [ 8.74587, 46.70543 ], [ 8.74587, 46.61534 ], [ 8.83595, 46.61534 ], [ 8.83595, 46.70543 ], [ 8.74587, 46.70543 ] ] ], [ [ [ 8.83595, 46.61534 ], [ 8.83595, 46.52526 ], [ 8.92604, 46.52526 ], [ 8.92604, 46.61534 ], [ 8.83595, 46.61534 ] ] ], [ [ [ 7.9351, 46.43517 ], [ 7.9351, 46.34509 ], [ 8.02519, 46.34509 ], [ 8.02519, 46.43517 ], [ 7.9351, 46.43517 ] ] ], [ [ [ 6.58382, 44.99381 ], [ 6.58382, 44.90373 ], [ 6.67391, 44.90373 ], [ 6.67391, 44.99381 ], [ 6.58382, 44.99381 ] ] ], [ [ [ 6.1334, 44.72356 ], [ 6.1334, 44.63347 ], [ 6.22348, 44.63347 ], [ 6.22348, 44.72356 ], [ 6.1334, 44.72356 ] ] ] ] } },
{ "type": "Feature", "properties": { "date_envol": "31/05/2026", "date_iso": "2026-05-31", "semaine": 22, "date_calcul": "2026-07-22", "annee": 2026, "espece": "Pityogenes chalcographus", "modele": "CHAPY", "seuil_vol": 15.6 }, "geometry": { "type": "MultiPolygon", "coordinates": [ [ [ [ 9.37646, 46.97568 ], [ 9.37646, 46.8856 ], [ 9.55663, 46.8856 ], [ 9.55663, 46.97568 ], [ 9.37646, 46.97568 ] ] ], [ [ [ 7.03425, 46.43517 ], [ 7.03425, 46.34509 ], [ 7.12434, 46.34509 ], [ 7.12434, 46.43517 ], [ 7.03425, 46.43517 ] ] ], [ [ [ 6.85408, 45.26407 ], [ 6.85408, 45.17398 ], [ 6.94417, 45.17398 ], [ 6.94417, 45.26407 ], [ 6.85408, 45.26407 ] ] ], [ [ [ 6.40365, 45.17398 ], [ 6.40365, 45.0839 ], [ 6.49374, 45.0839 ], [ 6.49374, 45.17398 ], [ 6.40365, 45.17398 ] ] ], [ [ [ 6.94417, 44.81364 ], [ 6.94417, 44.72356 ], [ 7.03425, 44.72356 ], [ 7.03425, 44.81364 ], [ 6.94417, 44.81364 ] ] ], [ [ [ 7.03425, 44.27313 ], [ 7.03425, 44.18305 ], [ 7.12434, 44.18305 ], [ 7.12434, 44.27313 ], [ 7.03425, 44.27313 ] ] ], [ [ [ 7.57476, 44.18305 ], [ 7.57476, 44.09296 ], [ 7.66485, 44.09296 ], [ 7.66485, 44.18305 ], [ 7.57476, 44.18305 ] ] ], [ [ [ 0.0977, 42.74168 ], [ 0.0977, 42.6516 ], [ 0.18778, 42.6516 ], [ 0.18778, 42.74168 ], [ 0.0977, 42.74168 ] ] ], [ [ [ 1.71923, 42.6516 ], [ 1.71923, 42.56151 ], [ 1.80931, 42.56151 ], [ 1.80931, 42.6516 ], [ 1.71923, 42.6516 ] ] ], [ [ [ 1.8994, 42.6516 ], [ 1.8994, 42.56151 ], [ 1.98948, 42.56151 ], [ 1.98948, 42.6516 ], [ 1.8994, 42.6516 ] ] ] ] } },
{ "type": "Feature", "properties": { "date_envol": "01/06/2026", "date_iso": "2026-06-01", "semaine": 23, "date_calcul": "2026-07-22", "annee": 2026, "espece": "Pityogenes chalcographus", "modele": "CHAPY", "seuil_vol": 15.6 }, "geometry": { "type": "MultiPolygon", "coordinates": [ [ [ [ 6.94417, 44.36322 ], [ 6.94417, 44.27313 ], [ 7.03425, 44.27313 ], [ 7.03425, 44.36322 ], [ 6.94417, 44.36322 ] ] ], [ [ [ 6.58382, 44.18305 ], [ 6.58382, 44.09296 ], [ 6.67391, 44.09296 ], [ 6.67391, 44.18305 ], [ 6.58382, 44.18305 ] ] ] ] } },
{ "type": "Feature", "properties": { "date_envol": "08/06/2026", "date_iso": "2026-06-08", "semaine": 24, "date_calcul": "2026-07-22", "annee": 2026, "espece": "Pityogenes chalcographus", "modele": "CHAPY", "seuil_vol": 15.6 }, "geometry": { "type": "MultiPolygon", "coordinates": [ [ [ [ 8.65578, 46.97568 ], [ 8.65578, 46.8856 ], [ 8.74587, 46.8856 ], [ 8.74587, 46.97568 ], [ 8.65578, 46.97568 ] ] ], [ [ [ 8.74587, 46.8856 ], [ 8.74587, 46.79551 ], [ 8.92604, 46.79551 ], [ 8.92604, 46.8856 ], [ 8.74587, 46.8856 ] ] ], [ [ [ 9.19629, 46.79551 ], [ 9.19629, 46.70543 ], [ 9.28638, 46.70543 ], [ 9.28638, 46.79551 ], [ 9.19629, 46.79551 ] ] ], [ [ [ 7.39459, 46.255 ], [ 7.39459, 46.16492 ], [ 7.48468, 46.16492 ], [ 7.48468, 46.255 ], [ 7.39459, 46.255 ] ] ], [ [ [ 6.76399, 46.07483 ], [ 6.76399, 45.98475 ], [ 6.94417, 45.98475 ], [ 6.94417, 46.07483 ], [ 6.76399, 46.07483 ] ] ], [ [ [ 6.40365, 45.98475 ], [ 6.40365, 45.89466 ], [ 6.49374, 45.89466 ], [ 6.49374, 45.98475 ], [ 6.40365, 45.98475 ] ] ], [ [ [ 6.49374, 45.62441 ], [ 6.49374, 45.53432 ], [ 6.58382, 45.53432 ], [ 6.58382, 45.62441 ], [ 6.49374, 45.62441 ] ] ], [ [ [ 6.76399, 45.62441 ], [ 6.76399, 45.53432 ], [ 6.94417, 45.53432 ], [ 6.94417, 45.62441 ], [ 6.76399, 45.62441 ] ] ], [ [ [ 6.04331, 45.0839 ], [ 6.04331, 44.99381 ], [ 6.1334, 44.99381 ], [ 6.1334, 45.0839 ], [ 6.04331, 45.0839 ] ] ], [ [ [ 6.76399, 44.72356 ], [ 6.76399, 44.63347 ], [ 6.85408, 44.63347 ], [ 6.85408, 44.72356 ], [ 6.76399, 44.72356 ] ] ], [ [ [ 0.18778, 42.92185 ], [ 0.18778, 42.83177 ], [ 0.27787, 42.83177 ], [ 0.27787, 42.92185 ], [ 0.18778, 42.92185 ] ] ], [ [ [ -0.08247, 42.83177 ], [ -0.08247, 42.74168 ], [ 0.00761, 42.74168 ], [ 0.00761, 42.83177 ], [ -0.08247, 42.83177 ] ] ], [ [ [ 0.72829, 42.83177 ], [ 0.72829, 42.74168 ], [ 0.81838, 42.74168 ], [ 0.81838, 42.83177 ], [ 0.72829, 42.83177 ] ] ], [ [ [ 0.90846, 42.83177 ], [ 0.90846, 42.74168 ], [ 1.08863, 42.74168 ], [ 1.08863, 42.83177 ], [ 0.90846, 42.83177 ] ] ], [ [ [ 2.07957, 42.74168 ], [ 2.07957, 42.6516 ], [ 2.25974, 42.6516 ], [ 2.25974, 42.74168 ], [ 2.07957, 42.74168 ] ] ], [ [ [ 1.62914, 42.6516 ], [ 1.62914, 42.56151 ], [ 1.71923, 42.56151 ], [ 1.71923, 42.6516 ], [ 1.62914, 42.6516 ] ] ], [ [ [ 1.71923, 42.56151 ], [ 1.71923, 42.47143 ], [ 1.80931, 42.47143 ], [ 1.80931, 42.56151 ], [ 1.71923, 42.56151 ] ] ], [ [ [ 2.43991, 42.56151 ], [ 2.43991, 42.47143 ], [ 2.53, 42.47143 ], [ 2.53, 42.56151 ], [ 2.43991, 42.56151 ] ] ], [ [ [ 1.98948, 42.47143 ], [ 1.98948, 42.38134 ], [ 2.16966, 42.38134 ], [ 2.16966, 42.47143 ], [ 1.98948, 42.47143 ] ] ] ] } },
{ "type": "Feature", "properties": { "date_envol": "12/06/2026", "date_iso": "2026-06-12", "semaine": 24, "date_calcul": "2026-07-22", "annee": 2026, "espece": "Pityogenes chalcographus", "modele": "CHAPY", "seuil_vol": 15.6 }, "geometry": { "type": "MultiPolygon", "coordinates": [ [ [ [ 6.67391, 44.99381 ], [ 6.67391, 44.81364 ], [ 6.76399, 44.81364 ], [ 6.76399, 44.99381 ], [ 6.67391, 44.99381 ] ] ], [ [ [ 6.94417, 44.90373 ], [ 6.94417, 44.81364 ], [ 7.03425, 44.81364 ], [ 7.03425, 44.90373 ], [ 6.94417, 44.90373 ] ] ], [ [ [ 6.58382, 44.81364 ], [ 6.58382, 44.72356 ], [ 6.67391, 44.72356 ], [ 6.67391, 44.81364 ], [ 6.58382, 44.81364 ] ] ], [ [ [ 6.85408, 44.81364 ], [ 6.85408, 44.72356 ], [ 6.94417, 44.72356 ], [ 6.94417, 44.81364 ], [ 6.85408, 44.81364 ] ] ], [ [ [ 6.76399, 44.54339 ], [ 6.76399, 44.4533 ], [ 6.67391, 44.4533 ], [ 6.67391, 44.36322 ], [ 6.85408, 44.36322 ], [ 6.85408, 44.54339 ], [ 6.76399, 44.54339 ] ] ], [ [ [ -0.44281, 42.92185 ], [ -0.44281, 42.83177 ], [ -0.35273, 42.83177 ], [ -0.35273, 42.92185 ], [ -0.44281, 42.92185 ] ] ], [ [ [ -0.71307, 42.83177 ], [ -0.71307, 42.74168 ], [ -0.62298, 42.74168 ], [ -0.62298, 42.83177 ], [ -0.71307, 42.83177 ] ] ], [ [ [ 0.18778, 42.74168 ], [ 0.18778, 42.6516 ], [ 0.27787, 42.6516 ], [ 0.27787, 42.74168 ], [ 0.18778, 42.74168 ] ] ] ] } },
{ "type": "Feature", "properties": { "date_envol": "13/06/2026", "date_iso": "2026-06-13", "semaine": 24, "date_calcul": "2026-07-22", "annee": 2026, "espece": "Pityogenes chalcographus", "modele": "CHAPY", "seuil_vol": 15.6 }, "geometry": { "type": "MultiPolygon", "coordinates": [ [ [ [ 8.74587, 46.97568 ], [ 8.74587, 46.8856 ], [ 8.92604, 46.8856 ], [ 8.92604, 46.97568 ], [ 8.74587, 46.97568 ] ] ], [ [ [ 8.20536, 46.79551 ], [ 8.20536, 46.70543 ], [ 8.38553, 46.70543 ], [ 8.38553, 46.79551 ], [ 8.20536, 46.79551 ] ] ], [ [ [ 7.9351, 46.70543 ], [ 7.9351, 46.61534 ], [ 8.02519, 46.61534 ], [ 8.02519, 46.70543 ], [ 7.9351, 46.70543 ] ] ], [ [ [ 8.83595, 46.70543 ], [ 8.83595, 46.61534 ], [ 8.92604, 46.61534 ], [ 8.92604, 46.70543 ], [ 8.83595, 46.70543 ] ] ], [ [ [ 7.39459, 46.61534 ], [ 7.39459, 46.43517 ], [ 7.57476, 46.43517 ], [ 7.57476, 46.52526 ], [ 7.48468, 46.52526 ], [ 7.48468, 46.61534 ], [ 7.39459, 46.61534 ] ] ], [ [ [ 8.20536, 46.52526 ], [ 8.20536, 46.43517 ], [ 8.29544, 46.43517 ], [ 8.29544, 46.52526 ], [ 8.20536, 46.52526 ] ] ], [ [ [ 7.12434, 46.16492 ], [ 7.12434, 46.07483 ], [ 7.21442, 46.07483 ], [ 7.21442, 46.16492 ], [ 7.12434, 46.16492 ] ] ], [ [ [ 6.58382, 45.80458 ], [ 6.58382, 45.71449 ], [ 6.67391, 45.71449 ], [ 6.67391, 45.80458 ], [ 6.58382, 45.80458 ] ] ], [ [ [ 6.49374, 45.71449 ], [ 6.49374, 45.62441 ], [ 6.58382, 45.62441 ], [ 6.58382, 45.71449 ], [ 6.49374, 45.71449 ] ] ], [ [ [ 5.86314, 45.17398 ], [ 5.86314, 45.0839 ], [ 5.95323, 45.0839 ], [ 5.95323, 45.17398 ], [ 5.86314, 45.17398 ] ] ], [ [ [ 6.1334, 45.17398 ], [ 6.1334, 45.0839 ], [ 6.22348, 45.0839 ], [ 6.22348, 45.17398 ], [ 6.1334, 45.17398 ] ] ], [ [ [ 6.49374, 44.54339 ], [ 6.49374, 44.4533 ], [ 6.58382, 44.4533 ], [ 6.58382, 44.54339 ], [ 6.49374, 44.54339 ] ] ], [ [ [ 0.54812, 42.74168 ], [ 0.54812, 42.6516 ], [ 0.63821, 42.6516 ], [ 0.63821, 42.74168 ], [ 0.54812, 42.74168 ] ] ] ] } },
{ "type": "Feature", "properties": { "date_envol": "14/06/2026", "date_iso": "2026-06-14", "semaine": 24, "date_calcul": "2026-07-22", "annee": 2026, "espece": "Pityogenes chalcographus", "modele": "CHAPY", "seuil_vol": 15.6 }, "geometry": { "type": "MultiPolygon", "coordinates": [ [ [ [ 6.85408, 44.4533 ], [ 6.85408, 44.36322 ], [ 6.94417, 44.36322 ], [ 6.94417, 44.4533 ], [ 6.85408, 44.4533 ] ] ], [ [ [ 6.58382, 44.27313 ], [ 6.58382, 44.18305 ], [ 6.67391, 44.18305 ], [ 6.67391, 44.27313 ], [ 6.58382, 44.27313 ] ] ], [ [ [ 0.0977, 42.83177 ], [ 0.0977, 42.74168 ], [ 0.18778, 42.74168 ], [ 0.18778, 42.83177 ], [ 0.0977, 42.83177 ] ] ] ] } },
{ "type": "Feature", "properties": { "date_envol": "15/06/2026", "date_iso": "2026-06-15", "semaine": 25, "date_calcul": "2026-07-22", "annee": 2026, "espece": "Pityogenes chalcographus", "modele": "CHAPY", "seuil_vol": 15.6 }, "geometry": { "type": "MultiPolygon", "coordinates": [ [ [ [ 6.22348, 44.72356 ], [ 6.22348, 44.63347 ], [ 6.31357, 44.63347 ], [ 6.31357, 44.72356 ], [ 6.22348, 44.72356 ] ] ], [ [ [ 0.27787, 42.74168 ], [ 0.27787, 42.6516 ], [ 0.36795, 42.6516 ], [ 0.36795, 42.74168 ], [ 0.27787, 42.74168 ] ] ], [ [ [ 2.25974, 42.47143 ], [ 2.25974, 42.38134 ], [ 2.34983, 42.38134 ], [ 2.34983, 42.47143 ], [ 2.25974, 42.47143 ] ] ] ] } },
{ "type": "Feature", "properties": { "date_envol": "16/06/2026", "date_iso": "2026-06-16", "semaine": 25, "date_calcul": "2026-07-22", "annee": 2026, "espece": "Pityogenes chalcographus", "modele": "CHAPY", "seuil_vol": 15.6 }, "geometry": { "type": "MultiPolygon", "coordinates": [ [ [ [ 8.92604, 46.97568 ], [ 8.92604, 46.8856 ], [ 9.01612, 46.8856 ], [ 9.01612, 46.97568 ], [ 8.92604, 46.97568 ] ] ], [ [ [ 8.47561, 46.70543 ], [ 8.47561, 46.61534 ], [ 8.5657, 46.61534 ], [ 8.5657, 46.70543 ], [ 8.47561, 46.70543 ] ] ], [ [ [ 7.9351, 46.61534 ], [ 7.9351, 46.52526 ], [ 8.02519, 46.52526 ], [ 8.02519, 46.61534 ], [ 7.9351, 46.61534 ] ] ], [ [ [ 6.76399, 46.16492 ], [ 6.76399, 46.07483 ], [ 6.85408, 46.07483 ], [ 6.85408, 46.16492 ], [ 6.76399, 46.16492 ] ] ], [ [ [ 7.12434, 45.89466 ], [ 7.12434, 45.80458 ], [ 7.21442, 45.80458 ], [ 7.21442, 45.89466 ], [ 7.12434, 45.89466 ] ] ], [ [ [ 6.58382, 45.53432 ], [ 6.58382, 45.44424 ], [ 6.67391, 45.44424 ], [ 6.67391, 45.53432 ], [ 6.58382, 45.53432 ] ] ], [ [ [ 5.95323, 45.26407 ], [ 5.95323, 45.17398 ], [ 6.04331, 45.17398 ], [ 6.04331, 45.26407 ], [ 5.95323, 45.26407 ] ] ], [ [ [ 6.94417, 45.26407 ], [ 6.94417, 45.17398 ], [ 7.03425, 45.17398 ], [ 7.03425, 45.26407 ], [ 6.94417, 45.26407 ] ] ], [ [ [ 5.95323, 44.99381 ], [ 5.95323, 44.90373 ], [ 6.1334, 44.90373 ], [ 6.1334, 44.99381 ], [ 5.95323, 44.99381 ] ] ] ] } },
{ "type": "Feature", "properties": { "date_envol": "17/06/2026", "date_iso": "2026-06-17", "semaine": 25, "date_calcul": "2026-07-22", "annee": 2026, "espece": "Pityogenes chalcographus", "modele": "CHAPY", "seuil_vol": 15.6 }, "geometry": { "type": "MultiPolygon", "coordinates": [ [ [ [ 8.92604, 46.70543 ], [ 8.92604, 46.61534 ], [ 9.10621, 46.61534 ], [ 9.10621, 46.70543 ], [ 8.92604, 46.70543 ] ] ], [ [ [ 7.66485, 46.61534 ], [ 7.66485, 46.52526 ], [ 7.84502, 46.52526 ], [ 7.84502, 46.61534 ], [ 7.66485, 46.61534 ] ] ], [ [ [ 8.74587, 46.61534 ], [ 8.74587, 46.52526 ], [ 8.83595, 46.52526 ], [ 8.83595, 46.61534 ], [ 8.74587, 46.61534 ] ] ], [ [ [ 7.57476, 46.52526 ], [ 7.57476, 46.43517 ], [ 7.66485, 46.43517 ], [ 7.66485, 46.52526 ], [ 7.57476, 46.52526 ] ] ], [ [ [ 7.30451, 46.43517 ], [ 7.30451, 46.34509 ], [ 7.39459, 46.34509 ], [ 7.39459, 46.43517 ], [ 7.30451, 46.43517 ] ] ], [ [ [ 6.31357, 45.44424 ], [ 6.31357, 45.35415 ], [ 6.40365, 45.35415 ], [ 6.40365, 45.44424 ], [ 6.31357, 45.44424 ] ] ], [ [ [ 6.85408, 44.54339 ], [ 6.85408, 44.4533 ], [ 6.94417, 44.4533 ], [ 6.94417, 44.54339 ], [ 6.85408, 44.54339 ] ] ], [ [ [ -0.08247, 42.74168 ], [ -0.08247, 42.6516 ], [ 0.00761, 42.6516 ], [ 0.00761, 42.74168 ], [ -0.08247, 42.74168 ] ] ], [ [ [ 1.17872, 42.74168 ], [ 1.17872, 42.6516 ], [ 1.35889, 42.6516 ], [ 1.35889, 42.74168 ], [ 1.17872, 42.74168 ] ] ], [ [ [ 0.63821, 42.6516 ], [ 0.63821, 42.56151 ], [ 0.72829, 42.56151 ], [ 0.72829, 42.6516 ], [ 0.63821, 42.6516 ] ] ], [ [ [ 1.53906, 42.56151 ], [ 1.53906, 42.47143 ], [ 1.62914, 42.47143 ], [ 1.62914, 42.56151 ], [ 1.53906, 42.56151 ] ] ] ] } },
{ "type": "Feature", "properties": { "date_envol": "18/06/2026", "date_iso": "2026-06-18", "semaine": 25, "date_calcul": "2026-07-22", "annee": 2026, "espece": "Pityogenes chalcographus", "modele": "CHAPY", "seuil_vol": 15.6 }, "geometry": { "type": "MultiPolygon", "coordinates": [ [ [ [ 8.38553, 46.79551 ], [ 8.38553, 46.70543 ], [ 8.47561, 46.70543 ], [ 8.47561, 46.79551 ], [ 8.38553, 46.79551 ] ] ], [ [ [ 9.19629, 46.70543 ], [ 9.19629, 46.61534 ], [ 9.28638, 46.61534 ], [ 9.28638, 46.70543 ], [ 9.19629, 46.70543 ] ] ], [ [ [ 7.48468, 46.255 ], [ 7.48468, 46.16492 ], [ 7.57476, 46.16492 ], [ 7.57476, 46.255 ], [ 7.48468, 46.255 ] ] ], [ [ [ 7.39459, 46.16492 ], [ 7.39459, 46.07483 ], [ 7.48468, 46.07483 ], [ 7.48468, 46.16492 ], [ 7.39459, 46.16492 ] ] ], [ [ [ 6.1334, 45.0839 ], [ 6.1334, 44.99381 ], [ 6.22348, 44.99381 ], [ 6.22348, 45.0839 ], [ 6.1334, 45.0839 ] ] ], [ [ [ 0.81838, 42.83177 ], [ 0.81838, 42.74168 ], [ 0.90846, 42.74168 ], [ 0.90846, 42.83177 ], [ 0.81838, 42.83177 ] ] ], [ [ [ 0.90846, 42.74168 ], [ 0.90846, 42.6516 ], [ 1.08863, 42.6516 ], [ 1.08863, 42.74168 ], [ 0.90846, 42.74168 ] ] ], [ [ [ 1.80931, 42.6516 ], [ 1.80931, 42.56151 ], [ 1.8994, 42.56151 ], [ 1.8994, 42.6516 ], [ 1.80931, 42.6516 ] ] ] ] } },
{ "type": "Feature", "properties": { "date_envol": "19/06/2026", "date_iso": "2026-06-19", "semaine": 25, "date_calcul": "2026-07-22", "annee": 2026, "espece": "Pityogenes chalcographus", "modele": "CHAPY", "seuil_vol": 15.6 }, "geometry": { "type": "MultiPolygon", "coordinates": [ [ [ [ 9.10621, 47.06577 ], [ 9.10621, 46.97568 ], [ 9.19629, 46.97568 ], [ 9.19629, 47.06577 ], [ 9.10621, 47.06577 ] ] ], [ [ [ 9.28638, 46.52526 ], [ 9.28638, 46.43517 ], [ 9.37646, 46.43517 ], [ 9.37646, 46.52526 ], [ 9.28638, 46.52526 ] ] ], [ [ [ 6.04331, 45.35415 ], [ 6.04331, 45.26407 ], [ 6.1334, 45.26407 ], [ 6.1334, 45.35415 ], [ 6.04331, 45.35415 ] ] ], [ [ [ 7.12434, 44.18305 ], [ 7.12434, 44.09296 ], [ 7.21442, 44.09296 ], [ 7.21442, 44.18305 ], [ 7.12434, 44.18305 ] ] ], [ [ [ -0.26264, 42.83177 ], [ -0.26264, 42.74168 ], [ -0.08247, 42.74168 ], [ -0.08247, 42.83177 ], [ -0.26264, 42.83177 ] ] ] ] } },
{ "type": "Feature", "properties": { "date_envol": "20/06/2026", "date_iso": "2026-06-20", "semaine": 25, "date_calcul": "2026-07-22", "annee": 2026, "espece": "Pityogenes chalcographus", "modele": "CHAPY", "seuil_vol": 15.6 }, "geometry": { "type": "MultiPolygon", "coordinates": [ [ [ [ 8.47561, 46.79551 ], [ 8.47561, 46.70543 ], [ 8.5657, 46.70543 ], [ 8.5657, 46.79551 ], [ 8.47561, 46.79551 ] ] ], [ [ [ 9.01612, 46.52526 ], [ 9.01612, 46.43517 ], [ 9.19629, 46.43517 ], [ 9.19629, 46.52526 ], [ 9.01612, 46.52526 ] ] ], [ [ [ 6.58382, 45.71449 ], [ 6.58382, 45.62441 ], [ 6.67391, 45.62441 ], [ 6.67391, 45.71449 ], [ 6.58382, 45.71449 ] ] ], [ [ [ 6.76399, 45.71449 ], [ 6.76399, 45.62441 ], [ 6.94417, 45.62441 ], [ 6.94417, 45.71449 ], [ 6.76399, 45.71449 ] ] ], [ [ [ 6.40365, 45.35415 ], [ 6.40365, 45.26407 ], [ 6.49374, 45.26407 ], [ 6.49374, 45.35415 ], [ 6.40365, 45.35415 ] ] ], [ [ [ 7.12434, 45.35415 ], [ 7.12434, 45.26407 ], [ 7.21442, 45.26407 ], [ 7.21442, 45.35415 ], [ 7.12434, 45.35415 ] ] ], [ [ [ 6.04331, 44.90373 ], [ 6.04331, 44.81364 ], [ 6.1334, 44.81364 ], [ 6.1334, 44.90373 ], [ 6.04331, 44.90373 ] ] ], [ [ [ 7.21442, 44.18305 ], [ 7.21442, 44.09296 ], [ 7.30451, 44.09296 ], [ 7.30451, 44.18305 ], [ 7.21442, 44.18305 ] ] ], [ [ [ 0.00761, 42.74168 ], [ 0.00761, 42.6516 ], [ 0.0977, 42.6516 ], [ 0.0977, 42.74168 ], [ 0.00761, 42.74168 ] ] ], [ [ [ 1.62914, 42.56151 ], [ 1.62914, 42.47143 ], [ 1.71923, 42.47143 ], [ 1.71923, 42.56151 ], [ 1.62914, 42.56151 ] ] ] ] } },
{ "type": "Feature", "properties": { "date_envol": "21/06/2026", "date_iso": "2026-06-21", "semaine": 25, "date_calcul": "2026-07-22", "annee": 2026, "espece": "Pityogenes chalcographus", "modele": "CHAPY", "seuil_vol": 15.6 }, "geometry": { "type": "MultiPolygon", "coordinates": [ [ [ [ 9.19629, 47.06577 ], [ 9.19629, 46.8856 ], [ 9.28638, 46.8856 ], [ 9.28638, 47.06577 ], [ 9.19629, 47.06577 ] ] ], [ [ [ 9.10621, 46.61534 ], [ 9.10621, 46.52526 ], [ 9.19629, 46.52526 ], [ 9.19629, 46.61534 ], [ 9.10621, 46.61534 ] ] ], [ [ [ 9.37646, 46.43517 ], [ 9.37646, 46.34509 ], [ 9.46655, 46.34509 ], [ 9.46655, 46.43517 ], [ 9.37646, 46.43517 ] ] ], [ [ [ 6.04331, 45.26407 ], [ 6.04331, 45.17398 ], [ 6.1334, 45.17398 ], [ 6.1334, 45.26407 ], [ 6.04331, 45.26407 ] ] ], [ [ [ 6.85408, 44.36322 ], [ 6.85408, 44.27313 ], [ 6.94417, 44.27313 ], [ 6.94417, 44.36322 ], [ 6.85408, 44.36322 ] ] ], [ [ [ 6.67391, 44.27313 ], [ 6.67391, 44.18305 ], [ 6.76399, 44.18305 ], [ 6.76399, 44.27313 ], [ 6.67391, 44.27313 ] ] ], [ [ [ 6.94417, 44.27313 ], [ 6.94417, 44.18305 ], [ 7.03425, 44.18305 ], [ 7.03425, 44.27313 ], [ 6.94417, 44.27313 ] ] ], [ [ [ 0.72829, 42.6516 ], [ 0.72829, 42.56151 ], [ 0.81838, 42.56151 ], [ 0.81838, 42.6516 ], [ 0.72829, 42.6516 ] ] ] ] } },
{ "type": "Feature", "properties": { "date_envol": "22/06/2026", "date_iso": "2026-06-22", "semaine": 26, "date_calcul": "2026-07-22", "annee": 2026, "espece": "Pityogenes chalcographus", "modele": "CHAPY", "seuil_vol": 15.6 }, "geometry": { "type": "MultiPolygon", "coordinates": [ [ [ [ 7.66485, 46.43517 ], [ 7.66485, 46.34509 ], [ 7.75493, 46.34509 ], [ 7.75493, 46.43517 ], [ 7.66485, 46.43517 ] ] ], [ [ [ 6.85408, 45.98475 ], [ 6.85408, 45.89466 ], [ 6.94417, 45.89466 ], [ 6.94417, 45.98475 ], [ 6.85408, 45.98475 ] ] ], [ [ [ 6.22348, 45.17398 ], [ 6.22348, 45.0839 ], [ 6.40365, 45.0839 ], [ 6.40365, 45.17398 ], [ 6.22348, 45.17398 ] ] ], [ [ [ 6.58382, 45.17398 ], [ 6.58382, 45.0839 ], [ 6.67391, 45.0839 ], [ 6.67391, 45.17398 ], [ 6.58382, 45.17398 ] ] ], [ [ [ 6.1334, 44.99381 ], [ 6.1334, 44.90373 ], [ 6.22348, 44.90373 ], [ 6.22348, 44.99381 ], [ 6.1334, 44.99381 ] ] ], [ [ [ 6.76399, 44.63347 ], [ 6.76399, 44.54339 ], [ 6.85408, 44.54339 ], [ 6.85408, 44.63347 ], [ 6.76399, 44.63347 ] ] ], [ [ [ 6.67391, 44.36322 ], [ 6.67391, 44.27313 ], [ 6.85408, 44.27313 ], [ 6.85408, 44.36322 ], [ 6.67391, 44.36322 ] ] ], [ [ [ 0.45804, 42.74168 ], [ 0.45804, 42.6516 ], [ 0.54812, 42.6516 ], [ 0.54812, 42.74168 ], [ 0.45804, 42.74168 ] ] ] ] } },
{ "type": "Feature", "properties": { "date_envol": "23/06/2026", "date_iso": "2026-06-23", "semaine": 26, "date_calcul": "2026-07-22", "annee": 2026, "espece": "Pityogenes chalcographus", "modele": "CHAPY", "seuil_vol": 15.6 }, "geometry": { "type": "MultiPolygon", "coordinates": [ [ [ [ 9.28638, 46.97568 ], [ 9.28638, 46.8856 ], [ 9.37646, 46.8856 ], [ 9.37646, 46.97568 ], [ 9.28638, 46.97568 ] ] ], [ [ [ 9.10621, 46.8856 ], [ 9.10621, 46.79551 ], [ 9.19629, 46.79551 ], [ 9.19629, 46.8856 ], [ 9.10621, 46.8856 ] ] ], [ [ [ 8.02519, 46.70543 ], [ 8.02519, 46.61534 ], [ 8.11527, 46.61534 ], [ 8.11527, 46.70543 ], [ 8.02519, 46.70543 ] ] ], [ [ [ 7.39459, 46.43517 ], [ 7.39459, 46.34509 ], [ 7.48468, 46.34509 ], [ 7.48468, 46.43517 ], [ 7.39459, 46.43517 ] ] ], [ [ [ 7.03425, 46.34509 ], [ 7.03425, 46.255 ], [ 7.12434, 46.255 ], [ 7.12434, 46.34509 ], [ 7.03425, 46.34509 ] ] ], [ [ [ 7.57476, 46.255 ], [ 7.57476, 46.16492 ], [ 7.66485, 46.16492 ], [ 7.66485, 46.255 ], [ 7.57476, 46.255 ] ] ], [ [ [ 7.21442, 46.16492 ], [ 7.21442, 46.07483 ], [ 7.39459, 46.07483 ], [ 7.39459, 46.16492 ], [ 7.21442, 46.16492 ] ] ], [ [ [ 6.58382, 45.35415 ], [ 6.58382, 45.26407 ], [ 6.67391, 45.26407 ], [ 6.67391, 45.35415 ], [ 6.58382, 45.35415 ] ] ], [ [ [ 6.76399, 45.26407 ], [ 6.76399, 45.17398 ], [ 6.85408, 45.17398 ], [ 6.85408, 45.26407 ], [ 6.76399, 45.26407 ] ] ], [ [ [ 7.03425, 45.26407 ], [ 7.03425, 45.17398 ], [ 7.21442, 45.17398 ], [ 7.21442, 45.26407 ], [ 7.03425, 45.26407 ] ] ], [ [ [ 6.22348, 44.81364 ], [ 6.22348, 44.72356 ], [ 6.31357, 44.72356 ], [ 6.31357, 44.81364 ], [ 6.22348, 44.81364 ] ] ], [ [ [ 0.0977, 42.92185 ], [ 0.0977, 42.83177 ], [ 0.18778, 42.83177 ], [ 0.18778, 42.92185 ], [ 0.0977, 42.92185 ] ] ] ] } },
{ "type": "Feature", "properties": { "date_envol": "24/06/2026", "date_iso": "2026-06-24", "semaine": 26, "date_calcul": "2026-07-22", "annee": 2026, "espece": "Pityogenes chalcographus", "modele": "CHAPY", "seuil_vol": 15.6 }, "geometry": { "type": "MultiPolygon", "coordinates": [ [ [ [ 8.47561, 46.8856 ], [ 8.47561, 46.79551 ], [ 8.5657, 46.79551 ], [ 8.5657, 46.8856 ], [ 8.47561, 46.8856 ] ] ], [ [ [ 8.65578, 46.79551 ], [ 8.65578, 46.70543 ], [ 8.74587, 46.70543 ], [ 8.74587, 46.79551 ], [ 8.65578, 46.79551 ] ] ], [ [ [ 8.5657, 46.70543 ], [ 8.5657, 46.52526 ], [ 8.65578, 46.52526 ], [ 8.65578, 46.70543 ], [ 8.5657, 46.70543 ] ] ], [ [ [ 8.20536, 46.61534 ], [ 8.20536, 46.52526 ], [ 8.29544, 46.52526 ], [ 8.29544, 46.61534 ], [ 8.20536, 46.61534 ] ] ], [ [ [ 7.84502, 46.255 ], [ 7.84502, 46.16492 ], [ 8.02519, 46.16492 ], [ 8.02519, 46.255 ], [ 7.84502, 46.255 ] ] ], [ [ [ 7.12434, 45.44424 ], [ 7.12434, 45.35415 ], [ 7.21442, 45.35415 ], [ 7.21442, 45.44424 ], [ 7.12434, 45.44424 ] ] ], [ [ [ 6.31357, 44.81364 ], [ 6.31357, 44.72356 ], [ 6.40365, 44.72356 ], [ 6.40365, 44.81364 ], [ 6.31357, 44.81364 ] ] ], [ [ [ 0.36795, 42.74168 ], [ 0.36795, 42.6516 ], [ 0.45804, 42.6516 ], [ 0.45804, 42.74168 ], [ 0.36795, 42.74168 ] ] ], [ [ [ 0.81838, 42.6516 ], [ 0.81838, 42.56151 ], [ 0.99855, 42.56151 ], [ 0.99855, 42.6516 ], [ 0.81838, 42.6516 ] ] ], [ [ [ 2.16966, 42.47143 ], [ 2.16966, 42.38134 ], [ 2.25974, 42.38134 ], [ 2.25974, 42.47143 ], [ 2.16966, 42.47143 ] ] ] ] } },
{ "type": "Feature", "properties": { "date_envol": "25/06/2026", "date_iso": "2026-06-25", "semaine": 26, "date_calcul": "2026-07-22", "annee": 2026, "espece": "Pityogenes chalcographus", "modele": "CHAPY", "seuil_vol": 15.6 }, "geometry": { "type": "MultiPolygon", "coordinates": [ [ [ [ 8.74587, 46.79551 ], [ 8.74587, 46.70543 ], [ 8.83595, 46.70543 ], [ 8.83595, 46.79551 ], [ 8.74587, 46.79551 ] ] ], [ [ [ 8.65578, 46.70543 ], [ 8.65578, 46.61534 ], [ 8.74587, 46.61534 ], [ 8.74587, 46.70543 ], [ 8.65578, 46.70543 ] ] ], [ [ [ 9.37646, 46.52526 ], [ 9.37646, 46.43517 ], [ 9.46655, 46.43517 ], [ 9.46655, 46.52526 ], [ 9.37646, 46.52526 ] ] ], [ [ [ 7.66485, 46.255 ], [ 7.66485, 46.16492 ], [ 7.75493, 46.16492 ], [ 7.75493, 46.255 ], [ 7.66485, 46.255 ] ] ], [ [ [ 6.67391, 45.53432 ], [ 6.67391, 45.44424 ], [ 6.76399, 45.44424 ], [ 6.76399, 45.53432 ], [ 6.67391, 45.53432 ] ] ], [ [ [ 6.85408, 44.90373 ], [ 6.85408, 44.81364 ], [ 6.94417, 44.81364 ], [ 6.94417, 44.90373 ], [ 6.85408, 44.90373 ] ] ], [ [ [ 6.31357, 44.72356 ], [ 6.31357, 44.63347 ], [ 6.40365, 44.63347 ], [ 6.40365, 44.72356 ], [ 6.31357, 44.72356 ] ] ] ] } },
{ "type": "Feature", "properties": { "date_envol": "26/06/2026", "date_iso": "2026-06-26", "semaine": 26, "date_calcul": "2026-07-22", "annee": 2026, "espece": "Pityogenes chalcographus", "modele": "CHAPY", "seuil_vol": 15.6 }, "geometry": { "type": "MultiPolygon", "coordinates": [ [ [ [ 8.47561, 46.61534 ], [ 8.47561, 46.52526 ], [ 8.5657, 46.52526 ], [ 8.5657, 46.61534 ], [ 8.47561, 46.61534 ] ] ], [ [ [ 8.65578, 46.61534 ], [ 8.65578, 46.52526 ], [ 8.74587, 46.52526 ], [ 8.74587, 46.61534 ], [ 8.65578, 46.61534 ] ] ], [ [ [ 9.37646, 46.61534 ], [ 9.37646, 46.52526 ], [ 9.46655, 46.52526 ], [ 9.46655, 46.61534 ], [ 9.37646, 46.61534 ] ] ], [ [ [ 7.12434, 46.34509 ], [ 7.12434, 46.255 ], [ 7.30451, 46.255 ], [ 7.30451, 46.34509 ], [ 7.12434, 46.34509 ] ] ], [ [ [ 6.94417, 45.89466 ], [ 6.94417, 45.80458 ], [ 7.03425, 45.80458 ], [ 7.03425, 45.89466 ], [ 6.94417, 45.89466 ] ] ], [ [ [ 6.85408, 45.35415 ], [ 6.85408, 45.26407 ], [ 6.94417, 45.26407 ], [ 6.94417, 45.35415 ], [ 6.85408, 45.35415 ] ] ], [ [ [ 6.22348, 45.0839 ], [ 6.22348, 44.99381 ], [ 6.49374, 44.99381 ], [ 6.49374, 45.0839 ], [ 6.22348, 45.0839 ] ] ] ] } },
{ "type": "Feature", "properties": { "date_envol": "27/06/2026", "date_iso": "2026-06-27", "semaine": 26, "date_calcul": "2026-07-22", "annee": 2026, "espece": "Pityogenes chalcographus", "modele": "CHAPY", "seuil_vol": 15.6 }, "geometry": { "type": "MultiPolygon", "coordinates": [ [ [ [ 9.01612, 46.8856 ], [ 9.01612, 46.79551 ], [ 9.10621, 46.79551 ], [ 9.10621, 46.8856 ], [ 9.01612, 46.8856 ] ] ], [ [ [ 8.92604, 46.52526 ], [ 8.92604, 46.43517 ], [ 9.01612, 46.43517 ], [ 9.01612, 46.52526 ], [ 8.92604, 46.52526 ] ] ], [ [ [ 9.19629, 46.52526 ], [ 9.19629, 46.43517 ], [ 9.28638, 46.43517 ], [ 9.28638, 46.52526 ], [ 9.19629, 46.52526 ] ] ], [ [ [ 7.30451, 46.34509 ], [ 7.30451, 46.255 ], [ 7.39459, 46.255 ], [ 7.39459, 46.34509 ], [ 7.30451, 46.34509 ] ] ], [ [ [ 8.02519, 46.34509 ], [ 8.02519, 46.255 ], [ 8.11527, 46.255 ], [ 8.11527, 46.34509 ], [ 8.02519, 46.34509 ] ] ], [ [ [ 6.85408, 46.16492 ], [ 6.85408, 46.07483 ], [ 6.94417, 46.07483 ], [ 6.94417, 46.16492 ], [ 6.85408, 46.16492 ] ] ], [ [ [ 7.66485, 46.07483 ], [ 7.66485, 45.98475 ], [ 7.75493, 45.98475 ], [ 7.75493, 46.07483 ], [ 7.66485, 46.07483 ] ] ], [ [ [ 7.03425, 45.98475 ], [ 7.03425, 45.89466 ], [ 7.12434, 45.89466 ], [ 7.12434, 45.98475 ], [ 7.03425, 45.98475 ] ] ], [ [ [ 6.76399, 45.53432 ], [ 6.76399, 45.44424 ], [ 6.85408, 45.44424 ], [ 6.85408, 45.53432 ], [ 6.76399, 45.53432 ] ] ] ] } },
{ "type": "Feature", "properties": { "date_envol": "28/06/2026", "date_iso": "2026-06-28", "semaine": 26, "date_calcul": "2026-07-22", "annee": 2026, "espece": "Pityogenes chalcographus", "modele": "CHAPY", "seuil_vol": 15.6 }, "geometry": { "type": "MultiPolygon", "coordinates": [ [ [ [ 9.19629, 46.61534 ], [ 9.19629, 46.52526 ], [ 9.28638, 46.52526 ], [ 9.28638, 46.61534 ], [ 9.19629, 46.61534 ] ] ], [ [ [ 8.29544, 46.52526 ], [ 8.29544, 46.43517 ], [ 8.38553, 46.43517 ], [ 8.38553, 46.52526 ], [ 8.29544, 46.52526 ] ] ], [ [ [ 8.02519, 46.255 ], [ 8.02519, 46.16492 ], [ 8.11527, 46.16492 ], [ 8.11527, 46.255 ], [ 8.02519, 46.255 ] ] ], [ [ [ 7.66485, 46.16492 ], [ 7.66485, 46.07483 ], [ 7.75493, 46.07483 ], [ 7.75493, 46.16492 ], [ 7.66485, 46.16492 ] ] ], [ [ [ 7.03425, 45.89466 ], [ 7.03425, 45.80458 ], [ 7.12434, 45.80458 ], [ 7.12434, 45.89466 ], [ 7.03425, 45.89466 ] ] ], [ [ [ 6.49374, 45.0839 ], [ 6.49374, 44.99381 ], [ 6.58382, 44.99381 ], [ 6.58382, 45.0839 ], [ 6.49374, 45.0839 ] ] ] ] } },
{ "type": "Feature", "properties": { "date_envol": "29/06/2026", "date_iso": "2026-06-29", "semaine": 27, "date_calcul": "2026-07-22", "annee": 2026, "espece": "Pityogenes chalcographus", "modele": "CHAPY", "seuil_vol": 15.6 }, "geometry": { "type": "MultiPolygon", "coordinates": [ [ [ [ 6.67391, 45.17398 ], [ 6.67391, 45.0839 ], [ 6.76399, 45.0839 ], [ 6.76399, 45.17398 ], [ 6.67391, 45.17398 ] ] ], [ [ [ 6.76399, 44.90373 ], [ 6.76399, 44.81364 ], [ 6.85408, 44.81364 ], [ 6.85408, 44.90373 ], [ 6.76399, 44.90373 ] ] ], [ [ [ 6.85408, 44.72356 ], [ 6.85408, 44.63347 ], [ 6.94417, 44.63347 ], [ 6.94417, 44.72356 ], [ 6.85408, 44.72356 ] ] ] ] } },
{ "type": "Feature", "properties": { "date_envol": "07/07/2026", "date_iso": "2026-07-07", "semaine": 28, "date_calcul": "2026-07-22", "annee": 2026, "espece": "Pityogenes chalcographus", "modele": "CHAPY", "seuil_vol": 15.6 }, "geometry": { "type": "MultiPolygon", "coordinates": [ [ [ [ 7.48468, 46.43517 ], [ 7.48468, 46.34509 ], [ 7.57476, 46.34509 ], [ 7.57476, 46.43517 ], [ 7.48468, 46.43517 ] ] ], [ [ [ 8.20536, 46.43517 ], [ 8.20536, 46.34509 ], [ 8.29544, 46.34509 ], [ 8.29544, 46.43517 ], [ 8.20536, 46.43517 ] ] ], [ [ [ 6.67391, 45.44424 ], [ 6.67391, 45.35415 ], [ 6.76399, 45.35415 ], [ 6.76399, 45.44424 ], [ 6.67391, 45.44424 ] ] ], [ [ [ 6.85408, 45.44424 ], [ 6.85408, 45.35415 ], [ 7.03425, 45.35415 ], [ 7.03425, 45.44424 ], [ 6.85408, 45.44424 ] ] ], [ [ [ 6.49374, 45.17398 ], [ 6.49374, 45.0839 ], [ 6.58382, 45.0839 ], [ 6.58382, 45.17398 ], [ 6.49374, 45.17398 ] ] ], [ [ [ 6.31357, 44.99381 ], [ 6.31357, 44.90373 ], [ 6.49374, 44.90373 ], [ 6.49374, 44.99381 ], [ 6.31357, 44.99381 ] ] ], [ [ [ 6.22348, 44.90373 ], [ 6.22348, 44.81364 ], [ 6.31357, 44.81364 ], [ 6.31357, 44.90373 ], [ 6.22348, 44.90373 ] ] ], [ [ [ 6.94417, 44.72356 ], [ 6.94417, 44.63347 ], [ 7.03425, 44.63347 ], [ 7.03425, 44.72356 ], [ 6.94417, 44.72356 ] ] ] ] } },
{ "type": "Feature", "properties": { "date_envol": "08/07/2026", "date_iso": "2026-07-08", "semaine": 28, "date_calcul": "2026-07-22", "annee": 2026, "espece": "Pityogenes chalcographus", "modele": "CHAPY", "seuil_vol": 15.6 }, "geometry": { "type": "MultiPolygon", "coordinates": [ [ [ [ 8.29544, 46.61534 ], [ 8.29544, 46.52526 ], [ 8.47561, 46.52526 ], [ 8.47561, 46.61534 ], [ 8.29544, 46.61534 ] ] ] ] } },
{ "type": "Feature", "properties": { "date_envol": "09/07/2026", "date_iso": "2026-07-09", "semaine": 28, "date_calcul": "2026-07-22", "annee": 2026, "espece": "Pityogenes chalcographus", "modele": "CHAPY", "seuil_vol": 15.6 }, "geometry": { "type": "MultiPolygon", "coordinates": [ [ [ [ 8.92604, 46.8856 ], [ 8.92604, 46.79551 ], [ 9.01612, 46.79551 ], [ 9.01612, 46.8856 ], [ 8.92604, 46.8856 ] ] ], [ [ [ 8.20536, 46.70543 ], [ 8.20536, 46.61534 ], [ 8.47561, 46.61534 ], [ 8.47561, 46.70543 ], [ 8.20536, 46.70543 ] ] ], [ [ [ 8.92604, 46.61534 ], [ 8.92604, 46.52526 ], [ 9.10621, 46.52526 ], [ 9.10621, 46.61534 ], [ 8.92604, 46.61534 ] ] ], [ [ [ 7.57476, 46.43517 ], [ 7.57476, 46.34509 ], [ 7.66485, 46.34509 ], [ 7.66485, 46.43517 ], [ 7.57476, 46.43517 ] ] ], [ [ [ 7.84502, 46.16492 ], [ 7.84502, 46.07483 ], [ 7.9351, 46.07483 ], [ 7.9351, 46.16492 ], [ 7.84502, 46.16492 ] ] ], [ [ [ 7.30451, 46.07483 ], [ 7.30451, 45.98475 ], [ 7.48468, 45.98475 ], [ 7.48468, 46.07483 ], [ 7.30451, 46.07483 ] ] ], [ [ [ 7.12434, 45.98475 ], [ 7.12434, 45.89466 ], [ 7.21442, 45.89466 ], [ 7.21442, 45.98475 ], [ 7.12434, 45.98475 ] ] ], [ [ [ 6.67391, 45.89466 ], [ 6.67391, 45.80458 ], [ 6.85408, 45.80458 ], [ 6.85408, 45.89466 ], [ 6.67391, 45.89466 ] ] ], [ [ [ 6.67391, 45.71449 ], [ 6.67391, 45.62441 ], [ 6.76399, 45.62441 ], [ 6.76399, 45.71449 ], [ 6.67391, 45.71449 ] ] ], [ [ [ 6.94417, 45.62441 ], [ 6.94417, 45.53432 ], [ 6.85408, 45.53432 ], [ 6.85408, 45.44424 ], [ 7.03425, 45.44424 ], [ 7.03425, 45.62441 ], [ 6.94417, 45.62441 ] ] ], [ [ [ 6.49374, 45.35415 ], [ 6.49374, 45.26407 ], [ 6.58382, 45.26407 ], [ 6.58382, 45.35415 ], [ 6.49374, 45.35415 ] ] ], [ [ [ 6.76399, 45.35415 ], [ 6.76399, 45.26407 ], [ 6.85408, 45.26407 ], [ 6.85408, 45.35415 ], [ 6.76399, 45.35415 ] ] ], [ [ [ 6.04331, 45.17398 ], [ 6.04331, 45.0839 ], [ 6.1334, 45.0839 ], [ 6.1334, 45.17398 ], [ 6.04331, 45.17398 ] ] ] ] } },
{ "type": "Feature", "properties": { "date_envol": "10/07/2026", "date_iso": "2026-07-10", "semaine": 28, "date_calcul": "2026-07-22", "annee": 2026, "espece": "Pityogenes chalcographus", "modele": "CHAPY", "seuil_vol": 15.6 }, "geometry": { "type": "MultiPolygon", "coordinates": [ [ [ [ 7.48468, 46.16492 ], [ 7.48468, 46.07483 ], [ 7.57476, 46.07483 ], [ 7.57476, 46.16492 ], [ 7.48468, 46.16492 ] ] ] ] } },
{ "type": "Feature", "properties": { "date_envol": "13/07/2026", "date_iso": "2026-07-13", "semaine": 29, "date_calcul": "2026-07-22", "annee": 2026, "espece": "Pityogenes chalcographus", "modele": "CHAPY", "seuil_vol": 15.6 }, "geometry": { "type": "MultiPolygon", "coordinates": [ [ [ [ 6.76399, 45.44424 ], [ 6.76399, 45.35415 ], [ 6.85408, 45.35415 ], [ 6.85408, 45.44424 ], [ 6.76399, 45.44424 ] ] ], [ [ [ 6.67391, 45.35415 ], [ 6.67391, 45.26407 ], [ 6.76399, 45.26407 ], [ 6.76399, 45.35415 ], [ 6.67391, 45.35415 ] ] ], [ [ [ 6.94417, 45.35415 ], [ 6.94417, 45.26407 ], [ 7.12434, 45.26407 ], [ 7.12434, 45.35415 ], [ 6.94417, 45.35415 ] ] ], [ [ [ 6.76399, 45.17398 ], [ 6.76399, 45.0839 ], [ 6.85408, 45.0839 ], [ 6.85408, 45.17398 ], [ 6.76399, 45.17398 ] ] ], [ [ [ 6.22348, 44.99381 ], [ 6.22348, 44.90373 ], [ 6.31357, 44.90373 ], [ 6.31357, 44.99381 ], [ 6.22348, 44.99381 ] ] ], [ [ [ 6.1334, 44.90373 ], [ 6.1334, 44.81364 ], [ 6.22348, 44.81364 ], [ 6.22348, 44.90373 ], [ 6.1334, 44.90373 ] ] ], [ [ [ 6.85408, 44.63347 ], [ 6.85408, 44.54339 ], [ 6.94417, 44.54339 ], [ 6.94417, 44.63347 ], [ 6.85408, 44.63347 ] ] ] ] } },
{ "type": "Feature", "properties": { "date_envol": "14/07/2026", "date_iso": "2026-07-14", "semaine": 29, "date_calcul": "2026-07-22", "annee": 2026, "espece": "Pityogenes chalcographus", "modele": "CHAPY", "seuil_vol": 15.6 }, "geometry": { "type": "MultiPolygon", "coordinates": [ [ [ [ 7.03425, 45.53432 ], [ 7.03425, 45.35415 ], [ 7.12434, 45.35415 ], [ 7.12434, 45.53432 ], [ 7.03425, 45.53432 ] ] ] ] } }
]
}
