{
"type": "FeatureCollection",
"name": "mono_bivoltB_gen2_20260916_WGS84",
"crs": { "type": "name", "properties": { "name": "urn:ogc:def:crs:OGC:1.3:CRS84" } },
"features": [
{ "type": "Feature", "properties": { "statut_gen2": 0, "label": "Inactif (gen1 non atteinte)", "couleur": "#E8E8E8", "date_mise_a_jour": "2026-09-16" }, "geometry": { "type": "MultiPolygon", "coordinates": [ [ [ [ 9.121114851759446, 47.076308654085302 ], [ 9.112960968204861, 47.00449849259801 ], [ 9.217925356423546, 46.998880279343034 ], [ 9.209654631527689, 46.927075208371804 ], [ 9.104828735942633, 46.932686088789822 ], [ 9.096718069021771, 46.860871558099078 ], [ 8.992008823585467, 46.86637988537705 ], [ 9.007974928769896, 47.010021227575699 ], [ 8.902967602711316, 47.015448455449082 ], [ 8.887278460131768, 46.871792953125514 ], [ 8.782527340855159, 46.877110733165175 ], [ 8.774851964262325, 46.805272996636013 ], [ 8.670218552125311, 46.810488643784055 ], [ 8.662701226677678, 46.738642233588315 ], [ 8.55818568146038, 46.743755977783458 ], [ 8.572964285782724, 46.887460319847527 ], [ 8.468153076525352, 46.892492072579628 ], [ 8.460892237680271, 46.820634254912619 ], [ 8.251489018779337, 46.830398780021945 ], [ 8.223736908062852, 46.542899397283236 ], [ 8.327897930278361, 46.53808998073967 ], [ 8.320868999394751, 46.46621772476125 ], [ 8.424874920827866, 46.461319904963787 ], [ 8.432040385694748, 46.533185761055854 ], [ 8.84841740048658, 46.512621365703829 ], [ 8.856148590953849, 46.584458975680896 ], [ 8.96032936429668, 46.579074106262937 ], [ 8.944614682501296, 46.435411508030185 ], [ 9.360037416880527, 46.412983259875482 ], [ 9.35166870083094, 46.341179176153801 ], [ 9.455334806178968, 46.335343643415825 ], [ 9.489485835429489, 46.622520865001007 ], [ 9.385276116039263, 46.628386927025574 ], [ 9.376841037313314, 46.556587249929038 ], [ 9.272745543542833, 46.562351013138539 ], [ 9.28936459771108, 46.705963731715244 ], [ 9.184973677996627, 46.711647631991958 ], [ 9.176790145689399, 46.639834702675742 ], [ 9.072514607581205, 46.645416357018526 ], [ 9.08056108966441, 46.717236577124844 ], [ 8.871672341570196, 46.728129486461519 ], [ 8.879465064015635, 46.79996215776962 ], [ 9.193178878996912, 46.783458769436365 ], [ 9.201405834689329, 46.85526799995958 ], [ 9.410715481972316, 46.843775308208002 ], [ 9.427787723130928, 46.987357535762442 ], [ 9.322867729289712, 46.993166617128473 ], [ 9.331299238550855, 47.06496196787397 ], [ 9.121114851759446, 47.076308654085302 ] ], [ [ 8.45365062511731, 46.748774600153183 ], [ 8.55818568146038, 46.743755977783458 ], [ 8.550825684869521, 46.67190115180393 ], [ 8.446428162693643, 46.676913223144631 ], [ 8.45365062511731, 46.748774600153183 ] ], [ [ 8.767196900124128, 46.733433394130785 ], [ 8.871672341570196, 46.728129486461519 ], [ 8.863900211003541, 46.65629505415928 ], [ 8.759562068056786, 46.661592040578192 ], [ 8.767196900124128, 46.733433394130785 ] ] ], [ [ [ 8.216844584327125, 46.471020864520355 ], [ 8.203114277847245, 46.32726017460449 ], [ 8.306866545941016, 46.322469561529701 ], [ 8.320868999394751, 46.46621772476125 ], [ 8.216844584327125, 46.471020864520355 ] ] ], [ [ [ 7.924161643520372, 46.700547711624033 ], [ 7.91114601877671, 46.55675858159011 ], [ 7.806914309383914, 46.561188541519471 ], [ 7.813276275776126, 46.633089622913282 ], [ 7.708890479947897, 46.637430328509957 ], [ 7.696457585693152, 46.493615510899922 ], [ 7.488185827271894, 46.50198977770966 ], [ 7.482267318597382, 46.430069571652403 ], [ 7.274206652394446, 46.438053938198834 ], [ 7.268576626595906, 46.366122232184303 ], [ 7.164660373791471, 46.369967223547384 ], [ 7.159181332957599, 46.29802955130036 ], [ 7.366726724839946, 46.290255073481688 ], [ 7.372478081508556, 46.362182581319033 ], [ 7.891750919410554, 46.341065163254449 ], [ 7.898198930822596, 46.412964113644719 ], [ 8.106064167894695, 46.403843375678377 ], [ 8.133122590741143, 46.691379189501987 ], [ 7.924161643520372, 46.700547711624033 ] ] ], [ [ [ 7.055386882960354, 46.301774965959432 ], [ 7.050058114461182, 46.229831578491037 ], [ 7.153716676387879, 46.226091054189141 ], [ 7.159181332957599, 46.29802955130036 ], [ 7.055386882960354, 46.301774965959432 ] ] ], [ [ [ 6.276688059796779, 45.461634932207325 ], [ 6.272446866764866, 45.389660273504852 ], [ 6.37458824138684, 45.386629177263707 ], [ 6.37896149457227, 45.458599876517361 ], [ 6.276688059796779, 45.461634932207325 ] ] ], [ [ [ 6.410511107585307, 44.304149092441619 ], [ 6.406186780209438, 44.232206599451565 ], [ 6.506238986814385, 44.229055782008487 ], [ 6.510690005605744, 44.300994165275362 ], [ 6.410511107585307, 44.304149092441619 ] ] ], [ [ [ 7.995556110557489, 46.336557999431356 ], [ 7.988989281152621, 46.264663938439028 ], [ 7.885319840425729, 46.269165220465531 ], [ 7.878905627343933, 46.19726439901239 ], [ 7.775354784181552, 46.20166552293238 ], [ 7.78163353385374, 46.27357209513022 ], [ 7.574211737647158, 46.282102532071953 ], [ 7.56820410782757, 46.210184826656374 ], [ 7.360990463070037, 46.218326726275187 ], [ 7.355269236910351, 46.146397653179385 ], [ 7.148266347563657, 46.154151845651505 ], [ 7.142830290261704, 46.08221203898519 ], [ 7.246203922260007, 46.078387087128711 ], [ 7.240647307120359, 46.00645178755731 ], [ 7.137408448552316, 46.010271747347574 ], [ 7.132000766797378, 45.938331083755529 ], [ 7.028882227132695, 45.942052116140502 ], [ 7.034155430078103, 46.013997642325144 ], [ 6.930888601955071, 46.01762945338568 ], [ 6.941206372617049, 46.161528798164397 ], [ 6.734092137179768, 46.168528358974818 ], [ 6.729197124481813, 46.096569783497102 ], [ 6.832625507782545, 46.093121694157858 ], [ 6.827608314723214, 46.021167161904145 ], [ 6.621008766463856, 46.027960199213268 ], [ 6.616274005023085, 45.955996447583196 ], [ 6.822604230001878, 45.949212277912345 ], [ 6.817613202353686, 45.877257155000386 ], [ 6.714588730488791, 45.880691758977868 ], [ 6.709744647522652, 45.808732027440918 ], [ 6.606841505977632, 45.812068377938914 ], [ 6.597458051426908, 45.66814030335118 ], [ 6.494809679693094, 45.671374407991948 ], [ 6.490269222305163, 45.599406429747248 ], [ 6.695287852353943, 45.592853237985338 ], [ 6.700094257453894, 45.664812654638972 ], [ 6.802717953190539, 45.661391478808341 ], [ 6.79285214451694, 45.51748189538997 ], [ 6.588123260113775, 45.524213122124657 ], [ 6.583473995106855, 45.452250146621921 ], [ 6.685712378929922, 45.448935504637177 ], [ 6.680943214121934, 45.376977411701667 ], [ 6.37458824138684, 45.386629177263707 ], [ 6.365875587564789, 45.242689937566062 ], [ 6.773273193799761, 45.229668842393096 ], [ 6.76840997515753, 45.157717504134595 ], [ 6.158030809712513, 45.176667379989119 ], [ 6.166196061697462, 45.320620460915258 ], [ 6.064164913495645, 45.323461619933681 ], [ 6.060208483730178, 45.251480915215915 ], [ 5.958298601315739, 45.254225475709703 ], [ 5.954483536376815, 45.182242112284918 ], [ 6.056262252726238, 45.179501131819634 ], [ 6.04840022974646, 45.035544773415083 ], [ 6.149907541588034, 45.032718408073002 ], [ 6.145861550467172, 44.960745740435385 ], [ 5.94309712634818, 44.966298690624207 ], [ 5.939321125683132, 44.894320142410912 ], [ 6.040578532057795, 44.891593432131216 ], [ 6.036682708416411, 44.819619919595695 ], [ 6.137800653904452, 44.816804595424657 ], [ 6.133785668994927, 44.744836339067533 ], [ 6.234764231393206, 44.741932650083044 ], [ 6.226507801064892, 44.598008885556204 ], [ 6.427918707251834, 44.59194130792973 ], [ 6.445504805560746, 44.879763843268783 ], [ 6.546708880556372, 44.87657583334687 ], [ 6.551263238892666, 44.948531217314667 ], [ 6.652585231626304, 44.9452467123186 ], [ 6.643229351070682, 44.80134594937266 ], [ 6.542166181009716, 44.804621897721979 ], [ 6.537635095571541, 44.732669520936163 ], [ 6.739491704010383, 44.726034205370887 ], [ 6.734715055018665, 44.654092144342854 ], [ 6.633921243373046, 44.657451397913391 ], [ 6.629284990226791, 44.585506727317508 ], [ 6.528607589433906, 44.588769885139463 ], [ 6.519626009225608, 44.444877807013555 ], [ 6.720457992131452, 44.438277006078692 ], [ 6.71101355842297, 44.294410550335883 ], [ 6.610857596022164, 44.29774797920259 ], [ 6.60627992871326, 44.225813824283975 ], [ 6.806326741804388, 44.219056552720474 ], [ 6.811157572620612, 44.290981895238374 ], [ 6.911289318657671, 44.287462030923479 ], [ 6.90633197526507, 44.215541272369471 ], [ 7.006324668568627, 44.211934918712444 ], [ 7.016505192459361, 44.355769328505382 ], [ 6.916259249972441, 44.359385093452659 ], [ 6.936265817463797, 44.647098190363515 ], [ 7.137765259478115, 44.639737091148248 ], [ 7.143055604348019, 44.711660425229553 ], [ 7.042184111671066, 44.715391719818655 ], [ 7.052547771735564, 44.859252913154805 ], [ 6.85024983205005, 44.86645858721328 ], [ 6.855192780064873, 44.93840076717018 ], [ 6.753895189128037, 44.941869889949075 ], [ 6.758721020873319, 45.013817916876398 ], [ 6.657281201723473, 45.017199146727414 ], [ 6.661989253504979, 45.08915280207178 ], [ 6.865116818133611, 45.08228897418779 ], [ 6.870098006342197, 45.15423477943029 ], [ 7.073435198258428, 45.14699141644639 ], [ 7.078690711100815, 45.218928752930331 ], [ 7.180469864657511, 45.215163242792137 ], [ 7.196712016853397, 45.430965211078153 ], [ 7.094538860003113, 45.434745487639873 ], [ 7.099848955844022, 45.506685602313411 ], [ 6.997530009244004, 45.510377603173573 ], [ 7.007926436730864, 45.654268615972917 ], [ 6.905328794306381, 45.657876793286178 ], [ 6.910414151383819, 45.729827365882223 ], [ 6.807670114549416, 45.733346642983172 ], [ 6.812635180780552, 45.805301905845361 ], [ 7.224064294712321, 45.790644066061432 ], [ 7.229577549904997, 45.862580164198064 ], [ 7.435474733178733, 45.854678788198562 ], [ 7.441270364297078, 45.926604410664936 ], [ 7.853416115681111, 45.909654596316351 ], [ 7.85976352347495, 45.98155779789991 ], [ 7.962893480713423, 45.977079959532112 ], [ 7.982439670837447, 46.19276899040554 ], [ 8.085956562847622, 46.188179320226091 ], [ 8.099344014771916, 46.331956328640217 ], [ 7.995556110557489, 46.336557999431356 ] ] ], [ [ [ 6.806326741804388, 44.219056552720474 ], [ 6.801508132667688, 44.147133629855546 ], [ 6.901387172069719, 44.143622927180104 ], [ 6.90633197526507, 44.215541272369471 ], [ 6.806326741804388, 44.219056552720474 ] ] ], [ [ [ 7.106304503439086, 44.208237509615238 ], [ 7.101107455775119, 44.136328674591319 ], [ 7.300775233387464, 44.128670746712231 ], [ 7.30622432601665, 44.200569598804314 ], [ 7.106304503439086, 44.208237509615238 ] ] ], [ [ [ 7.605999679245372, 44.188385289187529 ], [ 7.600172914107072, 44.116502297050914 ], [ 7.699943148059523, 44.112264478162992 ], [ 7.705895693960318, 44.184141947709321 ], [ 7.605999679245372, 44.188385289187529 ] ] ], [ [ [ 7.300775233387464, 44.128670746712231 ], [ 7.295339900296319, 44.056774390536425 ], [ 7.494701436134759, 44.048763379847045 ], [ 7.500387973286099, 44.1206492950284 ], [ 7.300775233387464, 44.128670746712231 ] ] ], [ [ [ -0.428006379703314, 42.934686919965323 ], [ -0.419528701354291, 42.790944316151922 ], [ -0.224350766504818, 42.796995077315941 ], [ -0.220368117338035, 42.725122738054381 ], [ -0.122884518121285, 42.728011116733896 ], [ -0.130618771823413, 42.871767930524918 ], [ -0.326057880363264, 42.865887163091543 ], [ -0.330181141562829, 42.937764713145448 ], [ -0.428006379703314, 42.934686919965323 ] ] ], [ [ [ 0.061219118394101, 42.949185271586458 ], [ 0.072110960170295, 42.73352167375954 ], [ 0.169622247299005, 42.736143825512883 ], [ 0.159092514756409, 42.951817688479387 ], [ 0.061219118394101, 42.949185271586458 ] ] ], [ [ [ 0.84976893109268, 42.823920107485407 ], [ 0.852426487935529, 42.752012723565585 ], [ 0.949998564962769, 42.753924411330715 ], [ 0.947461639273887, 42.825834287315992 ], [ 0.84976893109268, 42.823920107485407 ] ] ], [ [ [ -0.122884518121285, 42.728011116733896 ], [ -0.119031696861628, 42.656139728341586 ], [ 0.075723663166704, 42.661643114289163 ], [ 0.072110960170295, 42.73352167375954 ], [ -0.122884518121285, 42.728011116733896 ] ] ], [ [ [ 0.267142171509942, 42.73867720907613 ], [ 0.270514624255209, 42.666791939896648 ], [ 0.562762651078999, 42.673850162351215 ], [ 0.559750802094372, 42.745744630472565 ], [ 0.267142171509942, 42.73867720907613 ] ] ], [ [ [ 1.145161207830164, 42.757481215916265 ], [ 1.147451135414039, 42.685571468935954 ], [ 1.342395626688406, 42.688768620959166 ], [ 1.340346518925511, 42.760682536016013 ], [ 1.145161207830164, 42.757481215916265 ] ] ], [ [ [ 0.949998564962769, 42.753924411330715 ], [ 0.95252922854581, 42.682019294985977 ], [ 0.66019390055191, 42.676025519775351 ], [ 0.663078364453017, 42.604133071321577 ], [ 0.85772194755252, 42.608212330484449 ], [ 0.860359898705984, 42.536319532899213 ], [ 0.957571861889044, 42.538223764490276 ], [ 0.955053653175171, 42.610119044138109 ], [ 1.052391574694431, 42.611937134782536 ], [ 1.047576904076738, 42.755747245049427 ], [ 0.949998564962769, 42.753924411330715 ] ] ], [ [ [ 1.829840086101922, 42.69520789197248 ], [ 1.832722892717333, 42.551378042149238 ], [ 1.929983536230008, 42.552396854391219 ], [ 1.928663833197799, 42.624310610517348 ], [ 2.026047658521584, 42.625242059662042 ], [ 2.024844927180042, 42.697162026233379 ], [ 1.829840086101922, 42.69520789197248 ] ] ], [ [ [ 1.342395626688406, 42.688768620959166 ], [ 1.344439681528623, 42.616859583190596 ], [ 1.636533095999216, 42.620984134741761 ], [ 1.638212526664689, 42.549074709881204 ], [ 1.540963393811237, 42.547790200944441 ], [ 1.542758278073729, 42.475887544127154 ], [ 1.834158976401816, 42.479470714015463 ], [ 1.832722892717333, 42.551378042149238 ], [ 1.735465791236169, 42.550270658868712 ], [ 1.732342869500341, 42.694097619236054 ], [ 1.342395626688406, 42.688768620959166 ] ] ], [ [ [ 2.028444243045441, 42.481417224799365 ], [ 2.029638118045012, 42.409512567323226 ], [ 2.320729243948792, 42.411765898404873 ], [ 2.319893467002652, 42.483673493659957 ], [ 2.028444243045441, 42.481417224799365 ] ] ] ] } },
{ "type": "Feature", "properties": { "statut_gen2": 1, "label": "Gen2 en cours", "couleur": "#FDE725FF", "date_mise_a_jour": "2026-09-16" }, "geometry": { "type": "MultiPolygon", "coordinates": [ [ [ [ 6.096274538721993, 49.573713751548546 ], [ 6.091946706346445, 49.501872718471404 ], [ 6.202254422945389, 49.499007886349212 ], [ 6.206736320695256, 49.570845142172303 ], [ 6.096274538721993, 49.573713751548546 ] ] ], [ [ [ 2.233080704180994, 49.107371304295405 ], [ 2.234143291913451, 49.035443469358768 ], [ 2.343545931986633, 49.036091313313349 ], [ 2.342635119739244, 49.108020001867033 ], [ 2.233080704180994, 49.107371304295405 ] ] ], [ [ [ -1.917153143129824, 48.937060398414829 ], [ -1.910366831792648, 48.865256893381712 ], [ -1.801519395883356, 48.869678495136526 ], [ -1.80815602837857, 48.94148781257033 ], [ -1.917153143129824, 48.937060398414829 ] ] ], [ [ [ -5.013125714227224, 48.407714900138863 ], [ -5.002189448415036, 48.336110278542584 ], [ -4.894775836238065, 48.343343277756382 ], [ -4.905567283699932, 48.414957363566295 ], [ -5.013125714227224, 48.407714900138863 ] ] ], [ [ [ -1.080435903407822, 48.031675320718428 ], [ -1.074899431991923, 47.959778246205708 ], [ -0.967848090598469, 47.963443178140864 ], [ -0.973239611505957, 48.035345061732492 ], [ -1.080435903407822, 48.031675320718428 ] ] ], [ [ [ 5.880946593010494, 47.706922705376577 ], [ 5.877060552874388, 47.634963972315944 ], [ 5.983518771074577, 47.632292375006664 ], [ 5.987548334658098, 47.704247603015332 ], [ 5.880946593010494, 47.706922705376577 ] ] ], [ [ [ -3.259610976095198, 47.357869526257609 ], [ -3.251229291004264, 47.286076877327886 ], [ -3.145707276551864, 47.291724528147803 ], [ -3.153948633959956, 47.363524563182807 ], [ -3.259610976095198, 47.357869526257609 ] ] ], [ [ [ 4.383854516577436, 47.590175897511742 ], [ 4.381991625854619, 47.518176058810738 ], [ 4.169411441575789, 47.52050278562357 ], [ 4.167839250589942, 47.448497372580334 ], [ 4.273988799376029, 47.447383931365906 ], [ 4.272278358135146, 47.375377571576223 ], [ 4.37828084898667, 47.374168920653005 ], [ 4.376432922615031, 47.302161851523493 ], [ 4.482288394003885, 47.300858248318605 ], [ 4.490280489776183, 47.588865439534025 ], [ 4.383854516577436, 47.590175897511742 ] ] ], [ [ [ 4.166271281020489, 47.376489553915881 ], [ 4.164707515889367, 47.304479444713657 ], [ 4.27057250317392, 47.303368919109815 ], [ 4.272278358135146, 47.375377571576223 ], [ 4.166271281020489, 47.376489553915881 ] ] ], [ [ [ 4.27057250317392, 47.303368919109815 ], [ 4.267174478509744, 47.159345195840757 ], [ 4.16159253148383, 47.16045281436368 ], [ 4.163147938309426, 47.232467159923971 ], [ 4.057420489806907, 47.233479809519004 ], [ 4.053189626624331, 47.017427076235791 ], [ 3.947881343353406, 47.018339704440947 ], [ 3.946618803636069, 46.946317348960712 ], [ 4.156951168906725, 46.944398559220062 ], [ 4.160041278705446, 47.088436522715924 ], [ 4.37091875264588, 47.086128023098503 ], [ 4.376432922615031, 47.302161851523493 ], [ 4.27057250317392, 47.303368919109815 ] ] ], [ [ [ 8.45365062511731, 46.748774600153183 ], [ 8.446428162693643, 46.676913223144631 ], [ 8.550825684869521, 46.67190115180393 ], [ 8.55818568146038, 46.743755977783458 ], [ 8.45365062511731, 46.748774600153183 ] ] ], [ [ [ 8.767196900124128, 46.733433394130785 ], [ 8.759562068056786, 46.661592040578192 ], [ 8.863900211003541, 46.65629505415928 ], [ 8.871672341570196, 46.728129486461519 ], [ 8.767196900124128, 46.733433394130785 ] ] ], [ [ [ 8.856148590953849, 46.584458975680896 ], [ 8.84841740048658, 46.512621365703829 ], [ 8.952461671260179, 46.507243520643037 ], [ 8.96032936429668, 46.579074106262937 ], [ 8.856148590953849, 46.584458975680896 ] ] ], [ [ [ 8.223736908062852, 46.542899397283236 ], [ 8.216844584327125, 46.471020864520355 ], [ 8.320868999394751, 46.46621772476125 ], [ 8.327897930278361, 46.53808998073967 ], [ 8.223736908062852, 46.542899397283236 ] ] ], [ [ [ 9.256213903107252, 46.418732003338555 ], [ 9.247980648250007, 46.34692042578444 ], [ 9.35166870083094, 46.341179176153801 ], [ 9.360037416880527, 46.412983259875482 ], [ 9.256213903107252, 46.418732003338555 ] ] ], [ [ [ 5.405685949974654, 46.636838683895952 ], [ 5.402504534380942, 46.564837428549687 ], [ 5.298108129999426, 46.566981227726146 ], [ 5.289026225067711, 46.350963098034242 ], [ 5.393010560106585, 46.348827695825399 ], [ 5.371147001972597, 45.844784711573212 ], [ 5.474174289794648, 45.842574807239245 ], [ 5.510212002634312, 46.634596762353695 ], [ 5.405685949974654, 46.636838683895952 ] ] ], [ [ [ 4.439820051876669, 45.716390345688225 ], [ 4.43794741140982, 45.644363602317597 ], [ 4.540632744895133, 45.643004983800104 ], [ 4.542639046835443, 45.715029950513177 ], [ 4.439820051876669, 45.716390345688225 ] ] ], [ [ [ 6.870098006342197, 45.15423477943029 ], [ 6.865116818133611, 45.08228897418779 ], [ 6.966661573551828, 45.07871826637512 ], [ 6.971773192262249, 45.1506594108575 ], [ 6.870098006342197, 45.15423477943029 ] ] ], [ [ [ 1.881772380519321, 45.071651589059215 ], [ 1.883210050883748, 44.999628135902839 ], [ 2.08624262813279, 45.001480362364426 ], [ 2.085066274496829, 45.073506235716359 ], [ 1.881772380519321, 45.071651589059215 ] ] ], [ [ [ 6.811157572620612, 44.290981895238374 ], [ 6.806326741804388, 44.219056552720474 ], [ 6.90633197526507, 44.215541272369471 ], [ 6.911289318657671, 44.287462030923479 ], [ 6.811157572620612, 44.290981895238374 ] ] ], [ [ [ 1.853735777209408, 46.440221180075149 ], [ 1.855246389094141, 46.368191705484925 ], [ 1.959302245816084, 46.369188566784651 ], [ 1.960671964676215, 46.297157095322881 ], [ 1.856753024957192, 46.296161537407805 ], [ 1.858255700474529, 46.224130788898293 ], [ 1.754477262727371, 46.223041862012707 ], [ 1.756112176860715, 46.151012069363347 ], [ 1.652474208570833, 46.149830024687084 ], [ 1.656002459327435, 46.005772569264444 ], [ 1.552640361504487, 46.004499323896333 ], [ 1.556419998162656, 45.86044465798274 ], [ 1.762609140227426, 45.862890456836929 ], [ 1.764222791276368, 45.79086000541335 ], [ 1.867189453871666, 45.791940422421341 ], [ 1.868664839051039, 45.719908764804067 ], [ 1.663003826366492, 45.717656950693559 ], [ 1.669932633014909, 45.4295463669241 ], [ 1.772228330856681, 45.430713061269756 ], [ 1.773817009232983, 45.358685516718715 ], [ 1.875984495039574, 45.359757495990607 ], [ 1.877437075856512, 45.287729426740214 ], [ 1.979476319081241, 45.288706930897916 ], [ 1.982107255012566, 45.144651316468867 ], [ 2.287454949645688, 45.147019133847188 ], [ 2.289287288950058, 45.002962188316289 ], [ 2.390813311902482, 45.003564191480407 ], [ 2.392375865274778, 44.859511422953538 ], [ 2.493643500523294, 44.860019486894529 ], [ 2.492993260877828, 44.932045760811498 ], [ 2.594392602053813, 44.932461996071382 ], [ 2.596465424525732, 44.644365129067488 ], [ 2.6973479156855, 44.64468718362842 ], [ 2.697734094764459, 44.572667247014131 ], [ 2.89924426080005, 44.573034831580941 ], [ 2.899372660744798, 44.501016515706198 ], [ 3.100627339255202, 44.501016515706198 ], [ 3.100499266151463, 44.429000410153883 ], [ 2.899500733848538, 44.429000410153883 ], [ 2.899628481357638, 44.356986624271414 ], [ 2.698886741480826, 44.35662047599191 ], [ 2.699269006009391, 44.284609596421753 ], [ 2.599026849209119, 44.284289636425136 ], [ 2.600042337417628, 44.140276431790866 ], [ 2.900009782686104, 44.140960275932592 ], [ 2.899883004545794, 44.212966448177788 ], [ 3.0, 44.213012097604725 ], [ 3.0, 44.285020976285928 ], [ 3.200487867855916, 44.284838140412184 ], [ 3.19998011395677, 44.140823506426436 ], [ 3.099990217313897, 44.140960275932592 ], [ 3.099863759845639, 44.068956859288605 ], [ 3.0, 44.069002389764862 ], [ 3.0, 43.997001777985979 ], [ 2.900262378165689, 43.996956306862558 ], [ 2.900388197929078, 43.924958727124171 ], [ 3.0, 43.925004138976121 ], [ 3.0, 43.8530095810574 ], [ 3.397942038974445, 43.8522839429424 ], [ 3.398444037879694, 43.92427755382802 ], [ 3.298834138042693, 43.924595433653487 ], [ 3.299211592521332, 43.99659253922372 ], [ 3.49868174436103, 43.995865011137909 ], [ 3.499312410238795, 44.06786413912539 ], [ 3.599171378460408, 44.067363316280165 ], [ 3.600690706842121, 44.211368742020802 ], [ 3.700800942992466, 44.210775320084821 ], [ 3.701690574493263, 44.282781278568208 ], [ 3.80192562341389, 44.282095674987922 ], [ 3.802944905025361, 44.354103272328167 ], [ 3.903304748260436, 44.353325250787087 ], [ 3.906762284639243, 44.569359096098339 ], [ 4.007503261783681, 44.568486144901854 ], [ 4.008790334442607, 44.640500620949069 ], [ 4.109656690523646, 44.639534536208892 ], [ 4.11249903175492, 44.783566802045428 ], [ 4.415849795767935, 44.780107619372416 ], [ 4.419485451181491, 44.924137887544248 ], [ 4.318113191791996, 44.92538642375046 ], [ 4.319807759512692, 44.997405546244728 ], [ 4.421310288929258, 44.996155378916434 ], [ 4.424974074838002, 45.140194524218991 ], [ 4.526733417210375, 45.138848272387484 ], [ 4.532659447042186, 45.354910451302068 ], [ 4.634808459827795, 45.353465741564172 ], [ 4.639049633628375, 45.497507938325121 ], [ 4.43421670437837, 45.500311500242283 ], [ 4.432358600059555, 45.42828636476068 ], [ 4.227771669143319, 45.430713061269756 ], [ 4.229364469203071, 45.502741369237405 ], [ 4.024495683195036, 45.504797495889449 ], [ 4.027160905667602, 45.648861337040387 ], [ 3.924454722109864, 45.649751557215097 ], [ 3.930506624661872, 46.009922610299803 ], [ 3.827125035009592, 46.010724358806982 ], [ 3.829296658112724, 46.154794782826031 ], [ 3.621982498406953, 46.156118793922388 ], [ 3.620353702688027, 46.012044911198068 ], [ 3.516964668761444, 46.012563708298778 ], [ 3.514941912921353, 45.796450217806708 ], [ 3.617926441277621, 45.795933451696051 ], [ 3.61712156951674, 45.723896578031997 ], [ 3.205710912766313, 45.725397947191944 ], [ 3.205443305662448, 45.653359438823884 ], [ 3.308164089309546, 45.653125153627322 ], [ 3.306966109354879, 45.437013637396817 ], [ 3.102322494632571, 45.43738702747045 ], [ 3.102721826669462, 45.653500010419862 ], [ 3.0, 45.653546867698175 ], [ 3.0, 45.14929419140163 ], [ 2.898205143280459, 45.149247760717515 ], [ 2.89606125409213, 46.301850682264131 ], [ 2.792122868364172, 46.301708446477988 ], [ 2.792396137407744, 46.229670446028273 ], [ 2.584795144861496, 46.229102250417512 ], [ 2.585340236624403, 46.157064535622681 ], [ 2.481677975807155, 46.156638949847746 ], [ 2.480996621686419, 46.228676107556957 ], [ 2.37719989216921, 46.228155270761484 ], [ 2.375558207866553, 46.372226731609828 ], [ 2.167424442441996, 46.370897513867398 ], [ 2.166325706696679, 46.442930531415108 ], [ 1.853735777209408, 46.440221180075149 ] ], [ [ 2.28376178039621, 45.435146724959928 ], [ 2.386077059127218, 45.435753464567753 ], [ 2.387663971629113, 45.291686098068354 ], [ 2.285613138007606, 45.291080941710277 ], [ 2.28376178039621, 45.435146724959928 ] ], [ [ 2.183564690859499, 45.290382692626338 ], [ 2.285613138007606, 45.291080941710277 ], [ 2.286535232453016, 45.219049485367968 ], [ 2.184618486713158, 45.2183521477507 ], [ 2.183564690859499, 45.290382692626338 ] ] ], [ [ [ 2.54337767645685, 51.19229601135951 ], [ 2.544036852395902, 51.120561695273537 ], [ 2.088104110060261, 51.118076229743899 ], [ 2.08941852985192, 51.046336773950159 ], [ 1.747999903801376, 51.043389342115063 ], [ 1.749801815431142, 50.971645473509881 ], [ 1.636169095629297, 50.970457779480675 ], [ 1.638129074522129, 50.898707281850108 ], [ 1.524665225573346, 50.897418048883807 ], [ 1.541433668040712, 50.32314682074302 ], [ 1.42926479656338, 50.321769145386128 ], [ 1.435930935651433, 50.106302093861999 ], [ 1.21256405072432, 50.103252829369588 ], [ 1.215088881724739, 50.031420818393897 ], [ 1.10357356894796, 50.029746009016392 ], [ 1.106248459282257, 49.957909558882541 ], [ 0.660895688546283, 49.950206127326062 ], [ 0.664189663562354, 49.878373305016957 ], [ 0.441880397368682, 49.873919802830208 ], [ 0.445477313687881, 49.802086423445679 ], [ 0.112558540715218, 49.794657669051517 ], [ 0.12065415702136, 49.65099164115216 ], [ 0.010013957483752, 49.648320548392839 ], [ 0.026685626800661, 49.360930350198288 ], [ -0.413292202223441, 49.349301005327177 ], [ -0.418055407158032, 49.421141962187143 ], [ -1.078533628094329, 49.400669431212243 ], [ -1.084230087720099, 49.472477645708892 ], [ -1.194409881328444, 49.468710192261177 ], [ -1.217972278181537, 49.755862684843464 ], [ -1.55026025015923, 49.743896372282101 ], [ -1.543880869688115, 49.672133323013085 ], [ -1.654453740657732, 49.667948725854735 ], [ -1.660987647149734, 49.739706259780235 ], [ -1.88238696394986, 49.731024160935029 ], [ -1.889248899718237, 49.802763805067187 ], [ -2.00007467852647, 49.798265946857939 ], [ -1.986061006906868, 49.654792026057869 ], [ -1.875544237840183, 49.659278053374692 ], [ -1.868720640939528, 49.587525602325094 ], [ -1.97908354788696, 49.583045476787028 ], [ -1.972125564211458, 49.511292694767413 ], [ -1.861916093246246, 49.515766927597866 ], [ -1.848363827696742, 49.37223138571909 ], [ -1.738441145531495, 49.376593932709874 ], [ -1.725268200947069, 49.233023469638376 ], [ -1.615631353989436, 49.237274865595907 ], [ -1.564863402635403, 48.662733346083357 ], [ -1.781718836683604, 48.654220820564646 ], [ -1.788300875102723, 48.726044880804693 ], [ -2.005380953362786, 48.717126140694802 ], [ -1.998502077105267, 48.645313781724539 ], [ -2.215209893749081, 48.636012422386862 ], [ -2.222385296862581, 48.707812564499953 ], [ -2.547742731543084, 48.693102326408912 ], [ -2.540123149959309, 48.621321475034236 ], [ -2.75662832051345, 48.611035213454123 ], [ -2.764543594134055, 48.682802561589661 ], [ -2.872911589744885, 48.677504880171945 ], [ -2.897233872041636, 48.892756267058331 ], [ -3.658277855893918, 48.852759258024264 ], [ -3.639963975736537, 48.709368168806471 ], [ -3.748290835136779, 48.703275396831025 ], [ -3.757582932131578, 48.774965553403412 ], [ -4.191221703613164, 48.749577813870509 ], [ -4.18133971968386, 48.677920903506958 ], [ -4.613955862239758, 48.650994623805495 ], [ -4.603514397775553, 48.579367797263892 ], [ -4.819359714821564, 48.565334337995054 ], [ -4.776715328656294, 48.278850626489898 ], [ -4.669388124872516, 48.285879444763886 ], [ -4.658943657401163, 48.214237446186104 ], [ -4.551732418229827, 48.221159783699676 ], [ -4.541460285861752, 48.149504236248028 ], [ -4.434365239734261, 48.156320321208511 ], [ -4.424264674945517, 48.084651495630496 ], [ -4.745035067323593, 48.063938752292138 ], [ -4.734532077747205, 47.992292742582649 ], [ -4.627779715519122, 47.99928490310478 ], [ -4.617447841569438, 47.927625600521807 ], [ -4.404145419123339, 47.94130124129321 ], [ -4.374169572165231, 47.726246120488945 ], [ -4.055295566280963, 47.745955558778192 ], [ -4.064834393063702, 47.817670181240679 ], [ -3.851838169159389, 47.830343443077425 ], [ -3.842583993791078, 47.758612263833669 ], [ -3.629772816057248, 47.770882318633113 ], [ -3.620827840354272, 47.699131518005593 ], [ -3.51452813961227, 47.705113642183285 ], [ -3.496993697761641, 47.561586189389793 ], [ -3.390953976428666, 47.567456308744966 ], [ -3.408204767741374, 47.710999132408048 ], [ -3.301858102506133, 47.716787957525938 ], [ -3.293363214000607, 47.645010634757732 ], [ -3.187135832872451, 47.650695323933412 ], [ -3.162212079322765, 47.435321776618736 ], [ -3.056386861537701, 47.440887985671743 ], [ -3.08909640551073, 47.728075490342043 ], [ -2.876246080671884, 47.73897600147513 ], [ -2.868320526897773, 47.667169671673143 ], [ -2.549313424658857, 47.682773834858317 ], [ -2.541835953929762, 47.61094384447631 ], [ -2.116782679644929, 47.630369051779354 ], [ -2.123689991847253, 47.702224485991664 ], [ -2.230124775422404, 47.697507069871186 ], [ -2.237193773201134, 47.769353134500513 ], [ -2.024019407190836, 47.778703329175073 ], [ -2.037640193402755, 47.922409924534861 ], [ -1.930737780844836, 47.92695138074464 ], [ -1.9508736140046, 48.142502399594044 ], [ -1.843518677396924, 48.146964062677505 ], [ -1.850121579918761, 48.21881266840181 ], [ -1.527513550457991, 48.231628116178257 ], [ -1.521347851068598, 48.159762716031501 ], [ -1.413923547007736, 48.163833412357739 ], [ -1.407920079389535, 48.091958839470742 ], [ -1.193313947913367, 48.099796532295592 ], [ -1.187617143794335, 48.027907975481135 ], [ -1.080435903407822, 48.031675320718428 ], [ -1.085987426394398, 48.10356882145917 ], [ -0.871289438206631, 48.1108201843332 ], [ -0.876564541707892, 48.182719513333026 ], [ -0.769048007751524, 48.186203115658124 ], [ -0.779348526596627, 48.329999432037866 ], [ -0.455837208756967, 48.339888587762289 ], [ -0.451120210139859, 48.267979408892074 ], [ -0.343403632190632, 48.271075295549615 ], [ -0.338845954715176, 48.199158171577984 ], [ -0.231263445241812, 48.202152010322692 ], [ -0.222477095956605, 48.058298748239402 ], [ -0.115174531102009, 48.061186992902883 ], [ -0.119415951609976, 48.133119235909881 ], [ -0.011956050954265, 48.135913383055417 ], [ -0.02431000397968, 48.351698874251696 ], [ 0.407398010311886, 48.361936516373014 ], [ 0.410938720447287, 48.289998405455982 ], [ 0.626557998093506, 48.294521259282305 ], [ 0.629795354097325, 48.222573371798248 ], [ 0.845156198858086, 48.226697839711775 ], [ 0.848091692784312, 48.154740824627893 ], [ 1.063191432189965, 48.158467855977818 ], [ 1.060549114380941, 48.230429768710806 ], [ 1.168256599123264, 48.232148505715045 ], [ 1.163244747876369, 48.376065636593786 ], [ 1.379268871920036, 48.3792168783202 ], [ 1.374821854644102, 48.523126582827722 ], [ 1.483139460467104, 48.52455830739143 ], [ 1.474769204343533, 48.812334435125486 ], [ 1.583689997979726, 48.813674484361378 ], [ 1.587587079501393, 48.669791678924433 ], [ 1.69621365894577, 48.671029234526543 ], [ 1.698004983911567, 48.599079566513801 ], [ 1.806487293119572, 48.600216646116465 ], [ 1.809758032375281, 48.456301640260271 ], [ 1.917947625148667, 48.457337137734847 ], [ 1.914974108256158, 48.601254869867894 ], [ 2.023465020016288, 48.602194232140782 ], [ 2.022121366262231, 48.674147998814924 ], [ 2.130765221719291, 48.674989600593399 ], [ 2.128366539617207, 48.818886099166853 ], [ 2.019422935992386, 48.818042280209959 ], [ 2.016709572791142, 48.961918108926376 ], [ 1.907468326913583, 48.960972547096333 ], [ 1.91048306556489, 48.817099203844833 ], [ 1.801547342834359, 48.816056875207487 ], [ 1.798231263254441, 48.95992747147632 ], [ 1.688998799665713, 48.958782887775676 ], [ 1.687182592023922, 49.030709458253646 ], [ 2.015347252553104, 49.033848809275646 ], [ 2.013981152364268, 49.105774543096622 ], [ 2.233080704180994, 49.107371304295405 ], [ 2.232015163870694, 49.179294057867253 ], [ 2.451430930759043, 49.180493237738155 ], [ 2.452192066195435, 49.108568905830147 ], [ 3.0, 49.109816435353466 ], [ 3.0, 49.037885382820249 ], [ 3.109411461956586, 49.037835546760633 ], [ 3.109260069824064, 48.965899601375163 ], [ 3.218519721267726, 48.965750290173169 ], [ 3.218217775498622, 48.893809700568987 ], [ 3.327325621636309, 48.893561176810813 ], [ 3.326873957224413, 48.821616190896883 ], [ 3.435830006688415, 48.821268717105987 ], [ 3.434630556328198, 48.677365957858527 ], [ 3.217316924174777, 48.677960063304234 ], [ 3.217018290975287, 48.606001286459176 ], [ 3.108509350395415, 48.606149618611781 ], [ 3.108360442765689, 48.534186393511284 ], [ 3.758500245203346, 48.531816245939282 ], [ 3.760587631531513, 48.675732201150112 ], [ 3.869234778280709, 48.674989600593399 ], [ 3.870432466868157, 48.746940096837939 ], [ 3.979225989971146, 48.74609738730986 ], [ 3.977878633737769, 48.674147998814924 ], [ 4.30378634105423, 48.671029234526543 ], [ 4.300208606272767, 48.527125631428355 ], [ 4.516860539532897, 48.52455830739143 ], [ 4.523129584325443, 48.740397046196613 ], [ 4.414358777076405, 48.741735333785257 ], [ 4.416310002020275, 48.813674484361378 ], [ 3.980577064007614, 48.818042280209959 ], [ 3.983290427208859, 48.961918108926376 ], [ 3.874045417060913, 48.962764151800542 ], [ 3.87525640784806, 49.034695966649302 ], [ 4.094045307109442, 49.032902001873687 ], [ 4.095563140771446, 49.104826488221477 ], [ 3.986018847635733, 49.105774543096622 ], [ 3.987388743528415, 49.177695192339634 ], [ 4.316464960402017, 49.174547562644186 ], [ 4.314638654333459, 49.102631055899955 ], [ 4.205103216783154, 49.103778657241712 ], [ 4.203433667149127, 49.031855549624389 ], [ 4.422196110106771, 49.029463734032298 ], [ 4.420228646106222, 48.957538802246958 ], [ 4.529450656430169, 48.956195221685917 ], [ 4.525230795656467, 48.812334435125486 ], [ 4.634145784638761, 48.810895159562804 ], [ 4.631894610871663, 48.738959662667838 ], [ 4.958150884751958, 48.734053017265062 ], [ 4.952771339775964, 48.590181498603954 ], [ 5.061210656678845, 48.588352630570299 ], [ 5.055563749640276, 48.444468774134229 ], [ 4.947421265834421, 48.446292840928145 ], [ 4.95009263407975, 48.518239253508519 ], [ 4.841794599580877, 48.519967047340167 ], [ 4.829247716115065, 48.160184337241787 ], [ 4.721680074347661, 48.161802783106218 ], [ 4.717001174901544, 48.017859578535187 ], [ 4.824276689216056, 48.016245377123894 ], [ 4.821801291891784, 47.944270818247276 ], [ 4.714671247399056, 47.945882902167213 ], [ 4.712347633644022, 47.873902998025358 ], [ 4.605356377080017, 47.875415436732261 ], [ 4.6031837607639, 47.803430437480152 ], [ 4.496331341650429, 47.804843481722173 ], [ 4.494308939559951, 47.732853636810461 ], [ 4.387595403982333, 47.734167537344796 ], [ 4.385722435824755, 47.662173095521418 ], [ 4.598856120025164, 47.659451576124347 ], [ 4.601017016335409, 47.73144244535245 ], [ 4.707719245013972, 47.729933970477454 ], [ 4.71003030801124, 47.801919982156804 ], [ 4.81687059264599, 47.800312123798534 ], [ 4.819332602108852, 47.872293028453136 ], [ 5.033282106102522, 47.868780531588222 ], [ 5.030530811788055, 47.796804232754063 ], [ 4.923704224059215, 47.798606870970033 ], [ 4.921104601550458, 47.726625203088041 ], [ 5.241129051080335, 47.720932643760435 ], [ 5.238104987945682, 47.648955550963045 ], [ 5.344620206031278, 47.646866304016783 ], [ 5.347788023756234, 47.718840654962257 ], [ 5.66771197526371, 47.71198143720364 ], [ 5.66411310773592, 47.640016075402571 ], [ 5.770591869881419, 47.637538543667596 ], [ 5.785622651842814, 47.92536900620334 ], [ 6.106726180392083, 47.917312074616568 ], [ 6.102519156875537, 47.8453696321751 ], [ 6.20938675230438, 47.842492731873669 ], [ 6.21373837390414, 47.914431398468381 ], [ 6.427726939387985, 47.908377589186387 ], [ 6.418458134995443, 47.764512940051198 ], [ 6.525145214620616, 47.761348149751136 ], [ 6.520385899239606, 47.689415310636292 ], [ 6.626916479861036, 47.68615760632111 ], [ 6.617150184704709, 47.542291695946012 ], [ 6.510905692760862, 47.545540872914735 ], [ 6.506184698464025, 47.473599505964792 ], [ 6.293943023058997, 47.479799294393771 ], [ 6.285106896530666, 47.335892619996478 ], [ 6.390949879842312, 47.332849059132954 ], [ 6.386408128537988, 47.260896095287201 ], [ 6.174993259128692, 47.266878915277736 ], [ 6.170745806732581, 47.194915862319085 ], [ 5.959567721836131, 47.200505957289934 ], [ 5.943812757600694, 46.912604368038402 ], [ 5.733714847311281, 46.917782259052551 ], [ 5.730081044097954, 46.845795644005804 ], [ 5.625156826425427, 46.848237729772968 ], [ 5.580560948813429, 45.912271918690884 ], [ 5.683705441864362, 45.909871002576828 ], [ 5.680203237328857, 45.837873178005509 ], [ 5.783204197970896, 45.835381477158343 ], [ 5.790486861494236, 45.979370539905091 ], [ 5.687216807453743, 45.981868761351031 ], [ 5.694267165895941, 46.125863631355777 ], [ 5.797807721335892, 46.123358870735601 ], [ 5.794142498126472, 46.051364853120553 ], [ 6.00092364141586, 46.046079061963951 ], [ 5.996997970779614, 45.974091652123803 ], [ 5.893747366536704, 45.97677816573065 ], [ 5.889966594273491, 45.904787054976751 ], [ 6.096188298573155, 45.899327041146158 ], [ 6.092148836884562, 45.827342984071585 ], [ 5.98917734671484, 45.830116366728269 ], [ 5.985282313311139, 45.758128716121831 ], [ 5.88243459756067, 45.760804720164465 ], [ 5.871209897214793, 45.544832618425836 ], [ 5.768752270846006, 45.547404751950666 ], [ 5.775959432734772, 45.691392582065845 ], [ 5.67322616844174, 45.69387778078319 ], [ 5.65594133194832, 45.333895984454536 ], [ 5.553862387448006, 45.336271941645535 ], [ 5.550563847631141, 45.264274523806037 ], [ 5.652511142852697, 45.26190166674477 ], [ 5.649089799292534, 45.189908289425844 ], [ 5.445449355988582, 45.19455497608525 ], [ 5.448608045667553, 45.266554423829596 ], [ 5.346644075895904, 45.26874135528135 ], [ 5.337585497005337, 45.05273775447651 ], [ 5.13442090280347, 45.056816660445406 ], [ 5.131677712335277, 44.984812562836225 ], [ 5.030215096985959, 44.986710585887565 ], [ 5.02500971030044, 44.842701763909204 ], [ 5.32859656532815, 44.836745723652115 ], [ 5.325615593315921, 44.764751467060577 ], [ 5.224556579343823, 44.766826373028223 ], [ 5.221712294221167, 44.6948311380172 ], [ 5.120775084765238, 44.696811313210446 ], [ 5.115365476060584, 44.552821315789686 ], [ 5.014678589464368, 44.554704535137382 ], [ 5.012112255631392, 44.482710122665573 ], [ 5.313767617021608, 44.476792813256722 ], [ 5.304960533549706, 44.260846187276663 ], [ 5.204798121023321, 44.262902231784082 ], [ 5.199217134645044, 44.118944749434348 ], [ 5.299126287703627, 44.116894060535891 ], [ 5.296220223261913, 44.044922011415956 ], [ 5.495763905423193, 44.040553163277707 ], [ 5.49261359538394, 43.968589627753218 ], [ 5.592247893787149, 43.966271841541108 ], [ 5.59552394959474, 44.038232353345656 ], [ 5.894753085346654, 44.030724519103906 ], [ 5.902087039461788, 44.174634259634303 ], [ 6.002064206874397, 44.17194288007294 ], [ 5.994478074531747, 44.028040147434417 ], [ 6.193899067759892, 44.022398842619864 ], [ 6.181839989168847, 43.80658796144651 ], [ 6.281159799756075, 43.803642593867885 ], [ 6.277035746673919, 43.731715537460374 ], [ 6.177840495950662, 43.734657069629158 ], [ 6.17385103922731, 43.662729392627291 ], [ 6.669099859570597, 43.64713876133478 ], [ 6.673710157648599, 43.719046113563593 ], [ 6.971095339073585, 43.708596027412696 ], [ 6.976090151772809, 43.780492945926682 ], [ 7.075318128102305, 43.776824323505309 ], [ 7.080450036391678, 43.84871952083887 ], [ 6.881732415157068, 43.855975862669389 ], [ 6.886627530020199, 43.927883463471652 ], [ 7.085594874299054, 43.920617663368752 ], [ 7.090752690705627, 43.99251864241517 ], [ 7.190342153623915, 43.988744973135752 ], [ 7.185059235392959, 43.916848906279476 ], [ 7.28451030499193, 43.91298960243806 ], [ 7.27911593956251, 43.841101388394677 ], [ 7.378428717366363, 43.837156697260994 ], [ 7.383947770311475, 43.909039770853042 ], [ 7.582780638270949, 43.90086860269939 ], [ 7.588563449028392, 43.972743844661053 ], [ 7.688083065992361, 43.968517048322617 ], [ 7.699943148059523, 44.112264478162992 ], [ 7.600172914107072, 44.116502297050914 ], [ 7.605999679245372, 44.188385289187529 ], [ 7.30622432601665, 44.200569598804314 ], [ 7.300775233387464, 44.128670746712231 ], [ 7.101107455775119, 44.136328674591319 ], [ 7.111514727607485, 44.28014874494459 ], [ 7.011408476812939, 44.283850974854538 ], [ 7.006324668568627, 44.211934918712444 ], [ 6.90633197526507, 44.215541272369471 ], [ 6.901387172069719, 44.143622927180104 ], [ 6.801508132667688, 44.147133629855546 ], [ 6.806326741804388, 44.219056552720474 ], [ 6.60627992871326, 44.225813824283975 ], [ 6.610857596022164, 44.29774797920259 ], [ 6.71101355842297, 44.294410550335883 ], [ 6.720457992131452, 44.438277006078692 ], [ 6.519626009225608, 44.444877807013555 ], [ 6.528607589433906, 44.588769885139463 ], [ 6.629284990226791, 44.585506727317508 ], [ 6.633921243373046, 44.657451397913391 ], [ 6.734715055018665, 44.654092144342854 ], [ 6.739491704010383, 44.726034205370887 ], [ 6.537635095571541, 44.732669520936163 ], [ 6.542166181009716, 44.804621897721979 ], [ 6.643229351070682, 44.80134594937266 ], [ 6.652585231626304, 44.9452467123186 ], [ 6.551263238892666, 44.948531217314667 ], [ 6.546708880556372, 44.87657583334687 ], [ 6.445504805560746, 44.879763843268783 ], [ 6.427918707251834, 44.59194130792973 ], [ 6.226507801064892, 44.598008885556204 ], [ 6.234764231393206, 44.741932650083044 ], [ 6.133785668994927, 44.744836339067533 ], [ 6.137800653904452, 44.816804595424657 ], [ 6.036682708416411, 44.819619919595695 ], [ 6.040578532057795, 44.891593432131216 ], [ 5.939321125683132, 44.894320142410912 ], [ 5.94309712634818, 44.966298690624207 ], [ 6.145861550467172, 44.960745740435385 ], [ 6.149907541588034, 45.032718408073002 ], [ 6.04840022974646, 45.035544773415083 ], [ 6.056262252726238, 45.179501131819634 ], [ 5.954483536376815, 45.182242112284918 ], [ 5.958298601315739, 45.254225475709703 ], [ 6.060208483730178, 45.251480915215915 ], [ 6.064164913495645, 45.323461619933681 ], [ 6.166196061697462, 45.320620460915258 ], [ 6.158030809712513, 45.176667379989119 ], [ 6.76840997515753, 45.157717504134595 ], [ 6.773273193799761, 45.229668842393096 ], [ 6.365875587564789, 45.242689937566062 ], [ 6.37458824138684, 45.386629177263707 ], [ 6.680943214121934, 45.376977411701667 ], [ 6.685712378929922, 45.448935504637177 ], [ 6.583473995106855, 45.452250146621921 ], [ 6.588123260113775, 45.524213122124657 ], [ 6.79285214451694, 45.51748189538997 ], [ 6.802717953190539, 45.661391478808341 ], [ 6.700094257453894, 45.664812654638972 ], [ 6.695287852353943, 45.592853237985338 ], [ 6.490269222305163, 45.599406429747248 ], [ 6.494809679693094, 45.671374407991948 ], [ 6.597458051426908, 45.66814030335118 ], [ 6.606841505977632, 45.812068377938914 ], [ 6.709744647522652, 45.808732027440918 ], [ 6.714588730488791, 45.880691758977868 ], [ 6.817613202353686, 45.877257155000386 ], [ 6.822604230001878, 45.949212277912345 ], [ 6.616274005023085, 45.955996447583196 ], [ 6.621008766463856, 46.027960199213268 ], [ 6.827608314723214, 46.021167161904145 ], [ 6.832625507782545, 46.093121694157858 ], [ 6.729197124481813, 46.096569783497102 ], [ 6.734092137179768, 46.168528358974818 ], [ 6.941206372617049, 46.161528798164397 ], [ 6.930888601955071, 46.01762945338568 ], [ 7.034155430078103, 46.013997642325144 ], [ 7.028882227132695, 45.942052116140502 ], [ 7.132000766797378, 45.938331083755529 ], [ 7.137408448552316, 46.010271747347574 ], [ 7.240647307120359, 46.00645178755731 ], [ 7.246203922260007, 46.078387087128711 ], [ 7.142830290261704, 46.08221203898519 ], [ 7.148266347563657, 46.154151845651505 ], [ 7.355269236910351, 46.146397653179385 ], [ 7.360990463070037, 46.218326726275187 ], [ 7.56820410782757, 46.210184826656374 ], [ 7.574211737647158, 46.282102532071953 ], [ 7.78163353385374, 46.27357209513022 ], [ 7.775354784181552, 46.20166552293238 ], [ 7.878905627343933, 46.19726439901239 ], [ 7.885319840425729, 46.269165220465531 ], [ 7.988989281152621, 46.264663938439028 ], [ 7.995556110557489, 46.336557999431356 ], [ 8.099344014771916, 46.331956328640217 ], [ 8.106064167894695, 46.403843375678377 ], [ 7.898198930822596, 46.412964113644719 ], [ 7.891750919410554, 46.341065163254449 ], [ 7.372478081508556, 46.362182581319033 ], [ 7.366726724839946, 46.290255073481688 ], [ 7.159181332957599, 46.29802955130036 ], [ 7.164660373791471, 46.369967223547384 ], [ 7.268576626595906, 46.366122232184303 ], [ 7.274206652394446, 46.438053938198834 ], [ 7.482267318597382, 46.430069571652403 ], [ 7.488185827271894, 46.50198977770966 ], [ 7.696457585693152, 46.493615510899922 ], [ 7.708890479947897, 46.637430328509957 ], [ 7.813276275776126, 46.633089622913282 ], [ 7.806914309383914, 46.561188541519471 ], [ 7.91114601877671, 46.55675858159011 ], [ 7.924161643520372, 46.700547711624033 ], [ 8.133122590741143, 46.691379189501987 ], [ 8.146759477585721, 46.83513807148281 ], [ 8.460892237680271, 46.820634254912619 ], [ 8.468153076525352, 46.892492072579628 ], [ 8.572964285782724, 46.887460319847527 ], [ 8.55818568146038, 46.743755977783458 ], [ 8.662701226677678, 46.738642233588315 ], [ 8.670218552125311, 46.810488643784055 ], [ 8.774851964262325, 46.805272996636013 ], [ 8.782527340855159, 46.877110733165175 ], [ 8.887278460131768, 46.871792953125514 ], [ 8.902967602711316, 47.015448455449082 ], [ 9.007974928769896, 47.010021227575699 ], [ 8.992008823585467, 46.86637988537705 ], [ 9.096718069021771, 46.860871558099078 ], [ 9.104828735942633, 46.932686088789822 ], [ 9.209654631527689, 46.927075208371804 ], [ 9.217925356423546, 46.998880279343034 ], [ 9.112960968204861, 47.00449849259801 ], [ 9.121114851759446, 47.076308654085302 ], [ 9.331299238550855, 47.06496196787397 ], [ 9.322867729289712, 46.993166617128473 ], [ 9.427787723130928, 46.987357535762442 ], [ 9.410715481972316, 46.843775308208002 ], [ 9.201405834689329, 46.85526799995958 ], [ 9.193178878996912, 46.783458769436365 ], [ 8.879465064015635, 46.79996215776962 ], [ 8.871672341570196, 46.728129486461519 ], [ 9.08056108966441, 46.717236577124844 ], [ 9.072514607581205, 46.645416357018526 ], [ 9.176790145689399, 46.639834702675742 ], [ 9.184973677996627, 46.711647631991958 ], [ 9.28936459771108, 46.705963731715244 ], [ 9.272745543542833, 46.562351013138539 ], [ 9.376841037313314, 46.556587249929038 ], [ 9.385276116039263, 46.628386927025574 ], [ 9.489485835429489, 46.622520865001007 ], [ 9.506696905159485, 46.766099678976154 ], [ 9.611157728964487, 46.760123298549836 ], [ 9.781996386146721, 48.123453861247228 ], [ 9.674861839981785, 48.129580482660309 ], [ 9.683953164921153, 48.201308125099665 ], [ 9.576649388881732, 48.20734528643144 ], [ 9.558780173349467, 48.063870064988535 ], [ 9.45174103786843, 48.069794180283687 ], [ 9.442986628487626, 47.998042726497204 ], [ 9.33606773729146, 48.003861925553416 ], [ 9.32748063018534, 47.932098966258899 ], [ 9.22068217362423, 47.937813481800085 ], [ 9.237591845125142, 48.081350495508907 ], [ 9.023350664943985, 48.09251738556393 ], [ 9.01517287138201, 48.020736204480222 ], [ 8.908163136409511, 48.026166424780492 ], [ 8.900151472228606, 47.954374287330786 ], [ 8.686355405621791, 47.964928914201117 ], [ 8.678652884642569, 47.893119243289604 ], [ 8.358234952504736, 47.908201990477728 ], [ 8.365505616669722, 47.980031427096677 ], [ 8.258515715950017, 47.984870976250754 ], [ 8.265661606247386, 48.056703083409403 ], [ 8.587005000788238, 48.041873062261985 ], [ 8.617528298193223, 48.329084554584888 ], [ 8.509852645303845, 48.334151824193754 ], [ 8.54012314995931, 48.621321475034236 ], [ 8.431839063255605, 48.626316943822864 ], [ 8.439310669106725, 48.698104354070679 ], [ 8.547742731543083, 48.693102326408912 ], [ 8.55538326646202, 48.764878316764971 ], [ 8.446802825307708, 48.769886913164378 ], [ 8.461849128287984, 48.913437003991085 ], [ 8.352949908203245, 48.918359774527346 ], [ 8.345565671857548, 48.846580813808821 ], [ 8.236795413563895, 48.851398234362939 ], [ 8.22238529686258, 48.707812564499953 ], [ 8.113892794402298, 48.712518694690694 ], [ 8.099857694903079, 48.568901360300771 ], [ 7.991642056969087, 48.573496727347951 ], [ 7.977978276193135, 48.42984900447734 ], [ 8.08589931705292, 48.425265680204184 ], [ 8.072017034343492, 48.281612597516713 ], [ 7.964388997498765, 48.286183914968809 ], [ 7.937431525394203, 47.998805397001973 ], [ 8.04447828218944, 47.994257986238914 ], [ 8.037640193402755, 47.922409924534861 ], [ 7.823817266820855, 47.931395535296311 ], [ 7.817285654090639, 47.859532179336014 ], [ 7.710491528144876, 47.863873316523524 ], [ 7.685113348086897, 47.57636441865656 ], [ 7.89753912232837, 47.567630820386228 ], [ 7.890952896327611, 47.495757427727639 ], [ 7.466602306666807, 47.512815413758894 ], [ 7.472619658027758, 47.58471115538466 ], [ 7.153758446672687, 47.596505510851721 ], [ 7.14816844147969, 47.524594332099092 ], [ 7.041993289192011, 47.528327273840318 ], [ 7.058379718056702, 47.744066746020628 ], [ 7.164983735174412, 47.740319103409263 ], [ 7.181935782945438, 47.956015837563946 ], [ 7.288956753338531, 47.952155972292395 ], [ 7.294782940967449, 48.024043046154482 ], [ 7.187617143794335, 48.027907975481135 ], [ 7.199026258296326, 48.171681391186745 ], [ 7.306482884690322, 48.167806311172711 ], [ 7.318246685308965, 48.311554286292662 ], [ 7.425979624075848, 48.307570950414046 ], [ 7.444187602956944, 48.523146479221175 ], [ 7.336013265052596, 48.527145529275529 ], [ 7.359930473262478, 48.814538238566449 ], [ 7.468698982764886, 48.810518125876541 ], [ 7.474869087486494, 48.882349110009173 ], [ 7.692653686882324, 48.874001080745273 ], [ 7.699140564847826, 48.945816080967148 ], [ 7.917153143129824, 48.937060398414829 ], [ 7.94448676335607, 49.224221631563672 ], [ 7.834886810021583, 49.22867238367575 ], [ 7.855130515203613, 49.444002148877111 ], [ 7.745055165381781, 49.448370439543808 ], [ 7.751687652704025, 49.520140970753779 ], [ 6.979593158559606, 49.547952003633547 ], [ 6.974034373758967, 49.476144883690644 ], [ 7.084230087720099, 49.472477645708892 ], [ 7.067188204840392, 49.257035698298054 ], [ 6.73793029170384, 49.267694509338838 ], [ 6.743137950534714, 49.339528257248588 ], [ 6.633203322963181, 49.342885875880732 ], [ 6.638272568828322, 49.414718380223093 ], [ 6.528170852974871, 49.417980260908784 ], [ 6.533100837010967, 49.489811284572141 ], [ 6.312549635662513, 49.496042692315065 ], [ 6.30792665717329, 49.424203466628988 ], [ 6.087630949421842, 49.430025818035119 ], [ 6.091946706346445, 49.501872718471404 ], [ 5.981626914343622, 49.504637172856299 ], [ 5.989986042516248, 49.648320548392839 ], [ 5.87934584297864, 49.65099164115216 ], [ 5.883387971203948, 49.722827762153493 ], [ 5.661763870420653, 49.727874566228017 ], [ 5.669259245270744, 49.871541377040657 ], [ 5.558119602631319, 49.873919802830208 ], [ 5.561726659008539, 49.945746744242555 ], [ 5.227778965977921, 49.952283919233182 ], [ 5.224641591391514, 49.880448356591032 ], [ 5.113464024424972, 49.882422259540824 ], [ 5.116444761224732, 49.954260429059453 ], [ 5.005102138851874, 49.95613564576697 ], [ 5.013622319660176, 50.17161787760709 ], [ 4.678129741049268, 50.176655586032439 ], [ 4.675755859644373, 50.104828261342682 ], [ 4.564069064348567, 50.106302093861999 ], [ 4.56628481577846, 50.17813136680514 ], [ 4.342576555664148, 50.18077769472405 ], [ 4.344481358272644, 50.252603584462825 ], [ 4.232460267484825, 50.253775664597953 ], [ 4.23421137882322, 50.325596107646014 ], [ 4.346391572975993, 50.324422477225475 ], [ 4.350228331185071, 50.468038791003238 ], [ 4.237728570960302, 50.46921552933722 ], [ 4.23949469447206, 50.541014267284815 ], [ 3.338069709800691, 50.546752422063697 ], [ 3.339037406471588, 50.690342557969821 ], [ 3.226025709292605, 50.69059941877736 ], [ 3.226349665124688, 50.762383329576629 ], [ 3.0, 50.762589091363822 ], [ 3.0, 50.906133861231929 ], [ 3.227000370686739, 50.90592755360948 ], [ 3.227654828295818, 51.049439507198933 ], [ 3.0, 51.049646362406989 ], [ 3.0, 51.121390209159671 ], [ 2.658025976394456, 51.120924168537414 ], [ 2.657531587217659, 51.192658965679037 ], [ 2.54337767645685, 51.19229601135951 ] ], [ [ 7.067188204840392, 49.257035698298054 ], [ 7.176909958979175, 49.253283091228155 ], [ 7.171109026626272, 49.181462744574304 ], [ 7.06153910950767, 49.185210417974574 ], [ 7.067188204840392, 49.257035698298054 ] ], [ [ 5.965048030890656, 49.217201032087296 ], [ 6.074755628323678, 49.214451102343489 ], [ 6.070487671567177, 49.142581921611843 ], [ 5.960932064166551, 49.145328234081852 ], [ 5.965048030890656, 49.217201032087296 ] ], [ [ 3.657364880260757, 49.108020001867033 ], [ 3.87647075881078, 49.106622816671056 ], [ 3.87525640784806, 49.034695966649302 ], [ 3.656454068013368, 49.036091313313349 ], [ 3.657364880260757, 49.108020001867033 ] ], [ [ 6.375658921942948, 48.774380013827432 ], [ 6.484412044792131, 48.771255529320904 ], [ 6.479616822791651, 48.699372118204963 ], [ 6.696784554962448, 48.692834754962085 ], [ 6.691704895438079, 48.620955339332284 ], [ 6.800119264589224, 48.617542878358705 ], [ 6.794905222250452, 48.545663458472141 ], [ 6.686639166294762, 48.549071440016526 ], [ 6.681587310348798, 48.477183174642072 ], [ 6.357151583691516, 48.486802930755999 ], [ 6.36175937839201, 48.558703839668198 ], [ 6.145108886496516, 48.564632312977658 ], [ 6.149432225112476, 48.636536669638616 ], [ 6.366379831484806, 48.630600401549763 ], [ 6.375658921942948, 48.774380013827432 ] ], [ [ 8.072017034343492, 48.281612597516713 ], [ 8.179626202506258, 48.276943365992175 ], [ 8.17256757111288, 48.205116710515149 ], [ 8.065104234742822, 48.209779824346434 ], [ 8.072017034343492, 48.281612597516713 ] ], [ [ 5.571501760244663, 47.930252571177199 ], [ 5.678567131943478, 47.927859570001978 ], [ 5.674938947741261, 47.855903300462273 ], [ 5.568018389703232, 47.858293164134373 ], [ 5.571501760244663, 47.930252571177199 ] ], [ [ 8.450291713784639, 47.7596150424787 ], [ 8.556811067640783, 47.754600599250459 ], [ 8.549313424658857, 47.682773834858317 ], [ 8.442936872960306, 47.687781718534794 ], [ 8.450291713784639, 47.7596150424787 ] ], [ [ 8.663310167713759, 47.749489259847678 ], [ 8.876246080671885, 47.73897600147513 ], [ 8.868320526897774, 47.667169671673143 ], [ 8.974614111331706, 47.661774871698711 ], [ 8.982682131765966, 47.733574138250852 ], [ 9.195488522174653, 47.722480086886236 ], [ 9.187135832872452, 47.650695323933412 ], [ 9.080886006065827, 47.656283412766861 ], [ 9.072697674627872, 47.584488058385624 ], [ 8.754243562410466, 47.600651271118764 ], [ 8.762005631460534, 47.672467784138426 ], [ 8.655669804177419, 47.677669181047442 ], [ 8.663310167713759, 47.749489259847678 ] ], [ [ 8.223074807135767, 47.62565780757118 ], [ 8.329347981827734, 47.620849841237323 ], [ 8.322174766775623, 47.54900378643589 ], [ 8.21604379171637, 47.55380546400891 ], [ 8.223074807135767, 47.62565780757118 ] ], [ [ 6.450506733344483, 46.610132365253762 ], [ 6.554928387615909, 46.606938012999372 ], [ 6.550230585252038, 46.534975845226867 ], [ 6.654502212058667, 46.531690631753854 ], [ 6.649679575709601, 46.459731630239311 ], [ 6.85790991131335, 46.452885120907581 ], [ 6.852826398131647, 46.380934044521332 ], [ 6.436862276351752, 46.394230090593616 ], [ 6.432338057255287, 46.322260728149189 ], [ 6.328452894936082, 46.325343736464234 ], [ 6.324076808633146, 46.253369567050562 ], [ 6.220316406044052, 46.256353974422709 ], [ 6.211870155599208, 46.112395976036424 ], [ 5.901338652488156, 46.120759711282709 ], [ 5.908969854194805, 46.264739603727328 ], [ 6.012762572001826, 46.262039007419183 ], [ 6.016729657511474, 46.334024518003282 ], [ 6.120648337065263, 46.331225646576812 ], [ 6.124762613612168, 46.403206737495942 ], [ 6.22880717097347, 46.400309352848588 ], [ 6.233069356424845, 46.472285776307487 ], [ 6.337239704381543, 46.469289640401776 ], [ 6.341650518973923, 46.541261147931074 ], [ 6.445946567011412, 46.538166022798656 ], [ 6.450506733344483, 46.610132365253762 ] ], [ [ 7.055386882960354, 46.301774965959432 ], [ 7.159181332957599, 46.29802955130036 ], [ 7.153716676387879, 46.226091054189141 ], [ 7.050058114461182, 46.229831578491037 ], [ 7.055386882960354, 46.301774965959432 ] ], [ [ 6.211870155599208, 46.112395976036424 ], [ 6.315359046037811, 46.109419359779409 ], [ 6.31101727972546, 46.037443548082692 ], [ 6.207663614116933, 46.040416277105699 ], [ 6.211870155599208, 46.112395976036424 ] ], [ [ 5.871209897214793, 45.544832618425836 ], [ 5.97365785211735, 45.542167079408522 ], [ 5.96980311383939, 45.470180678810806 ], [ 5.867487723798692, 45.472842739318352 ], [ 5.871209897214793, 45.544832618425836 ] ], [ [ 5.96980311383939, 45.470180678810806 ], [ 6.072108527788832, 45.467425348051293 ], [ 6.068131581590846, 45.395443134688037 ], [ 5.965958351686133, 45.398194870314846 ], [ 5.96980311383939, 45.470180678810806 ] ], [ [ 6.276688059796779, 45.461634932207325 ], [ 6.37896149457227, 45.458599876517361 ], [ 6.37458824138684, 45.386629177263707 ], [ 6.272446866764866, 45.389660273504852 ], [ 6.276688059796779, 45.461634932207325 ] ], [ [ 5.754449592568248, 45.259435864648879 ], [ 5.856378858190535, 45.256877129990343 ], [ 5.85269499738141, 45.184890307545139 ], [ 5.750896972652763, 45.187445704227372 ], [ 5.754449592568248, 45.259435864648879 ] ], [ [ 5.649089799292534, 45.189908289425844 ], [ 5.750896972652763, 45.187445704227372 ], [ 5.743819143528052, 45.043468635277051 ], [ 5.642273512320051, 45.045924800172095 ], [ 5.649089799292534, 45.189908289425844 ] ], [ [ 5.325615593315921, 44.764751467060577 ], [ 5.426666987037821, 44.76258442635902 ], [ 5.423564597860066, 44.690594722781604 ], [ 5.32264224157883, 44.692758937750689 ], [ 5.325615593315921, 44.764751467060577 ] ], [ [ 5.809218229518549, 44.321161372930149 ], [ 5.9094582327427, 44.318554312304705 ], [ 5.902087039461788, 44.174634259634303 ], [ 5.802100562332262, 44.177234530637378 ], [ 5.809218229518549, 44.321161372930149 ] ], [ [ 6.410511107585307, 44.304149092441619 ], [ 6.510690005605744, 44.300994165275362 ], [ 6.506238986814385, 44.229055782008487 ], [ 6.406186780209438, 44.232206599451565 ], [ 6.410511107585307, 44.304149092441619 ] ], [ [ 7.300775233387464, 44.128670746712231 ], [ 7.500387973286099, 44.1206492950284 ], [ 7.494701436134759, 44.048763379847045 ], [ 7.295339900296319, 44.056774390536425 ], [ 7.300775233387464, 44.128670746712231 ] ] ], [ [ [ 2.402340283776554, 43.923369335842182 ], [ 2.406086278362197, 43.563440143310615 ], [ 2.505069046855747, 43.563936414928655 ], [ 2.505688700144048, 43.491960351781763 ], [ 2.110265693796824, 43.489437216373048 ], [ 2.111378182810675, 43.417468166494288 ], [ 2.703781612006479, 43.420707992264319 ], [ 2.703038939224414, 43.564658272519225 ], [ 2.802025440954127, 43.5648838549521 ], [ 2.801776949233847, 43.636864772772149 ], [ 3.0, 43.637045474852684 ], [ 3.0, 43.709030141043314 ], [ 3.099236240269648, 43.708984906519625 ], [ 3.099361112482426, 43.780972918851994 ], [ 2.900638887517575, 43.780972918851994 ], [ 2.900513700647426, 43.852964228395756 ], [ 2.602057961025556, 43.8522839429424 ], [ 2.601555962120306, 43.92427755382802 ], [ 2.402340283776554, 43.923369335842182 ] ] ], [ [ [ -1.629668302650519, 43.249958379361068 ], [ -1.623906700238527, 43.178121454303358 ], [ -1.427565999734148, 43.18636556254949 ], [ -1.433084003824266, 43.258213223616394 ], [ -1.629668302650519, 43.249958379361068 ] ] ], [ [ [ 2.313132476603136, 43.059113033883264 ], [ 2.31398494235433, 42.98716669742349 ], [ 2.411983168466882, 42.987747109925394 ], [ 2.411252468887186, 43.05969420335839 ], [ 2.313132476603136, 43.059113033883264 ] ] ], [ [ [ 1.441799513013025, 42.618323098461083 ], [ 1.445633140686796, 42.474516269054362 ], [ 1.542758278073729, 42.475887544127154 ], [ 1.540963393811237, 42.547790200944441 ], [ 1.638212526664689, 42.549074709881204 ], [ 1.636533095999216, 42.620984134741761 ], [ 1.441799513013025, 42.618323098461083 ] ] ], [ [ [ -1.618159404246707, 43.10628840429348 ], [ -1.612426361516195, 43.034459336605259 ], [ -1.51450566033404, 43.038615211763286 ], [ -1.508907693228139, 42.96678482941266 ], [ -1.117572857448258, 42.982496965711888 ], [ -1.112471555786423, 42.91065035290503 ], [ -0.819199065877987, 42.921485580061464 ], [ -0.814472092563915, 42.849629210781664 ], [ -0.716811417479781, 42.853058572070246 ], [ -0.712216484936889, 42.781202204828162 ], [ -0.614664834501719, 42.784538350732717 ], [ -0.610201350141051, 42.712682219042435 ], [ -0.512758807248415, 42.715925369862383 ], [ -0.517102141289675, 42.787785726400763 ], [ -0.419528701354291, 42.790944316151922 ], [ -0.428006379703314, 42.934686919965323 ], [ -0.330181141562829, 42.937764713145448 ], [ -0.326057880363264, 42.865887163091543 ], [ -0.130618771823413, 42.871767930524918 ], [ -0.122884518121285, 42.728011116733896 ], [ 0.072110960170295, 42.73352167375954 ], [ 0.075723663166704, 42.661643114289163 ], [ 0.270514624255209, 42.666791939896648 ], [ 0.267142171509942, 42.73867720907613 ], [ 0.559750802094372, 42.745744630472565 ], [ 0.562762651078999, 42.673850162351215 ], [ 0.95252922854581, 42.682019294985977 ], [ 0.949998564962769, 42.753924411330715 ], [ 1.047576904076738, 42.755747245049427 ], [ 1.049987210687278, 42.683839755577637 ], [ 1.147451135414039, 42.685571468935954 ], [ 1.145161207830164, 42.757481215916265 ], [ 1.340346518925511, 42.760682536016013 ], [ 1.342395626688406, 42.688768620959166 ], [ 1.732342869500341, 42.694097619236054 ], [ 1.735465791236169, 42.550270658868712 ], [ 1.832722892717333, 42.551378042149238 ], [ 1.834158976401816, 42.479470714015463 ], [ 1.737021489616508, 42.478364772563118 ], [ 1.738573365216878, 42.40646408935276 ], [ 1.932613212966926, 42.408584751853944 ], [ 1.933923210550217, 42.336686615958754 ], [ 2.127737834368926, 42.338451595992282 ], [ 2.126665953500228, 42.410352032855386 ], [ 2.029638118045012, 42.409512567323226 ], [ 2.028444243045441, 42.481417224799365 ], [ 2.319893467002652, 42.483673493659957 ], [ 2.321562969308755, 42.33986362066311 ], [ 2.612315272055867, 42.341319808946118 ], [ 2.611838833849358, 42.413223985191124 ], [ 2.514800740680106, 42.412826321338031 ], [ 2.514203735482024, 42.484735299159141 ], [ 2.61136122319103, 42.485133481488006 ], [ 2.610882435747712, 42.557048192675481 ], [ 2.513605259342791, 42.556649491176827 ], [ 2.513005306819466, 42.62856879207451 ], [ 2.415609628323488, 42.628080858772861 ], [ 2.41632955931748, 42.556162193256398 ], [ 2.319055630888547, 42.555586301260902 ], [ 2.317373750642033, 42.699427132062404 ], [ 2.414887919164314, 42.700004526846904 ], [ 2.413439139934204, 42.843866448014261 ], [ 2.315683541802695, 42.843287546401037 ], [ 2.314835294804674, 42.91522483285037 ], [ 2.216960638481899, 42.914556005934614 ], [ 2.217930041307369, 42.842619590545262 ], [ 2.12017893800031, 42.841862583679884 ], [ 2.119088388272045, 42.913798011893228 ], [ 2.021218844797823, 42.912950854399554 ], [ 2.020004150888437, 42.984889753462795 ], [ 1.43213220932114, 42.977925566662883 ], [ 1.430184338030387, 43.049859851912863 ], [ 1.234019173825472, 43.046820497708048 ], [ 1.23621029930908, 42.974890170433987 ], [ 1.040310107535143, 42.971497866275847 ], [ 1.037875808872471, 43.043423770441969 ], [ 0.743706920555923, 43.037658751273518 ], [ 0.74090107433774, 43.109581476812622 ], [ 0.54457924119092, 43.105286028015087 ], [ 0.547628621766123, 43.033368895162319 ], [ 0.449600664963219, 43.031090044692746 ], [ 0.446429558987804, 43.103004206782828 ], [ 0.348287769573761, 43.100633002302061 ], [ 0.351580571601776, 43.028721927216466 ], [ 0.253568642786696, 43.026264554225733 ], [ 0.250154175174131, 43.098172426094813 ], [ -0.142292213200558, 43.087436649593755 ], [ -0.146202719879748, 43.159334729345893 ], [ -0.244412609036443, 43.156423693592949 ], [ -0.240380304652746, 43.084529402734113 ], [ -0.338458391118883, 43.081532862367148 ], [ -0.342612455852373, 43.153423248167456 ], [ -0.735305379304861, 43.140527667965756 ], [ -0.730664669074554, 43.068654063280427 ], [ -0.926699960220669, 43.061679301457879 ], [ -0.931583740043822, 43.133543819628279 ], [ -1.618159404246707, 43.10628840429348 ] ], [ [ 0.061219118394101, 42.949185271586458 ], [ 0.159092514756409, 42.951817688479387 ], [ 0.169622247299005, 42.736143825512883 ], [ 0.072110960170295, 42.73352167375954 ], [ 0.061219118394101, 42.949185271586458 ] ], [ [ 0.84976893109268, 42.823920107485407 ], [ 0.947461639273887, 42.825834287315992 ], [ 0.949998564962769, 42.753924411330715 ], [ 0.852426487935529, 42.752012723565585 ], [ 0.84976893109268, 42.823920107485407 ] ], [ [ 1.829840086101922, 42.69520789197248 ], [ 2.024844927180042, 42.697162026233379 ], [ 2.026047658521584, 42.625242059662042 ], [ 1.928663833197799, 42.624310610517348 ], [ 1.929983536230008, 42.552396854391219 ], [ 1.832722892717333, 42.551378042149238 ], [ 1.829840086101922, 42.69520789197248 ] ] ], [ [ [ 8.937532350017921, 42.536576645716252 ], [ 8.930235931468651, 42.464865492183193 ], [ 8.833375201676583, 42.470217145551388 ], [ 8.819071666670938, 42.326795213422599 ], [ 8.722429211775685, 42.332045253727586 ], [ 8.715421173765563, 42.26033482815005 ], [ 8.908453676124697, 42.249760771961043 ], [ 8.901228373848712, 42.178069132039518 ], [ 8.997601151825297, 42.172657748146456 ], [ 9.034493434772992, 42.531129995029545 ], [ 8.937532350017921, 42.536576645716252 ] ] ] ] } },
{ "type": "Feature", "properties": { "statut_gen2": 2, "label": "Gen2 viable", "couleur": "#C0392B", "date_mise_a_jour": "2026-09-16" }, "geometry": { "type": "MultiPolygon", "coordinates": [ [ [ [ 6.206736320695256, 49.570845142172303 ], [ 6.202254422945389, 49.499007886349212 ], [ 6.091946706346445, 49.501872718471404 ], [ 6.087630949421842, 49.430025818035119 ], [ 6.30792665717329, 49.424203466628988 ], [ 6.317185546269556, 49.567876038815811 ], [ 6.206736320695256, 49.570845142172303 ] ] ], [ [ [ 5.965048030890656, 49.217201032087296 ], [ 5.960932064166551, 49.145328234081852 ], [ 6.070487671567177, 49.142581921611843 ], [ 6.074755628323678, 49.214451102343489 ], [ 5.965048030890656, 49.217201032087296 ] ] ], [ [ [ 3.657364880260757, 49.108020001867033 ], [ 3.656454068013368, 49.036091313313349 ], [ 3.87525640784806, 49.034695966649302 ], [ 3.87647075881078, 49.106622816671056 ], [ 3.657364880260757, 49.108020001867033 ] ] ], [ [ [ 6.375658921942948, 48.774380013827432 ], [ 6.366379831484806, 48.630600401549763 ], [ 6.149432225112476, 48.636536669638616 ], [ 6.145108886496516, 48.564632312977658 ], [ 6.36175937839201, 48.558703839668198 ], [ 6.357151583691516, 48.486802930755999 ], [ 6.681587310348798, 48.477183174642072 ], [ 6.686639166294762, 48.549071440016526 ], [ 6.794905222250452, 48.545663458472141 ], [ 6.800119264589224, 48.617542878358705 ], [ 6.691704895438079, 48.620955339332284 ], [ 6.696784554962448, 48.692834754962085 ], [ 6.479616822791651, 48.699372118204963 ], [ 6.484412044792131, 48.771255529320904 ], [ 6.375658921942948, 48.774380013827432 ] ] ], [ [ [ 8.072017034343492, 48.281612597516713 ], [ 8.065104234742822, 48.209779824346434 ], [ 8.17256757111288, 48.205116710515149 ], [ 8.179626202506258, 48.276943365992175 ], [ 8.072017034343492, 48.281612597516713 ] ] ], [ [ [ 5.571501760244663, 47.930252571177199 ], [ 5.568018389703232, 47.858293164134373 ], [ 5.674938947741261, 47.855903300462273 ], [ 5.678567131943478, 47.927859570001978 ], [ 5.571501760244663, 47.930252571177199 ] ] ], [ [ [ 8.450291713784639, 47.7596150424787 ], [ 8.442936872960306, 47.687781718534794 ], [ 8.549313424658857, 47.682773834858317 ], [ 8.556811067640783, 47.754600599250459 ], [ 8.450291713784639, 47.7596150424787 ] ] ], [ [ [ 9.08909640551073, 47.728075490342043 ], [ 9.080886006065827, 47.656283412766861 ], [ 9.187135832872452, 47.650695323933412 ], [ 9.195488522174653, 47.722480086886236 ], [ 9.08909640551073, 47.728075490342043 ] ] ], [ [ [ -3.408204767741374, 47.710999132408048 ], [ -3.390953976428666, 47.567456308744966 ], [ -3.284891148522028, 47.573230013598682 ], [ -3.301858102506133, 47.716787957525938 ], [ -3.408204767741374, 47.710999132408048 ] ] ], [ [ [ 8.663310167713759, 47.749489259847678 ], [ 8.655669804177419, 47.677669181047442 ], [ 8.762005631460534, 47.672467784138426 ], [ 8.754243562410466, 47.600651271118764 ], [ 9.072697674627872, 47.584488058385624 ], [ 9.080886006065827, 47.656283412766861 ], [ 8.868320526897774, 47.667169671673143 ], [ 8.876246080671885, 47.73897600147513 ], [ 8.663310167713759, 47.749489259847678 ] ] ], [ [ [ 8.223074807135767, 47.62565780757118 ], [ 8.21604379171637, 47.55380546400891 ], [ 8.322174766775623, 47.54900378643589 ], [ 8.329347981827734, 47.620849841237323 ], [ 8.223074807135767, 47.62565780757118 ] ] ], [ [ [ 7.930782122037858, 49.080651809946595 ], [ 7.917153143129824, 48.937060398414829 ], [ 7.699140564847826, 48.945816080967148 ], [ 7.692653686882324, 48.874001080745273 ], [ 7.474869087486494, 48.882349110009173 ], [ 7.468698982764886, 48.810518125876541 ], [ 7.359930473262478, 48.814538238566449 ], [ 7.336013265052596, 48.527145529275529 ], [ 7.444187602956944, 48.523146479221175 ], [ 7.425979624075848, 48.307570950414046 ], [ 7.318246685308965, 48.311554286292662 ], [ 7.306482884690322, 48.167806311172711 ], [ 7.199026258296326, 48.171681391186745 ], [ 7.187617143794335, 48.027907975481135 ], [ 7.294782940967449, 48.024043046154482 ], [ 7.288956753338531, 47.952155972292395 ], [ 7.181935782945438, 47.956015837563946 ], [ 7.164983735174412, 47.740319103409263 ], [ 7.058379718056702, 47.744066746020628 ], [ 7.041993289192011, 47.528327273840318 ], [ 7.14816844147969, 47.524594332099092 ], [ 7.153758446672687, 47.596505510851721 ], [ 7.472619658027758, 47.58471115538466 ], [ 7.466602306666807, 47.512815413758894 ], [ 7.890952896327611, 47.495757427727639 ], [ 7.89753912232837, 47.567630820386228 ], [ 7.685113348086897, 47.57636441865656 ], [ 7.710491528144876, 47.863873316523524 ], [ 7.817285654090639, 47.859532179336014 ], [ 7.823817266820855, 47.931395535296311 ], [ 8.037640193402755, 47.922409924534861 ], [ 8.04447828218944, 47.994257986238914 ], [ 7.937431525394203, 47.998805397001973 ], [ 7.964388997498765, 48.286183914968809 ], [ 8.072017034343492, 48.281612597516713 ], [ 8.08589931705292, 48.425265680204184 ], [ 7.977978276193135, 48.42984900447734 ], [ 7.991642056969087, 48.573496727347951 ], [ 8.099857694903079, 48.568901360300771 ], [ 8.113892794402298, 48.712518694690694 ], [ 8.22238529686258, 48.707812564499953 ], [ 8.236795413563895, 48.851398234362939 ], [ 8.345565671857548, 48.846580813808821 ], [ 8.352949908203245, 48.918359774527346 ], [ 8.244030290552113, 48.923183525221646 ], [ 8.251285156315841, 48.994963628552711 ], [ 8.142195698909699, 48.99969454335465 ], [ 8.149320374224834, 49.071475560000778 ], [ 7.930782122037858, 49.080651809946595 ] ] ], [ [ [ -3.268015120496779, 47.429659342838079 ], [ -3.259610976095198, 47.357869526257609 ], [ -3.153948633959956, 47.363524563182807 ], [ -3.162212079322765, 47.435321776618736 ], [ -3.268015120496779, 47.429659342838079 ] ] ], [ [ [ -2.950539840437575, 47.446357940684912 ], [ -2.934597619172898, 47.302731875019546 ], [ -2.829010717436609, 47.308091513269986 ], [ -2.844671389785635, 47.451731612845578 ], [ -2.950539840437575, 47.446357940684912 ] ] ], [ [ [ -3.153948633959956, 47.363524563182807 ], [ -3.137487918834808, 47.219921787646662 ], [ -3.03208395034962, 47.225466212368417 ], [ -3.048264203948636, 47.369083500229479 ], [ -3.153948633959956, 47.363524563182807 ] ] ], [ [ [ 4.272278358135146, 47.375377571576223 ], [ 4.27057250317392, 47.303368919109815 ], [ 4.376432922615031, 47.302161851523493 ], [ 4.37828084898667, 47.374168920653005 ], [ 4.272278358135146, 47.375377571576223 ] ] ], [ [ [ -2.349096418701765, 46.753698074622427 ], [ -2.342011566186773, 46.681830270137311 ], [ -2.237576255391446, 46.686652267265899 ], [ -2.244523423667931, 46.758526375604696 ], [ -2.349096418701765, 46.753698074622427 ] ] ], [ [ [ 6.450506733344483, 46.610132365253762 ], [ 6.445946567011412, 46.538166022798656 ], [ 6.341650518973923, 46.541261147931074 ], [ 6.337239704381543, 46.469289640401776 ], [ 6.233069356424845, 46.472285776307487 ], [ 6.22880717097347, 46.400309352848588 ], [ 6.124762613612168, 46.403206737495942 ], [ 6.120648337065263, 46.331225646576812 ], [ 6.016729657511474, 46.334024518003282 ], [ 6.012762572001826, 46.262039007419183 ], [ 5.908969854194805, 46.264739603727328 ], [ 5.901338652488156, 46.120759711282709 ], [ 6.211870155599208, 46.112395976036424 ], [ 6.220316406044052, 46.256353974422709 ], [ 6.324076808633146, 46.253369567050562 ], [ 6.328452894936082, 46.325343736464234 ], [ 6.432338057255287, 46.322260728149189 ], [ 6.436862276351752, 46.394230090593616 ], [ 6.852826398131647, 46.380934044521332 ], [ 6.85790991131335, 46.452885120907581 ], [ 6.649679575709601, 46.459731630239311 ], [ 6.654502212058667, 46.531690631753854 ], [ 6.550230585252038, 46.534975845226867 ], [ 6.554928387615909, 46.606938012999372 ], [ 6.450506733344483, 46.610132365253762 ] ] ], [ [ [ 6.211870155599208, 46.112395976036424 ], [ 6.207663614116933, 46.040416277105699 ], [ 6.31101727972546, 46.037443548082692 ], [ 6.315359046037811, 46.109419359779409 ], [ 6.211870155599208, 46.112395976036424 ] ] ], [ [ [ 5.871209897214793, 45.544832618425836 ], [ 5.867487723798692, 45.472842739318352 ], [ 5.96980311383939, 45.470180678810806 ], [ 5.97365785211735, 45.542167079408522 ], [ 5.871209897214793, 45.544832618425836 ] ] ], [ [ [ 5.96980311383939, 45.470180678810806 ], [ 5.965958351686133, 45.398194870314846 ], [ 6.068131581590846, 45.395443134688037 ], [ 6.072108527788832, 45.467425348051293 ], [ 5.96980311383939, 45.470180678810806 ] ] ], [ [ [ 5.694267165895941, 46.125863631355777 ], [ 5.687216807453743, 45.981868761351031 ], [ 5.790486861494236, 45.979370539905091 ], [ 5.783204197970896, 45.835381477158343 ], [ 5.680203237328857, 45.837873178005509 ], [ 5.683705441864362, 45.909871002576828 ], [ 5.580560948813429, 45.912271918690884 ], [ 5.553862387448006, 45.336271941645535 ], [ 5.65594133194832, 45.333895984454536 ], [ 5.67322616844174, 45.69387778078319 ], [ 5.775959432734772, 45.691392582065845 ], [ 5.768752270846006, 45.547404751950666 ], [ 5.871209897214793, 45.544832618425836 ], [ 5.88243459756067, 45.760804720164465 ], [ 5.985282313311139, 45.758128716121831 ], [ 5.98917734671484, 45.830116366728269 ], [ 6.092148836884562, 45.827342984071585 ], [ 6.096188298573155, 45.899327041146158 ], [ 5.889966594273491, 45.904787054976751 ], [ 5.893747366536704, 45.97677816573065 ], [ 5.996997970779614, 45.974091652123803 ], [ 6.00092364141586, 46.046079061963951 ], [ 5.794142498126472, 46.051364853120553 ], [ 5.797807721335892, 46.123358870735601 ], [ 5.694267165895941, 46.125863631355777 ] ] ], [ [ [ 2.28376178039621, 45.435146724959928 ], [ 2.285613138007606, 45.291080941710277 ], [ 2.387663971629113, 45.291686098068354 ], [ 2.386077059127218, 45.435753464567753 ], [ 2.28376178039621, 45.435146724959928 ] ] ], [ [ [ 2.183564690859499, 45.290382692626338 ], [ 2.184618486713158, 45.2183521477507 ], [ 2.286535232453016, 45.219049485367968 ], [ 2.285613138007606, 45.291080941710277 ], [ 2.183564690859499, 45.290382692626338 ] ] ], [ [ [ 5.550563847631141, 45.264274523806037 ], [ 5.54727381458464, 45.192278050702093 ], [ 5.649089799292534, 45.189908289425844 ], [ 5.652511142852697, 45.26190166674477 ], [ 5.550563847631141, 45.264274523806037 ] ] ], [ [ [ 5.754449592568248, 45.259435864648879 ], [ 5.750896972652763, 45.187445704227372 ], [ 5.85269499738141, 45.184890307545139 ], [ 5.856378858190535, 45.256877129990343 ], [ 5.754449592568248, 45.259435864648879 ] ] ], [ [ [ 5.649089799292534, 45.189908289425844 ], [ 5.642273512320051, 45.045924800172095 ], [ 5.743819143528052, 45.043468635277051 ], [ 5.750896972652763, 45.187445704227372 ], [ 5.649089799292534, 45.189908289425844 ] ] ], [ [ [ 5.325615593315921, 44.764751467060577 ], [ 5.32264224157883, 44.692758937750689 ], [ 5.423564597860066, 44.690594722781604 ], [ 5.426666987037821, 44.76258442635902 ], [ 5.325615593315921, 44.764751467060577 ] ] ], [ [ [ 5.809218229518549, 44.321161372930149 ], [ 5.802100562332262, 44.177234530637378 ], [ 5.902087039461788, 44.174634259634303 ], [ 5.9094582327427, 44.318554312304705 ], [ 5.809218229518549, 44.321161372930149 ] ] ], [ [ [ 7.588563449028392, 43.972743844661053 ], [ 7.582780638270949, 43.90086860269939 ], [ 7.682175416655967, 43.896647306359782 ], [ 7.688083065992361, 43.968517048322617 ], [ 7.588563449028392, 43.972743844661053 ] ] ], [ [ [ 6.334314632450079, 43.009646648439784 ], [ 6.330181141562829, 42.937764713145448 ], [ 6.428006379703315, 42.934686919965323 ], [ 6.432260991864223, 43.006564844887095 ], [ 6.334314632450079, 43.009646648439784 ] ] ], [ [ [ 2.232015163870694, 49.179294057867253 ], [ 2.233080704180994, 49.107371304295405 ], [ 2.013981152364268, 49.105774543096622 ], [ 2.015347252553104, 49.033848809275646 ], [ 1.687182592023922, 49.030709458253646 ], [ 1.688998799665713, 48.958782887775676 ], [ 1.798231263254441, 48.95992747147632 ], [ 1.801547342834359, 48.816056875207487 ], [ 1.91048306556489, 48.817099203844833 ], [ 1.907468326913583, 48.960972547096333 ], [ 2.016709572791142, 48.961918108926376 ], [ 2.019422935992386, 48.818042280209959 ], [ 2.128366539617207, 48.818886099166853 ], [ 2.130765221719291, 48.674989600593399 ], [ 2.022121366262231, 48.674147998814924 ], [ 2.023465020016288, 48.602194232140782 ], [ 1.914974108256158, 48.601254869867894 ], [ 1.917947625148667, 48.457337137734847 ], [ 1.809758032375281, 48.456301640260271 ], [ 1.806487293119572, 48.600216646116465 ], [ 1.698004983911567, 48.599079566513801 ], [ 1.69621365894577, 48.671029234526543 ], [ 1.587587079501393, 48.669791678924433 ], [ 1.583689997979726, 48.813674484361378 ], [ 1.474769204343533, 48.812334435125486 ], [ 1.483139460467104, 48.52455830739143 ], [ 1.374821854644102, 48.523126582827722 ], [ 1.379268871920036, 48.3792168783202 ], [ 1.163244747876369, 48.376065636593786 ], [ 1.168256599123264, 48.232148505715045 ], [ 1.060549114380941, 48.230429768710806 ], [ 1.063191432189965, 48.158467855977818 ], [ 0.848091692784312, 48.154740824627893 ], [ 0.845156198858086, 48.226697839711775 ], [ 0.629795354097325, 48.222573371798248 ], [ 0.626557998093506, 48.294521259282305 ], [ 0.410938720447287, 48.289998405455982 ], [ 0.407398010311886, 48.361936516373014 ], [ -0.02431000397968, 48.351698874251696 ], [ -0.011956050954265, 48.135913383055417 ], [ -0.119415951609976, 48.133119235909881 ], [ -0.115174531102009, 48.061186992902883 ], [ -0.222477095956605, 48.058298748239402 ], [ -0.231263445241812, 48.202152010322692 ], [ -0.338845954715176, 48.199158171577984 ], [ -0.343403632190632, 48.271075295549615 ], [ -0.451120210139859, 48.267979408892074 ], [ -0.455837208756967, 48.339888587762289 ], [ -0.779348526596627, 48.329999432037866 ], [ -0.769048007751524, 48.186203115658124 ], [ -0.876564541707892, 48.182719513333026 ], [ -0.871289438206631, 48.1108201843332 ], [ -1.085987426394398, 48.10356882145917 ], [ -1.080435903407822, 48.031675320718428 ], [ -1.187617143794335, 48.027907975481135 ], [ -1.193313947913367, 48.099796532295592 ], [ -1.407920079389535, 48.091958839470742 ], [ -1.413923547007736, 48.163833412357739 ], [ -1.521347851068598, 48.159762716031501 ], [ -1.527513550457991, 48.231628116178257 ], [ -1.850121579918761, 48.21881266840181 ], [ -1.843518677396924, 48.146964062677505 ], [ -1.9508736140046, 48.142502399594044 ], [ -1.930737780844836, 47.92695138074464 ], [ -2.037640193402755, 47.922409924534861 ], [ -2.024019407190836, 47.778703329175073 ], [ -2.237193773201134, 47.769353134500513 ], [ -2.230124775422404, 47.697507069871186 ], [ -2.123689991847253, 47.702224485991664 ], [ -2.116782679644929, 47.630369051779354 ], [ -2.541835953929762, 47.61094384447631 ], [ -2.549313424658857, 47.682773834858317 ], [ -2.868320526897773, 47.667169671673143 ], [ -2.876246080671884, 47.73897600147513 ], [ -3.08909640551073, 47.728075490342043 ], [ -3.064531322519703, 47.512689543849284 ], [ -2.852533266907824, 47.523547360839594 ], [ -2.844671389785635, 47.451731612845578 ], [ -2.526941204997794, 47.467274651588092 ], [ -2.504748358380251, 47.251749575285245 ], [ -2.293673685259361, 47.26159098628974 ], [ -2.279537139464267, 47.117869060616101 ], [ -2.174251469766991, 47.122633197875871 ], [ -2.167351013040043, 47.050762533485859 ], [ -2.272497100091139, 47.046004621161309 ], [ -2.258473114027846, 46.902269365728728 ], [ -2.153605089785703, 46.907014855180691 ], [ -2.139932001863536, 46.763259478002439 ], [ -2.035322515522479, 46.767897357207524 ], [ -2.028650933052983, 46.696011012305277 ], [ -1.924161643520373, 46.700547711624033 ], [ -1.91114601877671, 46.55675858159011 ], [ -1.806914309383913, 46.561188541519471 ], [ -1.794240635448247, 46.41738251443654 ], [ -1.586274472520825, 46.425935265534093 ], [ -1.580235171752801, 46.354019382919248 ], [ -1.476364381974532, 46.358148291289694 ], [ -1.470476956092905, 46.286226050403179 ], [ -1.574211737647157, 46.282102532071953 ], [ -1.568204107827569, 46.210184826656374 ], [ -1.464604979963152, 46.214302962634576 ], [ -1.458748392914918, 46.14237914148557 ], [ -1.148266347563656, 46.154151845651505 ], [ -1.137408448552315, 46.010271747347574 ], [ -1.240647307120359, 46.00645178755731 ], [ -1.246203922260006, 46.078387087128711 ], [ -1.452907134594759, 46.070454700317413 ], [ -1.447081144964077, 45.99852975235067 ], [ -1.343871655814583, 46.002537782537686 ], [ -1.332533513404009, 45.858676366584902 ], [ -1.229577549904996, 45.862580164198064 ], [ -1.213080750564226, 45.646771859940635 ], [ -1.110510536660205, 45.650566965242206 ], [ -1.099848955844021, 45.506685602313411 ], [ -1.202154123995117, 45.50290038978838 ], [ -1.169711363705539, 45.071299352917841 ], [ -1.271215732468285, 45.067451184625533 ], [ -1.260252860167897, 44.923601627374453 ], [ -1.361483657039709, 44.919671273137361 ], [ -1.311687230446379, 44.272470837500435 ], [ -1.41175284479867, 44.268495198037975 ], [ -1.389480740106342, 43.980925660387221 ], [ -1.489029236012378, 43.976880055478887 ], [ -1.466482728000848, 43.689374844927045 ], [ -1.565519234047753, 43.685260120352879 ], [ -1.554083610858859, 43.541536587569873 ], [ -1.652858848965127, 43.537342679246777 ], [ -1.647039483971634, 43.465491329790687 ], [ -1.745677214821015, 43.461213130642562 ], [ -1.739749745014856, 43.389370789886463 ], [ -1.838250078457568, 43.385008545986381 ], [ -1.826195162546486, 43.241345944693023 ], [ -1.727939063096734, 43.245696850519145 ], [ -1.722055741102511, 43.17386546725735 ], [ -1.623906700238527, 43.178121454303358 ], [ -1.629668302650519, 43.249958379361068 ], [ -1.433084003824266, 43.258213223616394 ], [ -1.427565999734148, 43.18636556254949 ], [ -1.525743352998431, 43.182288159481779 ], [ -1.520117529658975, 43.110449690820403 ], [ -0.931583740043822, 43.133543819628279 ], [ -0.926699960220669, 43.061679301457879 ], [ -0.730664669074554, 43.068654063280427 ], [ -0.735305379304861, 43.140527667965756 ], [ -0.342612455852373, 43.153423248167456 ], [ -0.338458391118883, 43.081532862367148 ], [ -0.240380304652746, 43.084529402734113 ], [ -0.244412609036443, 43.156423693592949 ], [ -0.146202719879748, 43.159334729345893 ], [ -0.142292213200558, 43.087436649593755 ], [ 0.250154175174131, 43.098172426094813 ], [ 0.253568642786696, 43.026264554225733 ], [ 0.351580571601776, 43.028721927216466 ], [ 0.348287769573761, 43.100633002302061 ], [ 0.446429558987804, 43.103004206782828 ], [ 0.449600664963219, 43.031090044692746 ], [ 0.547628621766123, 43.033368895162319 ], [ 0.54457924119092, 43.105286028015087 ], [ 0.74090107433774, 43.109581476812622 ], [ 0.743706920555923, 43.037658751273518 ], [ 1.037875808872471, 43.043423770441969 ], [ 1.040310107535143, 42.971497866275847 ], [ 1.23621029930908, 42.974890170433987 ], [ 1.234019173825472, 43.046820497708048 ], [ 1.430184338030387, 43.049859851912863 ], [ 1.43213220932114, 42.977925566662883 ], [ 2.020004150888437, 42.984889753462795 ], [ 2.021218844797823, 42.912950854399554 ], [ 2.119088388272045, 42.913798011893228 ], [ 2.12017893800031, 42.841862583679884 ], [ 2.217930041307369, 42.842619590545262 ], [ 2.216960638481899, 42.914556005934614 ], [ 2.314835294804674, 42.91522483285037 ], [ 2.315683541802695, 42.843287546401037 ], [ 2.413439139934204, 42.843866448014261 ], [ 2.414887919164314, 42.700004526846904 ], [ 2.317373750642033, 42.699427132062404 ], [ 2.319055630888547, 42.555586301260902 ], [ 2.41632955931748, 42.556162193256398 ], [ 2.415609628323488, 42.628080858772861 ], [ 2.513005306819466, 42.62856879207451 ], [ 2.513605259342791, 42.556649491176827 ], [ 2.610882435747712, 42.557048192675481 ], [ 2.61136122319103, 42.485133481488006 ], [ 2.514203735482024, 42.484735299159141 ], [ 2.514800740680106, 42.412826321338031 ], [ 2.611838833849358, 42.413223985191124 ], [ 2.612315272055867, 42.341319808946118 ], [ 2.709235431894853, 42.34162870230962 ], [ 2.708878099466887, 42.413533281280117 ], [ 2.902958975656933, 42.413886764647259 ], [ 2.902839570283977, 42.485797125086734 ], [ 3.0, 42.485841368277072 ], [ 3.0, 42.413930950227325 ], [ 3.194081755560785, 42.413754208119258 ], [ 3.194559963299746, 42.557579799154041 ], [ 3.09728012929859, 42.55771270157372 ], [ 3.098248449289399, 43.133212421610189 ], [ 3.196496594375203, 43.133078126299345 ], [ 3.196741387464696, 43.205035714663779 ], [ 3.295111317847897, 43.204811597923502 ], [ 3.295479420642223, 43.276773049769332 ], [ 3.590950566472586, 43.275561256479705 ], [ 3.591688579895704, 43.347525176166151 ], [ 3.690298677752777, 43.346940968545248 ], [ 3.69116182911166, 43.418908065584581 ], [ 3.789893058072009, 43.418233108209655 ], [ 3.790881963512434, 43.490203156003098 ], [ 3.889734306203176, 43.489437216373048 ], [ 3.890849584098803, 43.561409987693494 ], [ 4.088793347140292, 43.559605467599141 ], [ 4.087430315275324, 43.48763504739852 ], [ 4.482778959017094, 43.482949683387062 ], [ 4.479076126685044, 43.339032304529006 ], [ 4.873364010693805, 43.332921840086321 ], [ 4.875705709179613, 43.404870651259003 ], [ 4.974386947891581, 43.403116225421876 ], [ 4.97192215215545, 43.331169699329358 ], [ 5.267558480568791, 43.32537455299024 ], [ 5.264731600048892, 43.253439484534013 ], [ 5.363140631108951, 43.251330975139275 ], [ 5.36019840106508, 43.179402659700436 ], [ 5.458477729825283, 43.177207374458469 ], [ 5.45542075880908, 43.105286028015087 ], [ 5.749845824825869, 43.098172426094813 ], [ 5.746431357213305, 43.026264554225733 ], [ 6.040415147626327, 43.018357023566509 ], [ 6.036645244690227, 42.946463752206974 ], [ 6.232345673766006, 42.94075345915688 ], [ 6.236358005285926, 43.012639289006479 ], [ 6.334314632450079, 43.009646648439784 ], [ 6.338458391118883, 43.081532862367148 ], [ 6.436526171552074, 43.078447043041983 ], [ 6.432260991864223, 43.006564844887095 ], [ 6.53019678378388, 43.003393893290408 ], [ 6.534583345095863, 43.075271959739297 ], [ 6.632629611089723, 43.072007627871095 ], [ 6.637148721563671, 43.143885601887376 ], [ 6.735305379304862, 43.140527667965756 ], [ 6.7492969902058, 43.35617230729612 ], [ 6.847808578607541, 43.352711548719292 ], [ 6.852618521691036, 43.424596169758608 ], [ 6.951240847507737, 43.421041120691605 ], [ 6.956185850039171, 43.492924716147236 ], [ 7.15363910522851, 43.485535730453265 ], [ 7.164059978577222, 43.629294023248029 ], [ 7.361954537069164, 43.62152545872182 ], [ 7.367432152739566, 43.693399432687151 ], [ 7.466482728000849, 43.689374844927045 ], [ 7.472098118237852, 43.761246717022644 ], [ 7.571258585359778, 43.757126631849161 ], [ 7.582780638270949, 43.90086860269939 ], [ 7.383947770311475, 43.909039770853042 ], [ 7.378428717366363, 43.837156697260994 ], [ 7.27911593956251, 43.841101388394677 ], [ 7.28451030499193, 43.91298960243806 ], [ 7.185059235392959, 43.916848906279476 ], [ 7.190342153623915, 43.988744973135752 ], [ 7.090752690705627, 43.99251864241517 ], [ 7.085594874299054, 43.920617663368752 ], [ 6.886627530020199, 43.927883463471652 ], [ 6.881732415157068, 43.855975862669389 ], [ 7.080450036391678, 43.84871952083887 ], [ 7.075318128102305, 43.776824323505309 ], [ 6.976090151772809, 43.780492945926682 ], [ 6.971095339073585, 43.708596027412696 ], [ 6.673710157648599, 43.719046113563593 ], [ 6.669099859570597, 43.64713876133478 ], [ 6.17385103922731, 43.662729392627291 ], [ 6.177840495950662, 43.734657069629158 ], [ 6.277035746673919, 43.731715537460374 ], [ 6.281159799756075, 43.803642593867885 ], [ 6.181839989168847, 43.80658796144651 ], [ 6.193899067759892, 44.022398842619864 ], [ 5.994478074531747, 44.028040147434417 ], [ 6.002064206874397, 44.17194288007294 ], [ 5.902087039461788, 44.174634259634303 ], [ 5.894753085346654, 44.030724519103906 ], [ 5.59552394959474, 44.038232353345656 ], [ 5.592247893787149, 43.966271841541108 ], [ 5.49261359538394, 43.968589627753218 ], [ 5.495763905423193, 44.040553163277707 ], [ 5.296220223261913, 44.044922011415956 ], [ 5.299126287703627, 44.116894060535891 ], [ 5.199217134645044, 44.118944749434348 ], [ 5.204798121023321, 44.262902231784082 ], [ 5.304960533549706, 44.260846187276663 ], [ 5.313767617021608, 44.476792813256722 ], [ 5.012112255631392, 44.482710122665573 ], [ 5.014678589464368, 44.554704535137382 ], [ 5.115365476060584, 44.552821315789686 ], [ 5.120775084765238, 44.696811313210446 ], [ 5.221712294221167, 44.6948311380172 ], [ 5.224556579343823, 44.766826373028223 ], [ 5.325615593315921, 44.764751467060577 ], [ 5.32859656532815, 44.836745723652115 ], [ 5.02500971030044, 44.842701763909204 ], [ 5.030215096985959, 44.986710585887565 ], [ 5.131677712335277, 44.984812562836225 ], [ 5.13442090280347, 45.056816660445406 ], [ 5.337585497005337, 45.05273775447651 ], [ 5.346644075895904, 45.26874135528135 ], [ 5.448608045667553, 45.266554423829596 ], [ 5.474174289794648, 45.842574807239245 ], [ 5.371147001972597, 45.844784711573212 ], [ 5.393010560106585, 46.348827695825399 ], [ 5.289026225067711, 46.350963098034242 ], [ 5.298108129999426, 46.566981227726146 ], [ 5.402504534380942, 46.564837428549687 ], [ 5.405685949974654, 46.636838683895952 ], [ 5.510212002634312, 46.634596762353695 ], [ 5.523578207883422, 46.922577037357065 ], [ 5.628651183408195, 46.920227543747274 ], [ 5.625156826425427, 46.848237729772968 ], [ 5.730081044097954, 46.845795644005804 ], [ 5.733714847311281, 46.917782259052551 ], [ 5.943812757600694, 46.912604368038402 ], [ 5.959567721836131, 47.200505957289934 ], [ 6.170745806732581, 47.194915862319085 ], [ 6.174993259128692, 47.266878915277736 ], [ 6.386408128537988, 47.260896095287201 ], [ 6.390949879842312, 47.332849059132954 ], [ 6.285106896530666, 47.335892619996478 ], [ 6.293943023058997, 47.479799294393771 ], [ 6.506184698464025, 47.473599505964792 ], [ 6.510905692760862, 47.545540872914735 ], [ 6.617150184704709, 47.542291695946012 ], [ 6.626916479861036, 47.68615760632111 ], [ 6.520385899239606, 47.689415310636292 ], [ 6.525145214620616, 47.761348149751136 ], [ 6.418458134995443, 47.764512940051198 ], [ 6.427726939387985, 47.908377589186387 ], [ 6.21373837390414, 47.914431398468381 ], [ 6.20938675230438, 47.842492731873669 ], [ 6.102519156875537, 47.8453696321751 ], [ 6.106726180392083, 47.917312074616568 ], [ 5.785622651842814, 47.92536900620334 ], [ 5.770591869881419, 47.637538543667596 ], [ 5.66411310773592, 47.640016075402571 ], [ 5.66771197526371, 47.71198143720364 ], [ 5.347788023756234, 47.718840654962257 ], [ 5.344620206031278, 47.646866304016783 ], [ 5.238104987945682, 47.648955550963045 ], [ 5.241129051080335, 47.720932643760435 ], [ 4.921104601550458, 47.726625203088041 ], [ 4.923704224059215, 47.798606870970033 ], [ 5.030530811788055, 47.796804232754063 ], [ 5.033282106102522, 47.868780531588222 ], [ 4.819332602108852, 47.872293028453136 ], [ 4.81687059264599, 47.800312123798534 ], [ 4.71003030801124, 47.801919982156804 ], [ 4.707719245013972, 47.729933970477454 ], [ 4.601017016335409, 47.73144244535245 ], [ 4.598856120025164, 47.659451576124347 ], [ 4.385722435824755, 47.662173095521418 ], [ 4.387595403982333, 47.734167537344796 ], [ 4.494308939559951, 47.732853636810461 ], [ 4.496331341650429, 47.804843481722173 ], [ 4.6031837607639, 47.803430437480152 ], [ 4.605356377080017, 47.875415436732261 ], [ 4.712347633644022, 47.873902998025358 ], [ 4.714671247399056, 47.945882902167213 ], [ 4.821801291891784, 47.944270818247276 ], [ 4.824276689216056, 48.016245377123894 ], [ 4.717001174901544, 48.017859578535187 ], [ 4.721680074347661, 48.161802783106218 ], [ 4.829247716115065, 48.160184337241787 ], [ 4.841794599580877, 48.519967047340167 ], [ 4.95009263407975, 48.518239253508519 ], [ 4.947421265834421, 48.446292840928145 ], [ 5.055563749640276, 48.444468774134229 ], [ 5.061210656678845, 48.588352630570299 ], [ 4.952771339775964, 48.590181498603954 ], [ 4.958150884751958, 48.734053017265062 ], [ 4.631894610871663, 48.738959662667838 ], [ 4.634145784638761, 48.810895159562804 ], [ 4.525230795656467, 48.812334435125486 ], [ 4.529450656430169, 48.956195221685917 ], [ 4.420228646106222, 48.957538802246958 ], [ 4.422196110106771, 49.029463734032298 ], [ 4.203433667149127, 49.031855549624389 ], [ 4.205103216783154, 49.103778657241712 ], [ 4.314638654333459, 49.102631055899955 ], [ 4.316464960402017, 49.174547562644186 ], [ 3.987388743528415, 49.177695192339634 ], [ 3.986018847635733, 49.105774543096622 ], [ 4.095563140771446, 49.104826488221477 ], [ 4.094045307109442, 49.032902001873687 ], [ 3.87525640784806, 49.034695966649302 ], [ 3.874045417060913, 48.962764151800542 ], [ 3.983290427208859, 48.961918108926376 ], [ 3.980577064007614, 48.818042280209959 ], [ 4.416310002020275, 48.813674484361378 ], [ 4.414358777076405, 48.741735333785257 ], [ 4.523129584325443, 48.740397046196613 ], [ 4.516860539532897, 48.52455830739143 ], [ 4.300208606272767, 48.527125631428355 ], [ 4.30378634105423, 48.671029234526543 ], [ 3.977878633737769, 48.674147998814924 ], [ 3.979225989971146, 48.74609738730986 ], [ 3.870432466868157, 48.746940096837939 ], [ 3.869234778280709, 48.674989600593399 ], [ 3.760587631531513, 48.675732201150112 ], [ 3.758500245203346, 48.531816245939282 ], [ 3.108360442765689, 48.534186393511284 ], [ 3.108509350395415, 48.606149618611781 ], [ 3.217018290975287, 48.606001286459176 ], [ 3.217316924174777, 48.677960063304234 ], [ 3.434630556328198, 48.677365957858527 ], [ 3.435830006688415, 48.821268717105987 ], [ 3.326873957224413, 48.821616190896883 ], [ 3.327325621636309, 48.893561176810813 ], [ 3.218217775498622, 48.893809700568987 ], [ 3.218519721267726, 48.965750290173169 ], [ 3.109260069824064, 48.965899601375163 ], [ 3.109411461956586, 49.037835546760633 ], [ 3.0, 49.037885382820249 ], [ 3.0, 49.109816435353466 ], [ 2.452192066195435, 49.108568905830147 ], [ 2.451430930759043, 49.180493237738155 ], [ 2.232015163870694, 49.179294057867253 ] ], [ [ 2.233080704180994, 49.107371304295405 ], [ 2.342635119739244, 49.108020001867033 ], [ 2.343545931986633, 49.036091313313349 ], [ 2.234143291913451, 49.035443469358768 ], [ 2.233080704180994, 49.107371304295405 ] ], [ [ -1.080435903407822, 48.031675320718428 ], [ -0.973239611505957, 48.035345061732492 ], [ -0.967848090598469, 47.963443178140864 ], [ -1.074899431991923, 47.959778246205708 ], [ -1.080435903407822, 48.031675320718428 ] ], [ [ 5.880946593010494, 47.706922705376577 ], [ 5.987548334658098, 47.704247603015332 ], [ 5.983518771074577, 47.632292375006664 ], [ 5.877060552874388, 47.634963972315944 ], [ 5.880946593010494, 47.706922705376577 ] ], [ [ 4.383854516577436, 47.590175897511742 ], [ 4.490280489776183, 47.588865439534025 ], [ 4.482288394003885, 47.300858248318605 ], [ 4.376432922615031, 47.302161851523493 ], [ 4.37091875264588, 47.086128023098503 ], [ 4.160041278705446, 47.088436522715924 ], [ 4.156951168906725, 46.944398559220062 ], [ 3.946618803636069, 46.946317348960712 ], [ 3.947881343353406, 47.018339704440947 ], [ 4.053189626624331, 47.017427076235791 ], [ 4.057420489806907, 47.233479809519004 ], [ 4.163147938309426, 47.232467159923971 ], [ 4.16159253148383, 47.16045281436368 ], [ 4.267174478509744, 47.159345195840757 ], [ 4.27057250317392, 47.303368919109815 ], [ 4.164707515889367, 47.304479444713657 ], [ 4.166271281020489, 47.376489553915881 ], [ 4.272278358135146, 47.375377571576223 ], [ 4.273988799376029, 47.447383931365906 ], [ 4.167839250589942, 47.448497372580334 ], [ 4.169411441575789, 47.52050278562357 ], [ 4.381991625854619, 47.518176058810738 ], [ 4.383854516577436, 47.590175897511742 ] ], [ [ -2.167351013040043, 47.050762533485859 ], [ -2.06218657164409, 47.055424725821005 ], [ -2.055443757025365, 46.98354581506689 ], [ -2.160468910722773, 46.978889714194878 ], [ -2.167351013040043, 47.050762533485859 ] ], [ [ 2.894815156135287, 46.950155129333901 ], [ 3.0, 46.950203103283705 ], [ 3.0, 45.653546867698175 ], [ 3.102721826669462, 45.653500010419862 ], [ 3.102322494632571, 45.43738702747045 ], [ 3.306966109354879, 45.437013637396817 ], [ 3.308164089309546, 45.653125153627322 ], [ 3.205443305662448, 45.653359438823884 ], [ 3.205710912766313, 45.725397947191944 ], [ 3.61712156951674, 45.723896578031997 ], [ 3.617926441277621, 45.795933451696051 ], [ 3.514941912921353, 45.796450217806708 ], [ 3.516964668761444, 46.012563708298778 ], [ 3.620353702688027, 46.012044911198068 ], [ 3.621982498406953, 46.156118793922388 ], [ 3.829296658112724, 46.154794782826031 ], [ 3.827125035009592, 46.010724358806982 ], [ 3.930506624661872, 46.009922610299803 ], [ 3.924454722109864, 45.649751557215097 ], [ 4.027160905667602, 45.648861337040387 ], [ 4.024495683195036, 45.504797495889449 ], [ 4.229364469203071, 45.502741369237405 ], [ 4.227771669143319, 45.430713061269756 ], [ 4.432358600059555, 45.42828636476068 ], [ 4.43421670437837, 45.500311500242283 ], [ 4.639049633628375, 45.497507938325121 ], [ 4.634808459827795, 45.353465741564172 ], [ 4.532659447042186, 45.354910451302068 ], [ 4.526733417210375, 45.138848272387484 ], [ 4.424974074838002, 45.140194524218991 ], [ 4.421310288929258, 44.996155378916434 ], [ 4.319807759512692, 44.997405546244728 ], [ 4.318113191791996, 44.92538642375046 ], [ 4.419485451181491, 44.924137887544248 ], [ 4.415849795767935, 44.780107619372416 ], [ 4.11249903175492, 44.783566802045428 ], [ 4.109656690523646, 44.639534536208892 ], [ 4.008790334442607, 44.640500620949069 ], [ 4.007503261783681, 44.568486144901854 ], [ 3.906762284639243, 44.569359096098339 ], [ 3.903304748260436, 44.353325250787087 ], [ 3.802944905025361, 44.354103272328167 ], [ 3.80192562341389, 44.282095674987922 ], [ 3.701690574493263, 44.282781278568208 ], [ 3.700800942992466, 44.210775320084821 ], [ 3.600690706842121, 44.211368742020802 ], [ 3.599171378460408, 44.067363316280165 ], [ 3.499312410238795, 44.06786413912539 ], [ 3.49868174436103, 43.995865011137909 ], [ 3.299211592521332, 43.99659253922372 ], [ 3.298834138042693, 43.924595433653487 ], [ 3.398444037879694, 43.92427755382802 ], [ 3.397942038974445, 43.8522839429424 ], [ 3.0, 43.8530095810574 ], [ 3.0, 43.925004138976121 ], [ 2.900388197929078, 43.924958727124171 ], [ 2.900262378165689, 43.996956306862558 ], [ 3.0, 43.997001777985979 ], [ 3.0, 44.069002389764862 ], [ 3.099863759845639, 44.068956859288605 ], [ 3.099990217313897, 44.140960275932592 ], [ 3.19998011395677, 44.140823506426436 ], [ 3.200487867855916, 44.284838140412184 ], [ 3.0, 44.285020976285928 ], [ 3.0, 44.213012097604725 ], [ 2.899883004545794, 44.212966448177788 ], [ 2.900009782686104, 44.140960275932592 ], [ 2.600042337417628, 44.140276431790866 ], [ 2.599026849209119, 44.284289636425136 ], [ 2.699269006009391, 44.284609596421753 ], [ 2.698886741480826, 44.35662047599191 ], [ 2.899628481357638, 44.356986624271414 ], [ 2.899500733848538, 44.429000410153883 ], [ 3.100499266151463, 44.429000410153883 ], [ 3.100627339255202, 44.501016515706198 ], [ 2.899372660744798, 44.501016515706198 ], [ 2.89924426080005, 44.573034831580941 ], [ 2.697734094764459, 44.572667247014131 ], [ 2.6973479156855, 44.64468718362842 ], [ 2.596465424525732, 44.644365129067488 ], [ 2.594392602053813, 44.932461996071382 ], [ 2.492993260877828, 44.932045760811498 ], [ 2.493643500523294, 44.860019486894529 ], [ 2.392375865274778, 44.859511422953538 ], [ 2.390813311902482, 45.003564191480407 ], [ 2.289287288950058, 45.002962188316289 ], [ 2.287454949645688, 45.147019133847188 ], [ 1.982107255012566, 45.144651316468867 ], [ 1.979476319081241, 45.288706930897916 ], [ 1.877437075856512, 45.287729426740214 ], [ 1.875984495039574, 45.359757495990607 ], [ 1.773817009232983, 45.358685516718715 ], [ 1.772228330856681, 45.430713061269756 ], [ 1.669932633014909, 45.4295463669241 ], [ 1.663003826366492, 45.717656950693559 ], [ 1.868664839051039, 45.719908764804067 ], [ 1.867189453871666, 45.791940422421341 ], [ 1.764222791276368, 45.79086000541335 ], [ 1.762609140227426, 45.862890456836929 ], [ 1.556419998162656, 45.86044465798274 ], [ 1.552640361504487, 46.004499323896333 ], [ 1.656002459327435, 46.005772569264444 ], [ 1.652474208570833, 46.149830024687084 ], [ 1.756112176860715, 46.151012069363347 ], [ 1.754477262727371, 46.223041862012707 ], [ 1.858255700474529, 46.224130788898293 ], [ 1.856753024957192, 46.296161537407805 ], [ 1.960671964676215, 46.297157095322881 ], [ 1.959302245816084, 46.369188566784651 ], [ 1.855246389094141, 46.368191705484925 ], [ 1.853735777209408, 46.440221180075149 ], [ 2.166325706696679, 46.442930531415108 ], [ 2.167424442441996, 46.370897513867398 ], [ 2.375558207866553, 46.372226731609828 ], [ 2.37719989216921, 46.228155270761484 ], [ 2.480996621686419, 46.228676107556957 ], [ 2.481677975807155, 46.156638949847746 ], [ 2.585340236624403, 46.157064535622681 ], [ 2.584795144861496, 46.229102250417512 ], [ 2.792396137407744, 46.229670446028273 ], [ 2.792122868364172, 46.301708446477988 ], [ 2.89606125409213, 46.301850682264131 ], [ 2.894815156135287, 46.950155129333901 ] ], [ [ -1.366726724839945, 46.290255073481688 ], [ -1.262961398740251, 46.29418958054157 ], [ -1.257360910618323, 46.222256096869046 ], [ -1.360990463070036, 46.218326726275187 ], [ -1.366726724839945, 46.290255073481688 ] ], [ [ 4.439820051876669, 45.716390345688225 ], [ 4.542639046835443, 45.715029950513177 ], [ 4.540632744895133, 45.643004983800104 ], [ 4.43794741140982, 45.644363602317597 ], [ 4.439820051876669, 45.716390345688225 ] ], [ [ 1.881772380519321, 45.071651589059215 ], [ 2.085066274496829, 45.073506235716359 ], [ 2.08624262813279, 45.001480362364426 ], [ 1.883210050883748, 44.999628135902839 ], [ 1.881772380519321, 45.071651589059215 ] ], [ [ 2.402340283776554, 43.923369335842182 ], [ 2.601555962120306, 43.92427755382802 ], [ 2.602057961025556, 43.8522839429424 ], [ 2.900513700647426, 43.852964228395756 ], [ 2.900638887517575, 43.780972918851994 ], [ 3.099361112482426, 43.780972918851994 ], [ 3.099236240269648, 43.708984906519625 ], [ 3.0, 43.709030141043314 ], [ 3.0, 43.637045474852684 ], [ 2.801776949233847, 43.636864772772149 ], [ 2.802025440954127, 43.5648838549521 ], [ 2.703038939224414, 43.564658272519225 ], [ 2.703781612006479, 43.420707992264319 ], [ 2.111378182810675, 43.417468166494288 ], [ 2.110265693796824, 43.489437216373048 ], [ 2.505688700144048, 43.491960351781763 ], [ 2.505069046855747, 43.563936414928655 ], [ 2.406086278362197, 43.563440143310615 ], [ 2.402340283776554, 43.923369335842182 ] ], [ [ 6.142292213200558, 43.087436649593755 ], [ 6.240380304652747, 43.084529402734113 ], [ 6.236358005285926, 43.012639289006479 ], [ 6.138391410305499, 43.01554275207566 ], [ 6.142292213200558, 43.087436649593755 ] ], [ [ 2.313132476603136, 43.059113033883264 ], [ 2.411252468887186, 43.05969420335839 ], [ 2.411983168466882, 42.987747109925394 ], [ 2.31398494235433, 42.98716669742349 ], [ 2.313132476603136, 43.059113033883264 ] ] ], [ [ [ 8.959529527436457, 42.751737358175795 ], [ 8.952179081698437, 42.680012685270505 ], [ 8.85496259469836, 42.685385241645683 ], [ 8.847749098478053, 42.613657991679986 ], [ 8.65350100112501, 42.624124589805959 ], [ 8.632676942170258, 42.408929633398742 ], [ 8.535882503933051, 42.414010750576495 ], [ 8.502100723755037, 42.055418041367851 ], [ 8.598308432271738, 42.050369834613626 ], [ 8.591484913843077, 41.978673595495273 ], [ 8.495393703017662, 41.983715246219973 ], [ 8.488702987679186, 41.912017945648365 ], [ 8.584677981194792, 41.906982842316474 ], [ 8.577887574029033, 41.835297680071697 ], [ 8.673730164182642, 41.830182132581434 ], [ 8.659967763966938, 41.686842276474152 ], [ 8.755562809142008, 41.681653271176273 ], [ 8.741637200718639, 41.538350465469776 ], [ 8.836985771406724, 41.533088439789367 ], [ 8.829933784746244, 41.46145296011818 ], [ 8.925150989787294, 41.456111416185372 ], [ 8.997601151825297, 42.172657748146456 ], [ 8.901228373848712, 42.178069132039518 ], [ 8.908453676124697, 42.249760771961043 ], [ 8.715421173765563, 42.26033482815005 ], [ 8.722429211775685, 42.332045253727586 ], [ 8.819071666670938, 42.326795213422599 ], [ 8.833375201676583, 42.470217145551388 ], [ 8.930235931468651, 42.464865492183193 ], [ 8.937532350017921, 42.536576645716252 ], [ 9.034493434772992, 42.531129995029545 ], [ 9.056847036134316, 42.746269434824093 ], [ 8.959529527436457, 42.751737358175795 ] ] ] ] } }
]
}
