{
"type": "FeatureCollection",
"name": "steno_essaimage_2026",
"features": [
{ "type": "Feature", "properties": { "doy_debut": 60, "surface_km2": 1984.0, "doy_fin": 74.0, "date_debut": "2026-03-01", "date_fin": "2026-03-15", "libelle": "Premier envol : 01/03 - 15/03", "couleur": "#FFFFCC", "annee": 2026, "modele": "STENO-DJ v1", "seuil_vol_c": 20.0, "dj_vol": 120.0 }, "geometry": { "type": "MultiPolygon", "coordinates": [ [ [ [ -1.25767, 43.55358 ], [ -1.25235, 43.48171 ], [ -1.15364, 43.48554 ], [ -1.15884, 43.55741 ], [ -1.25767, 43.55358 ] ] ], [ [ [ -1.74568, 43.46121 ], [ -1.73975, 43.38937 ], [ -1.64123, 43.39364 ], [ -1.64704, 43.46549 ], [ -1.74568, 43.46121 ] ] ], [ [ [ -1.44972, 43.47378 ], [ -1.44416, 43.40192 ], [ -1.54271, 43.39783 ], [ -1.53704, 43.32598 ], [ -1.24173, 43.33797 ], [ -1.23644, 43.26611 ], [ -0.84301, 43.28083 ], [ -0.84781, 43.35271 ], [ -1.0448, 43.34552 ], [ -1.04985, 43.4174 ], [ -0.95124, 43.42104 ], [ -0.95619, 43.49292 ], [ -1.15364, 43.48554 ], [ -1.14845, 43.41366 ], [ -1.24703, 43.40984 ], [ -1.25235, 43.48171 ], [ -1.44972, 43.47378 ] ] ], [ [ [ -1.63544, 43.3218 ], [ -1.62967, 43.24996 ], [ -1.53138, 43.25413 ], [ -1.53704, 43.32598 ], [ -1.63544, 43.3218 ] ] ], [ [ [ 8.95953, 42.75174 ], [ 8.95218, 42.68001 ], [ 9.04938, 42.67455 ], [ 9.05685, 42.74627 ], [ 8.95953, 42.75174 ] ] ], [ [ [ 8.6535, 42.62412 ], [ 8.64654, 42.55239 ], [ 8.74356, 42.54721 ], [ 8.75063, 42.61894 ], [ 8.6535, 42.62412 ] ] ], [ [ [ 8.52909, 42.34228 ], [ 8.52232, 42.27056 ], [ 8.61888, 42.26549 ], [ 8.62577, 42.33721 ], [ 8.52909, 42.34228 ] ] ], [ [ [ 8.51556, 42.19884 ], [ 8.5021, 42.05542 ], [ 8.59831, 42.05037 ], [ 8.59148, 41.97867 ], [ 8.68756, 41.97354 ], [ 8.70146, 42.11693 ], [ 8.60515, 42.12207 ], [ 8.61201, 42.19378 ], [ 8.51556, 42.19884 ] ] ], [ [ [ 8.49539, 41.98372 ], [ 8.4887, 41.91202 ], [ 8.58468, 41.90698 ], [ 8.59148, 41.97867 ], [ 8.49539, 41.98372 ] ] ], [ [ [ 8.58468, 41.90698 ], [ 8.57789, 41.8353 ], [ 8.67373, 41.83018 ], [ 8.65997, 41.68684 ], [ 8.75556, 41.68165 ], [ 8.74164, 41.53835 ], [ 8.83699, 41.53309 ], [ 8.85824, 41.74803 ], [ 8.76255, 41.75331 ], [ 8.77658, 41.89665 ], [ 8.58468, 41.90698 ] ] ] ] } },
{ "type": "Feature", "properties": { "doy_debut": 75, "surface_km2": 12032.0, "doy_fin": 89.0, "date_debut": "2026-03-16", "date_fin": "2026-03-30", "libelle": "Premier envol : 16/03 - 30/03", "couleur": "#FFEFA5", "annee": 2026, "modele": "STENO-DJ v1", "seuil_vol_c": 20.0, "dj_vol": 120.0 }, "geometry": { "type": "MultiPolygon", "coordinates": [ [ [ [ -1.35589, 44.84775 ], [ -1.33921, 44.63201 ], [ -1.03702, 44.64346 ], [ -1.04218, 44.71539 ], [ -1.14306, 44.71166 ], [ -1.14836, 44.78359 ], [ -1.24935, 44.77976 ], [ -1.25479, 44.85168 ], [ -1.35589, 44.84775 ] ] ], [ [ [ 4.69314, 43.91188 ], [ 4.69101, 43.8399 ], [ 4.79045, 43.83832 ], [ 4.79271, 43.91029 ], [ 4.69314, 43.91188 ] ] ], [ [ [ 4.0929, 43.77554 ], [ 4.09153, 43.70356 ], [ 4.19075, 43.70252 ], [ 4.19224, 43.7745 ], [ 4.0929, 43.77554 ] ] ], [ [ [ 4.39091, 43.77214 ], [ 4.38916, 43.70016 ], [ 4.48837, 43.69885 ], [ 4.49024, 43.77083 ], [ 4.39091, 43.77214 ] ] ], [ [ [ 4.68888, 43.76793 ], [ 4.68676, 43.69596 ], [ 4.78595, 43.69438 ], [ 4.7882, 43.76635 ], [ 4.68888, 43.76793 ] ] ], [ [ [ -1.25235, 43.48171 ], [ -1.24703, 43.40984 ], [ -1.14845, 43.41366 ], [ -1.15364, 43.48554 ], [ -1.25235, 43.48171 ] ] ], [ [ [ 4.78371, 43.62241 ], [ 4.7748, 43.33458 ], [ 4.87336, 43.33292 ], [ 4.87571, 43.40487 ], [ 4.97439, 43.40312 ], [ 4.97686, 43.47507 ], [ 5.17445, 43.47128 ], [ 5.17717, 43.54323 ], [ 5.07826, 43.54517 ], [ 5.08086, 43.61713 ], [ 4.78371, 43.62241 ] ] ], [ [ [ 3.0, 43.49309 ], [ 3.0, 43.42111 ], [ 2.90126, 43.42107 ], [ 2.90138, 43.3491 ], [ 3.09862, 43.3491 ], [ 3.09874, 43.42107 ], [ 3.19748, 43.42093 ], [ 3.19773, 43.49291 ], [ 3.0, 43.49309 ] ] ], [ [ [ 4.97439, 43.40312 ], [ 4.97192, 43.33117 ], [ 5.26756, 43.32537 ], [ 5.26473, 43.25344 ], [ 5.36314, 43.25133 ], [ 5.36905, 43.3952 ], [ 4.97439, 43.40312 ] ] ], [ [ [ 2.70415, 43.34874 ], [ 2.70452, 43.27677 ], [ 2.80301, 43.277 ], [ 2.80277, 43.34896 ], [ 2.70415, 43.34874 ] ] ], [ [ [ -1.32816, 44.48819 ], [ -1.31169, 44.27247 ], [ -1.41175, 44.2685 ], [ -1.38948, 43.98093 ], [ -1.48903, 43.97688 ], [ -1.46648, 43.68937 ], [ -1.56552, 43.68526 ], [ -1.55408, 43.54154 ], [ -1.65286, 43.53734 ], [ -1.64123, 43.39364 ], [ -1.83825, 43.38501 ], [ -1.8262, 43.24135 ], [ -1.72794, 43.2457 ], [ -1.72206, 43.17387 ], [ -1.62391, 43.17812 ], [ -1.63544, 43.3218 ], [ -1.53704, 43.32598 ], [ -1.54271, 43.39783 ], [ -1.44416, 43.40192 ], [ -1.44972, 43.47378 ], [ -1.25235, 43.48171 ], [ -1.25767, 43.55358 ], [ -1.15884, 43.55741 ], [ -1.15364, 43.48554 ], [ -0.95619, 43.49292 ], [ -0.95124, 43.42104 ], [ -1.04985, 43.4174 ], [ -1.0448, 43.34552 ], [ -0.84781, 43.35271 ], [ -0.84301, 43.28083 ], [ -1.23644, 43.26611 ], [ -1.24173, 43.33797 ], [ -1.43862, 43.33006 ], [ -1.43308, 43.25821 ], [ -1.33477, 43.26221 ], [ -1.32399, 43.1185 ], [ -1.22591, 43.1224 ], [ -1.23117, 43.19425 ], [ -0.83822, 43.20895 ], [ -0.83345, 43.13708 ], [ -0.73531, 43.14053 ], [ -0.7493, 43.35617 ], [ -0.65077, 43.35954 ], [ -0.64622, 43.28765 ], [ -0.35095, 43.29722 ], [ -0.35514, 43.36912 ], [ -0.55224, 43.36282 ], [ -0.55668, 43.43472 ], [ -0.75398, 43.42806 ], [ -0.76339, 43.57185 ], [ -0.5656, 43.57853 ], [ -0.57007, 43.65044 ], [ -0.47103, 43.65365 ], [ -0.47539, 43.72556 ], [ -0.9711, 43.7086 ], [ -0.97609, 43.78049 ], [ -1.27374, 43.76922 ], [ -1.28451, 43.91299 ], [ -1.18506, 43.91685 ], [ -1.21161, 44.27636 ], [ -1.11151, 44.28015 ], [ -1.12722, 44.4959 ], [ -1.32816, 44.48819 ] ] ], [ [ [ 5.36314, 43.25133 ], [ 5.3602, 43.1794 ], [ 5.45848, 43.17721 ], [ 5.46154, 43.24913 ], [ 5.36314, 43.25133 ] ] ], [ [ [ 5.45848, 43.17721 ], [ 5.45542, 43.10529 ], [ 5.74985, 43.09817 ], [ 5.75327, 43.17008 ], [ 5.45848, 43.17721 ] ] ], [ [ [ 6.9711, 43.7086 ], [ 6.96611, 43.6367 ], [ 6.76812, 43.64375 ], [ 6.76339, 43.57185 ], [ 6.6645, 43.57523 ], [ 6.65991, 43.50333 ], [ 6.46234, 43.50982 ], [ 6.45801, 43.43792 ], [ 6.35933, 43.44102 ], [ 6.35514, 43.36912 ], [ 6.25657, 43.37213 ], [ 6.25251, 43.30022 ], [ 6.44939, 43.29412 ], [ 6.4408, 43.15033 ], [ 6.1462, 43.15933 ], [ 6.15012, 43.23124 ], [ 6.05178, 43.23406 ], [ 6.04798, 43.16216 ], [ 5.94975, 43.16489 ], [ 5.94609, 43.09298 ], [ 5.74985, 43.09817 ], [ 5.74643, 43.02626 ], [ 6.04042, 43.01836 ], [ 6.03665, 42.94646 ], [ 6.23235, 42.94075 ], [ 6.23636, 43.01264 ], [ 6.33431, 43.00965 ], [ 6.33846, 43.08153 ], [ 6.43653, 43.07845 ], [ 6.43226, 43.00656 ], [ 6.5302, 43.00339 ], [ 6.53458, 43.07527 ], [ 6.63263, 43.07201 ], [ 6.63715, 43.14389 ], [ 6.73531, 43.14053 ], [ 6.7493, 43.35617 ], [ 6.84781, 43.35271 ], [ 6.85262, 43.4246 ], [ 6.95124, 43.42104 ], [ 6.95619, 43.49292 ], [ 7.15364, 43.48554 ], [ 7.16406, 43.62929 ], [ 7.06509, 43.63304 ], [ 7.0702, 43.70493 ], [ 6.9711, 43.7086 ] ], [ [ 6.45369, 43.36602 ], [ 6.55224, 43.36282 ], [ 6.54781, 43.29093 ], [ 6.44939, 43.29412 ], [ 6.45369, 43.36602 ] ], [ [ 6.14229, 43.08744 ], [ 6.24038, 43.08453 ], [ 6.23636, 43.01264 ], [ 6.13839, 43.01554 ], [ 6.14229, 43.08744 ] ] ], [ [ [ 6.33431, 43.00965 ], [ 6.33018, 42.93776 ], [ 6.42801, 42.93469 ], [ 6.43226, 43.00656 ], [ 6.33431, 43.00965 ] ] ], [ [ [ 8.85496, 42.68539 ], [ 8.84775, 42.61366 ], [ 9.04193, 42.60284 ], [ 9.04938, 42.67455 ], [ 8.85496, 42.68539 ] ] ], [ [ [ 8.75063, 42.61894 ], [ 8.74356, 42.54721 ], [ 8.84055, 42.54194 ], [ 8.84775, 42.61366 ], [ 8.75063, 42.61894 ] ] ], [ [ [ 2.90151, 43.27713 ], [ 2.902, 42.98931 ], [ 3.0, 42.98935 ], [ 3.0, 42.84547 ], [ 2.80448, 42.84529 ], [ 2.80472, 42.77336 ], [ 2.90236, 42.77349 ], [ 2.9026, 42.62963 ], [ 3.0974, 42.62963 ], [ 3.09825, 43.13321 ], [ 3.1965, 43.13308 ], [ 3.19699, 43.277 ], [ 2.90151, 43.27713 ] ] ] ] } },
{ "type": "Feature", "properties": { "doy_debut": 90, "surface_km2": 139776.0, "doy_fin": 104.0, "date_debut": "2026-03-31", "date_fin": "2026-04-14", "libelle": "Premier envol : 31/03 - 14/04", "couleur": "#FEDD7F", "annee": 2026, "modele": "STENO-DJ v1", "seuil_vol_c": 20.0, "dj_vol": 120.0 }, "geometry": { "type": "MultiPolygon", "coordinates": [ [ [ [ 2.2352, 48.96351 ], [ 2.23731, 48.81963 ], [ 2.34626, 48.82028 ], [ 2.34716, 48.74833 ], [ 2.56477, 48.74932 ], [ 2.56357, 48.89321 ], [ 2.45446, 48.89277 ], [ 2.45371, 48.96471 ], [ 2.2352, 48.96351 ] ] ], [ [ [ -4.27773, 47.80461 ], [ -4.2679, 47.73291 ], [ -4.0553, 47.74596 ], [ -4.06483, 47.81767 ], [ -4.27773, 47.80461 ] ] ], [ [ [ -1.58505, 47.65247 ], [ -1.57887, 47.58059 ], [ -1.47262, 47.58471 ], [ -1.47865, 47.6566 ], [ -1.58505, 47.65247 ] ] ], [ [ [ 1.61615, 47.59018 ], [ 1.61801, 47.51818 ], [ 1.7243, 47.51939 ], [ 1.72258, 47.59139 ], [ 1.61615, 47.59018 ] ] ], [ [ [ -2.95054, 47.44636 ], [ -2.9346, 47.30273 ], [ -2.82901, 47.30809 ], [ -2.84467, 47.45173 ], [ -2.95054, 47.44636 ] ] ], [ [ [ -1.24861, 47.44886 ], [ -1.23722, 47.30503 ], [ -0.91997, 47.31618 ], [ -0.92524, 47.38811 ], [ -1.03114, 47.38449 ], [ -1.03656, 47.45641 ], [ -1.24861, 47.44886 ] ] ], [ [ [ -3.14571, 47.29172 ], [ -3.13749, 47.21992 ], [ -3.03208, 47.22547 ], [ -3.04016, 47.29728 ], [ -3.14571, 47.29172 ] ] ], [ [ [ 0.55875, 47.42875 ], [ 0.56203, 47.35677 ], [ 0.98582, 47.36489 ], [ 0.98311, 47.43688 ], [ 0.55875, 47.42875 ] ] ], [ [ [ 1.51572, 47.37286 ], [ 1.5197, 47.22885 ], [ 1.62541, 47.23015 ], [ 1.62725, 47.15814 ], [ 2.04958, 47.16238 ], [ 2.04831, 47.2344 ], [ 1.73113, 47.23136 ], [ 1.72772, 47.37538 ], [ 1.51572, 47.37286 ] ] ], [ [ [ 0.99121, 47.2209 ], [ 0.99658, 47.07689 ], [ 1.10198, 47.07867 ], [ 1.09944, 47.15068 ], [ 1.20499, 47.15236 ], [ 1.20259, 47.22437 ], [ 0.99121, 47.2209 ] ] ], [ [ [ 1.10198, 47.07867 ], [ 1.10451, 47.00667 ], [ 1.20978, 47.00835 ], [ 1.20739, 47.08036 ], [ 1.10198, 47.07867 ] ] ], [ [ [ 0.89118, 47.07502 ], [ 0.8968, 46.93102 ], [ 1.00191, 46.93289 ], [ 0.99658, 47.07689 ], [ 0.89118, 47.07502 ] ] ], [ [ [ 5.73736, 46.98977 ], [ 5.73371, 46.91778 ], [ 5.83877, 46.91524 ], [ 5.84255, 46.98722 ], [ 5.73736, 46.98977 ] ] ], [ [ [ 2.04958, 47.16238 ], [ 2.05212, 47.01834 ], [ 2.15743, 47.01916 ], [ 2.15855, 46.94713 ], [ 2.05338, 46.94632 ], [ 2.05464, 46.87429 ], [ 2.26471, 46.87583 ], [ 2.26373, 46.94785 ], [ 2.3689, 46.94848 ], [ 2.36806, 47.0205 ], [ 2.47338, 47.02103 ], [ 2.47197, 47.16508 ], [ 2.04958, 47.16238 ] ] ], [ [ [ -2.3491, 46.7537 ], [ -2.34201, 46.68183 ], [ -2.23758, 46.68665 ], [ -2.24452, 46.75853 ], [ -2.3491, 46.7537 ] ] ], [ [ [ 2.26471, 46.87583 ], [ 2.26568, 46.8038 ], [ 2.37058, 46.80442 ], [ 2.36974, 46.87645 ], [ 2.26471, 46.87583 ] ] ], [ [ [ 2.16079, 46.80308 ], [ 2.1619, 46.73105 ], [ 2.26666, 46.73177 ], [ 2.26568, 46.8038 ], [ 2.16079, 46.80308 ] ] ], [ [ [ 5.41528, 46.85283 ], [ 5.41207, 46.78084 ], [ 5.30726, 46.78299 ], [ 5.30115, 46.63899 ], [ 5.40569, 46.63684 ], [ 5.40888, 46.70884 ], [ 5.51354, 46.70659 ], [ 5.52022, 46.85058 ], [ 5.41528, 46.85283 ] ] ], [ [ [ -0.76872, 46.67222 ], [ -0.76373, 46.60026 ], [ -0.65934, 46.60365 ], [ -0.66419, 46.67561 ], [ -0.76872, 46.67222 ] ] ], [ [ [ 2.47687, 46.66089 ], [ 2.47825, 46.51682 ], [ 2.5826, 46.51725 ], [ 2.58149, 46.66131 ], [ 2.47687, 46.66089 ] ] ], [ [ [ 0.18372, 46.48332 ], [ 0.18743, 46.41133 ], [ 0.39562, 46.41627 ], [ 0.39218, 46.48827 ], [ 0.18372, 46.48332 ] ] ], [ [ [ -0.84513, 47.75127 ], [ -0.83476, 47.60743 ], [ -0.62203, 47.61423 ], [ -0.61715, 47.54229 ], [ -0.72338, 47.53895 ], [ -0.71338, 47.39508 ], [ -0.81932, 47.39164 ], [ -0.8142, 47.31971 ], [ -0.7084, 47.32314 ], [ -0.70344, 47.2512 ], [ -0.59777, 47.25453 ], [ -0.59296, 47.18258 ], [ -0.38188, 47.18894 ], [ -0.37736, 47.11698 ], [ -0.48277, 47.11386 ], [ -0.47812, 47.0419 ], [ -0.37286, 47.04502 ], [ -0.36836, 46.97306 ], [ -0.26322, 46.97609 ], [ -0.25888, 46.90412 ], [ -0.15387, 46.90704 ], [ -0.14968, 46.83507 ], [ -0.04479, 46.8379 ], [ -0.04075, 46.76592 ], [ 0.064, 46.76864 ], [ 0.06789, 46.69666 ], [ 0.17252, 46.69929 ], [ 0.17626, 46.6273 ], [ 0.28076, 46.62983 ], [ 0.28436, 46.55783 ], [ 0.49311, 46.5626 ], [ 0.49972, 46.4186 ], [ 0.60383, 46.42083 ], [ 0.61328, 46.20482 ], [ 0.71699, 46.20695 ], [ 0.71097, 46.35096 ], [ 0.91897, 46.35495 ], [ 0.91622, 46.42696 ], [ 1.33284, 46.4338 ], [ 1.33063, 46.50583 ], [ 1.53925, 46.50868 ], [ 1.53732, 46.5807 ], [ 1.64178, 46.58199 ], [ 1.63998, 46.65401 ], [ 1.84918, 46.6563 ], [ 1.84765, 46.72833 ], [ 2.05715, 46.73024 ], [ 2.0559, 46.80227 ], [ 1.42663, 46.79538 ], [ 1.42453, 46.8674 ], [ 1.31953, 46.86591 ], [ 1.31505, 47.00993 ], [ 1.20978, 47.00835 ], [ 1.21216, 46.93634 ], [ 1.10703, 46.93466 ], [ 1.10955, 46.86265 ], [ 0.8996, 46.85901 ], [ 0.8968, 46.93102 ], [ 0.68659, 46.92699 ], [ 0.67732, 47.14297 ], [ 0.57181, 47.14081 ], [ 0.56856, 47.2128 ], [ 0.25165, 47.20571 ], [ 0.24797, 47.27769 ], [ 0.45951, 47.28251 ], [ 0.4561, 47.3545 ], [ 0.13838, 47.3471 ], [ 0.14221, 47.27513 ], [ 0.03647, 47.27248 ], [ 0.03249, 47.34444 ], [ -0.07339, 47.34169 ], [ -0.08165, 47.48561 ], [ -0.29394, 47.4798 ], [ -0.30283, 47.6237 ], [ -0.1964, 47.62666 ], [ -0.20072, 47.69861 ], [ -0.30729, 47.69564 ], [ -0.31176, 47.76758 ], [ -0.52515, 47.76135 ], [ -0.52039, 47.68942 ], [ -0.62692, 47.68616 ], [ -0.63182, 47.75809 ], [ -0.84513, 47.75127 ] ], [ [ -0.28511, 47.33589 ], [ -0.17925, 47.33884 ], [ -0.17499, 47.26688 ], [ -0.28071, 47.26394 ], [ -0.28511, 47.33589 ] ], [ [ 0.46969, 47.06656 ], [ 0.57505, 47.06882 ], [ 0.57828, 46.99682 ], [ 0.47306, 46.99457 ], [ 0.46969, 47.06656 ] ] ], [ [ [ 4.88045, 46.5746 ], [ 4.87796, 46.50259 ], [ 4.77367, 46.50425 ], [ 4.76434, 46.21618 ], [ 4.66059, 46.21774 ], [ 4.65191, 45.92965 ], [ 4.75512, 45.92809 ], [ 4.76203, 46.14416 ], [ 4.86564, 46.1425 ], [ 4.86809, 46.21452 ], [ 5.07557, 46.21092 ], [ 5.0783, 46.28294 ], [ 5.18216, 46.28099 ], [ 5.18503, 46.353 ], [ 5.28903, 46.35096 ], [ 5.29507, 46.49498 ], [ 4.98225, 46.50083 ], [ 4.98487, 46.57284 ], [ 4.88045, 46.5746 ] ] ], [ [ [ 3.31018, 46.01332 ], [ 3.30978, 45.94128 ], [ 3.41303, 45.94095 ], [ 3.41357, 46.01299 ], [ 3.31018, 46.01332 ] ] ], [ [ [ 2.29473, 44.57083 ], [ 2.29563, 44.49881 ], [ 2.39625, 44.49941 ], [ 2.39548, 44.57143 ], [ 2.29473, 44.57083 ] ] ], [ [ [ 5.11267, 44.48083 ], [ 5.10998, 44.40884 ], [ 5.21041, 44.40687 ], [ 5.21322, 44.47886 ], [ 5.11267, 44.48083 ] ] ], [ [ [ 7.09075, 43.99252 ], [ 7.08559, 43.92062 ], [ 7.18506, 43.91685 ], [ 7.19034, 43.98874 ], [ 7.09075, 43.99252 ] ] ], [ [ [ 7.48337, 43.905 ], [ 7.4721, 43.76125 ], [ 7.57126, 43.75713 ], [ 7.58278, 43.90087 ], [ 7.48337, 43.905 ] ] ], [ [ [ 7.08045, 43.84872 ], [ 7.07532, 43.77682 ], [ 7.37292, 43.76528 ], [ 7.37843, 43.83716 ], [ 7.08045, 43.84872 ] ] ], [ [ [ 7.37292, 43.76528 ], [ 7.36743, 43.6934 ], [ 7.46648, 43.68937 ], [ 7.4721, 43.76125 ], [ 7.37292, 43.76528 ] ] ], [ [ [ 7.0702, 43.70493 ], [ 7.06509, 43.63304 ], [ 7.36195, 43.62153 ], [ 7.36743, 43.6934 ], [ 7.0702, 43.70493 ] ] ], [ [ [ 6.6691, 43.64714 ], [ 6.6645, 43.57523 ], [ 6.76339, 43.57185 ], [ 6.76812, 43.64375 ], [ 6.6691, 43.64714 ] ] ], [ [ [ 6.45369, 43.36602 ], [ 6.44939, 43.29412 ], [ 6.54781, 43.29093 ], [ 6.55224, 43.36282 ], [ 6.45369, 43.36602 ] ] ], [ [ [ -1.53704, 43.32598 ], [ -1.53138, 43.25413 ], [ -1.62967, 43.24996 ], [ -1.62391, 43.17812 ], [ -1.52574, 43.18229 ], [ -1.51451, 43.03862 ], [ -1.31862, 43.04666 ], [ -1.33477, 43.26221 ], [ -1.43308, 43.25821 ], [ -1.43862, 43.33006 ], [ -1.53704, 43.32598 ] ] ], [ [ [ 1.72288, 43.12569 ], [ 1.72447, 43.05375 ], [ 1.92068, 43.05589 ], [ 1.91933, 43.12784 ], [ 1.72288, 43.12569 ] ] ], [ [ [ 0.54763, 43.03337 ], [ 0.55067, 42.96146 ], [ 0.64858, 42.96364 ], [ 0.64566, 43.03556 ], [ 0.54763, 43.03337 ] ] ], [ [ [ 1.52827, 43.05125 ], [ 1.5301, 42.97931 ], [ 1.62807, 42.9806 ], [ 1.62637, 43.05254 ], [ 1.52827, 43.05125 ] ] ], [ [ [ 1.92068, 43.05589 ], [ 1.92202, 42.98395 ], [ 2.02, 42.98489 ], [ 2.01879, 43.05683 ], [ 1.92068, 43.05589 ] ] ], [ [ [ 1.03299, 43.18729 ], [ 1.03544, 43.11535 ], [ 0.93725, 43.11352 ], [ 0.93981, 43.04159 ], [ 1.03788, 43.04342 ], [ 1.04031, 42.9715 ], [ 1.13826, 42.97324 ], [ 1.14056, 42.90131 ], [ 1.2384, 42.90296 ], [ 1.23621, 42.97489 ], [ 1.43213, 42.97793 ], [ 1.42823, 43.1218 ], [ 1.13363, 43.1171 ], [ 1.1313, 43.18904 ], [ 1.03299, 43.18729 ] ] ], [ [ [ 8.84775, 42.61366 ], [ 8.84055, 42.54194 ], [ 8.93753, 42.53658 ], [ 8.94485, 42.60829 ], [ 8.84775, 42.61366 ] ] ], [ [ [ -3.62977, 47.77088 ], [ -3.62083, 47.69913 ], [ -3.51453, 47.70511 ], [ -3.49699, 47.56159 ], [ -3.28489, 47.57323 ], [ -3.29336, 47.64501 ], [ -3.18714, 47.6507 ], [ -3.16221, 47.43532 ], [ -3.05639, 47.44089 ], [ -3.06453, 47.51269 ], [ -2.85253, 47.52355 ], [ -2.84467, 47.45173 ], [ -2.52694, 47.46727 ], [ -2.50475, 47.25175 ], [ -2.29367, 47.26159 ], [ -2.27954, 47.11787 ], [ -2.17425, 47.12263 ], [ -2.16735, 47.05076 ], [ -2.2725, 47.046 ], [ -2.25847, 46.90227 ], [ -2.15361, 46.90701 ], [ -2.13993, 46.76326 ], [ -2.03532, 46.7679 ], [ -2.02865, 46.69601 ], [ -1.92416, 46.70055 ], [ -1.91115, 46.55676 ], [ -1.80691, 46.56119 ], [ -1.79424, 46.41738 ], [ -1.58627, 46.42594 ], [ -1.58024, 46.35402 ], [ -1.47636, 46.35815 ], [ -1.47048, 46.28623 ], [ -1.57421, 46.2821 ], [ -1.5682, 46.21018 ], [ -1.4646, 46.2143 ], [ -1.45875, 46.14238 ], [ -1.14827, 46.15415 ], [ -1.13741, 46.01027 ], [ -1.24065, 46.00645 ], [ -1.2462, 46.07839 ], [ -1.45291, 46.07045 ], [ -1.44708, 45.99853 ], [ -1.34387, 46.00254 ], [ -1.33253, 45.85868 ], [ -1.22958, 45.86258 ], [ -1.21308, 45.64677 ], [ -1.11051, 45.65057 ], [ -1.09985, 45.50669 ], [ -1.20215, 45.5029 ], [ -1.16971, 45.0713 ], [ -1.27122, 45.06745 ], [ -1.26025, 44.9236 ], [ -1.36148, 44.91967 ], [ -1.35589, 44.84775 ], [ -1.25479, 44.85168 ], [ -1.24935, 44.77976 ], [ -1.14836, 44.78359 ], [ -1.14306, 44.71166 ], [ -1.04218, 44.71539 ], [ -1.03702, 44.64346 ], [ -1.33921, 44.63201 ], [ -1.32816, 44.48819 ], [ -1.12722, 44.4959 ], [ -1.11151, 44.28015 ], [ -1.21161, 44.27636 ], [ -1.18506, 43.91685 ], [ -1.28451, 43.91299 ], [ -1.27374, 43.76922 ], [ -0.97609, 43.78049 ], [ -0.9711, 43.7086 ], [ -0.47539, 43.72556 ], [ -0.47103, 43.65365 ], [ -0.57007, 43.65044 ], [ -0.5656, 43.57853 ], [ -0.76339, 43.57185 ], [ -0.75398, 43.42806 ], [ -0.55668, 43.43472 ], [ -0.55224, 43.36282 ], [ -0.35514, 43.36912 ], [ -0.35095, 43.29722 ], [ -0.64622, 43.28765 ], [ -0.65077, 43.35954 ], [ -0.7493, 43.35617 ], [ -0.73531, 43.14053 ], [ -0.83345, 43.13708 ], [ -0.83822, 43.20895 ], [ -1.23117, 43.19425 ], [ -1.22066, 43.05055 ], [ -1.12269, 43.05435 ], [ -1.12781, 43.1262 ], [ -1.0297, 43.12992 ], [ -1.0247, 43.05806 ], [ 0.25015, 43.09817 ], [ 0.25357, 43.02626 ], [ 0.54763, 43.03337 ], [ 0.54458, 43.10529 ], [ 0.64274, 43.10748 ], [ 0.63686, 43.25133 ], [ 0.73527, 43.25344 ], [ 0.73244, 43.32537 ], [ 0.83098, 43.3274 ], [ 0.82827, 43.39934 ], [ 1.02561, 43.40312 ], [ 1.02314, 43.47507 ], [ 1.12195, 43.47682 ], [ 1.12897, 43.26098 ], [ 1.32586, 43.26421 ], [ 1.32794, 43.19226 ], [ 1.52461, 43.19513 ], [ 1.52644, 43.12319 ], [ 1.72288, 43.12569 ], [ 1.7197, 43.26959 ], [ 2.01512, 43.27269 ], [ 2.01757, 43.12878 ], [ 2.1158, 43.12963 ], [ 2.11909, 42.9138 ], [ 2.31484, 42.91522 ], [ 2.31142, 43.20302 ], [ 2.50815, 43.20409 ], [ 2.50937, 43.06019 ], [ 2.6075, 43.06059 ], [ 2.60798, 42.98864 ], [ 2.70599, 42.98895 ], [ 2.70635, 42.91701 ], [ 2.60847, 42.9167 ], [ 2.60896, 42.84476 ], [ 2.41344, 42.84387 ], [ 2.41416, 42.77193 ], [ 2.5118, 42.77242 ], [ 2.5124, 42.70049 ], [ 2.41489, 42.7 ], [ 2.41561, 42.62808 ], [ 2.6104, 42.62897 ], [ 2.61136, 42.48513 ], [ 2.70852, 42.48544 ], [ 2.70888, 42.41353 ], [ 2.90296, 42.41389 ], [ 2.90272, 42.55771 ], [ 3.0, 42.55776 ], [ 3.0, 42.41393 ], [ 3.19408, 42.41375 ], [ 3.19456, 42.55758 ], [ 3.09728, 42.55771 ], [ 3.0974, 42.62963 ], [ 2.9026, 42.62963 ], [ 2.90236, 42.77349 ], [ 2.80472, 42.77336 ], [ 2.80448, 42.84529 ], [ 3.0, 42.84547 ], [ 3.0, 42.98935 ], [ 2.902, 42.98931 ], [ 2.90151, 43.27713 ], [ 3.19699, 43.277 ], [ 3.19674, 43.20504 ], [ 3.29511, 43.20481 ], [ 3.29548, 43.27677 ], [ 3.59095, 43.27556 ], [ 3.59169, 43.34753 ], [ 3.6903, 43.34694 ], [ 3.69116, 43.41891 ], [ 3.78989, 43.41823 ], [ 3.79088, 43.4902 ], [ 3.88973, 43.48944 ], [ 3.89085, 43.56141 ], [ 4.08879, 43.55961 ], [ 4.08743, 43.48764 ], [ 4.48278, 43.48295 ], [ 4.47908, 43.33903 ], [ 4.7748, 43.33458 ], [ 4.78371, 43.62241 ], [ 5.08086, 43.61713 ], [ 5.07826, 43.54517 ], [ 5.17717, 43.54323 ], [ 5.17445, 43.47128 ], [ 4.97686, 43.47507 ], [ 4.97439, 43.40312 ], [ 5.36905, 43.3952 ], [ 5.36314, 43.25133 ], [ 5.46154, 43.24913 ], [ 5.45848, 43.17721 ], [ 5.75327, 43.17008 ], [ 5.74985, 43.09817 ], [ 5.94609, 43.09298 ], [ 5.94975, 43.16489 ], [ 6.04798, 43.16216 ], [ 6.05178, 43.23406 ], [ 6.15012, 43.23124 ], [ 6.1462, 43.15933 ], [ 6.4408, 43.15033 ], [ 6.44939, 43.29412 ], [ 6.25251, 43.30022 ], [ 6.25657, 43.37213 ], [ 6.35514, 43.36912 ], [ 6.35933, 43.44102 ], [ 6.45801, 43.43792 ], [ 6.46234, 43.50982 ], [ 6.65991, 43.50333 ], [ 6.6645, 43.57523 ], [ 6.07091, 43.59365 ], [ 6.07864, 43.73751 ], [ 6.17784, 43.73466 ], [ 6.18184, 43.80659 ], [ 6.08251, 43.80944 ], [ 6.09029, 43.95332 ], [ 5.79149, 43.96136 ], [ 5.78797, 43.88941 ], [ 5.68848, 43.89191 ], [ 5.6851, 43.81996 ], [ 5.58572, 43.82236 ], [ 5.58247, 43.75041 ], [ 5.48321, 43.75272 ], [ 5.48634, 43.82467 ], [ 5.28755, 43.82902 ], [ 5.29043, 43.90099 ], [ 5.48947, 43.89663 ], [ 5.49261, 43.96859 ], [ 5.094, 43.97695 ], [ 5.09665, 44.04893 ], [ 5.19644, 44.04697 ], [ 5.202, 44.19092 ], [ 5.10196, 44.19288 ], [ 5.10463, 44.26487 ], [ 5.2048, 44.2629 ], [ 5.2076, 44.33488 ], [ 5.1073, 44.33685 ], [ 5.10998, 44.40884 ], [ 5.00955, 44.41072 ], [ 5.01468, 44.5547 ], [ 4.91399, 44.5565 ], [ 4.91643, 44.62849 ], [ 5.01725, 44.6267 ], [ 5.01983, 44.6987 ], [ 4.81792, 44.7022 ], [ 4.82025, 44.7742 ], [ 5.02242, 44.7707 ], [ 5.03283, 45.05872 ], [ 5.13442, 45.05682 ], [ 5.13717, 45.12882 ], [ 4.93372, 45.13254 ], [ 4.93621, 45.20455 ], [ 4.83434, 45.20627 ], [ 4.83909, 45.3503 ], [ 5.04335, 45.34676 ], [ 5.04599, 45.41877 ], [ 4.84147, 45.42231 ], [ 4.84386, 45.49433 ], [ 4.94626, 45.4926 ], [ 4.95132, 45.63663 ], [ 5.25926, 45.63087 ], [ 5.26221, 45.70288 ], [ 5.46773, 45.69857 ], [ 5.47095, 45.77057 ], [ 5.36806, 45.77278 ], [ 5.37425, 45.91679 ], [ 4.96152, 45.9247 ], [ 4.95896, 45.85268 ], [ 4.8559, 45.85442 ], [ 4.85832, 45.92644 ], [ 4.75512, 45.92809 ], [ 4.75283, 45.85607 ], [ 4.64975, 45.85762 ], [ 4.64331, 45.64155 ], [ 4.74599, 45.64001 ], [ 4.74146, 45.49597 ], [ 4.63905, 45.49751 ], [ 4.63481, 45.35347 ], [ 4.73695, 45.35193 ], [ 4.72801, 45.06386 ], [ 4.82962, 45.06224 ], [ 4.82727, 44.99023 ], [ 4.72579, 44.99185 ], [ 4.72136, 44.84783 ], [ 4.62014, 44.84935 ], [ 4.61393, 44.63332 ], [ 4.41223, 44.63608 ], [ 4.41404, 44.7081 ], [ 4.31306, 44.70934 ], [ 4.31138, 44.63733 ], [ 4.21052, 44.63848 ], [ 4.20898, 44.56646 ], [ 4.10824, 44.56752 ], [ 4.10683, 44.49551 ], [ 4.00622, 44.49647 ], [ 4.00239, 44.28045 ], [ 3.90216, 44.28132 ], [ 3.90101, 44.20931 ], [ 3.80091, 44.21009 ], [ 3.79787, 43.99409 ], [ 3.69815, 43.99477 ], [ 3.69903, 44.06677 ], [ 3.59917, 44.06736 ], [ 3.59616, 43.77939 ], [ 3.29808, 43.78061 ], [ 3.29771, 43.70862 ], [ 3.09924, 43.70898 ], [ 3.09899, 43.56502 ], [ 2.90101, 43.56502 ], [ 2.90114, 43.49304 ], [ 2.80227, 43.49291 ], [ 2.80252, 43.42093 ], [ 2.50631, 43.41999 ], [ 2.50692, 43.34802 ], [ 2.01389, 43.34465 ], [ 2.01142, 43.48858 ], [ 2.11027, 43.48944 ], [ 2.10915, 43.56141 ], [ 2.30711, 43.56285 ], [ 2.30536, 43.70681 ], [ 2.20614, 43.70614 ], [ 2.20213, 43.99409 ], [ 1.90296, 43.9915 ], [ 1.90157, 44.06349 ], [ 1.70189, 44.06131 ], [ 1.70024, 44.1333 ], [ 2.00015, 44.13645 ], [ 1.99888, 44.20845 ], [ 1.79869, 44.20644 ], [ 1.79716, 44.27844 ], [ 1.69694, 44.2773 ], [ 1.69363, 44.4213 ], [ 1.7941, 44.42245 ], [ 1.79257, 44.49445 ], [ 2.09439, 44.49735 ], [ 2.09324, 44.56936 ], [ 2.29473, 44.57083 ], [ 2.29383, 44.64285 ], [ 2.19295, 44.64216 ], [ 2.19192, 44.71418 ], [ 2.09092, 44.71339 ], [ 2.09208, 44.64137 ], [ 1.89034, 44.63953 ], [ 1.89176, 44.56752 ], [ 1.79102, 44.56646 ], [ 1.78948, 44.63848 ], [ 1.68862, 44.63733 ], [ 1.69029, 44.56532 ], [ 1.38813, 44.56132 ], [ 1.38607, 44.63332 ], [ 1.48692, 44.63475 ], [ 1.48304, 44.77877 ], [ 1.58415, 44.78011 ], [ 1.58233, 44.85212 ], [ 1.68358, 44.85337 ], [ 1.68189, 44.92539 ], [ 1.78326, 44.92654 ], [ 1.78482, 44.85452 ], [ 1.88607, 44.85559 ], [ 1.88321, 44.99963 ], [ 1.7817, 44.99856 ], [ 1.78013, 45.07059 ], [ 1.57686, 45.06817 ], [ 1.57319, 45.21222 ], [ 1.4713, 45.21087 ], [ 1.46932, 45.28289 ], [ 1.3673, 45.28145 ], [ 1.36519, 45.35347 ], [ 1.26305, 45.35193 ], [ 1.26529, 45.27991 ], [ 1.16329, 45.27828 ], [ 1.15614, 45.49433 ], [ 1.05374, 45.4926 ], [ 1.05122, 45.56462 ], [ 0.84618, 45.56088 ], [ 0.84338, 45.63289 ], [ 0.74074, 45.63087 ], [ 0.73779, 45.70288 ], [ 0.63503, 45.70077 ], [ 0.63194, 45.77278 ], [ 0.73485, 45.77489 ], [ 0.73189, 45.8469 ], [ 0.93798, 45.85085 ], [ 0.93529, 45.92287 ], [ 0.8321, 45.92093 ], [ 0.82642, 46.06496 ], [ 0.72297, 46.06293 ], [ 0.71998, 46.13494 ], [ 0.40928, 46.12827 ], [ 0.40247, 46.27227 ], [ 0.29865, 46.26986 ], [ 0.29509, 46.34185 ], [ 0.19114, 46.33934 ], [ 0.18743, 46.41133 ], [ 0.08336, 46.40872 ], [ 0.09485, 46.19275 ], [ 0.19852, 46.19535 ], [ 0.20219, 46.12336 ], [ -0.00486, 46.11807 ], [ -0.00881, 46.19005 ], [ -0.11245, 46.18726 ], [ -0.12065, 46.33123 ], [ -0.01673, 46.33402 ], [ -0.02071, 46.40601 ], [ -0.12476, 46.40321 ], [ -0.12889, 46.47519 ], [ -0.33724, 46.46929 ], [ -0.34165, 46.54126 ], [ -0.55023, 46.53498 ], [ -0.55493, 46.60694 ], [ -0.65934, 46.60365 ], [ -0.6545, 46.53169 ], [ -0.86301, 46.52484 ], [ -0.86812, 46.59678 ], [ -0.97249, 46.59321 ], [ -0.97775, 46.66515 ], [ -0.76872, 46.67222 ], [ -0.77372, 46.74417 ], [ -0.98302, 46.73709 ], [ -0.98831, 46.80903 ], [ -1.09308, 46.80535 ], [ -1.08224, 46.66148 ], [ -1.29119, 46.65384 ], [ -1.30258, 46.79769 ], [ -1.19784, 46.80157 ], [ -1.20342, 46.8735 ], [ -1.09853, 46.87728 ], [ -1.12044, 47.165 ], [ -1.2259, 47.16119 ], [ -1.23722, 47.30503 ], [ -1.44865, 47.29711 ], [ -1.45462, 47.36902 ], [ -1.34877, 47.37303 ], [ -1.36047, 47.51684 ], [ -1.78489, 47.50017 ], [ -1.7978, 47.64392 ], [ -1.69143, 47.64825 ], [ -1.69777, 47.72013 ], [ -2.12369, 47.70222 ], [ -2.11678, 47.63037 ], [ -2.22307, 47.62566 ], [ -2.21604, 47.55381 ], [ -2.10989, 47.55851 ], [ -2.10302, 47.48665 ], [ -2.31502, 47.47715 ], [ -2.32217, 47.549 ], [ -2.42829, 47.54411 ], [ -2.4356, 47.61595 ], [ -2.64805, 47.60585 ], [ -2.65567, 47.67767 ], [ -2.86832, 47.66717 ], [ -2.87625, 47.73898 ], [ -2.98268, 47.73357 ], [ -2.97461, 47.66177 ], [ -3.08089, 47.65628 ], [ -3.09733, 47.79986 ], [ -3.20386, 47.79426 ], [ -3.19549, 47.72248 ], [ -3.30186, 47.71679 ], [ -3.31038, 47.78856 ], [ -3.62977, 47.77088 ] ], [ [ -1.99029, 47.41938 ], [ -1.56657, 47.4368 ], [ -1.54824, 47.22111 ], [ -1.65377, 47.21691 ], [ -1.66001, 47.28881 ], [ -1.8713, 47.28012 ], [ -1.87783, 47.352 ], [ -1.98359, 47.34751 ], [ -1.99029, 47.41938 ] ], [ [ -2.16735, 47.05076 ], [ -2.06219, 47.05542 ], [ -2.05544, 46.98355 ], [ -2.16047, 46.97889 ], [ -2.16735, 47.05076 ] ], [ [ -1.36673, 46.29026 ], [ -1.26296, 46.29419 ], [ -1.25736, 46.22226 ], [ -1.36099, 46.21833 ], [ -1.36673, 46.29026 ] ], [ [ 0.30573, 46.12586 ], [ 0.40928, 46.12827 ], [ 0.41268, 46.05627 ], [ 0.30926, 46.05387 ], [ 0.30573, 46.12586 ] ], [ [ 5.16225, 45.77691 ], [ 5.26515, 45.77489 ], [ 5.26221, 45.70288 ], [ 5.15943, 45.7049 ], [ 5.16225, 45.77691 ] ], [ [ 1.37151, 45.13741 ], [ 1.47327, 45.13885 ], [ 1.47523, 45.06683 ], [ 1.57686, 45.06817 ], [ 1.58051, 44.92414 ], [ 1.47915, 44.9228 ], [ 1.47719, 44.99481 ], [ 1.3757, 44.99338 ], [ 1.37151, 45.13741 ] ], [ [ 4.81329, 44.5582 ], [ 4.91399, 44.5565 ], [ 4.91155, 44.4845 ], [ 4.81098, 44.4862 ], [ 4.81329, 44.5582 ] ], [ [ 4.40863, 44.49207 ], [ 4.50923, 44.49074 ], [ 4.50731, 44.41874 ], [ 4.40684, 44.42006 ], [ 4.40863, 44.49207 ] ], [ [ 4.69314, 43.91188 ], [ 4.79271, 43.91029 ], [ 4.79045, 43.83832 ], [ 4.69101, 43.8399 ], [ 4.69314, 43.91188 ] ], [ [ 4.0929, 43.77554 ], [ 4.19224, 43.7745 ], [ 4.19075, 43.70252 ], [ 4.09153, 43.70356 ], [ 4.0929, 43.77554 ] ], [ [ 4.39091, 43.77214 ], [ 4.49024, 43.77083 ], [ 4.48837, 43.69885 ], [ 4.38916, 43.70016 ], [ 4.39091, 43.77214 ] ], [ [ 4.68888, 43.76793 ], [ 4.7882, 43.76635 ], [ 4.78595, 43.69438 ], [ 4.68676, 43.69596 ], [ 4.68888, 43.76793 ] ], [ [ 5.58247, 43.75041 ], [ 5.68172, 43.74801 ], [ 5.67835, 43.67606 ], [ 5.57923, 43.67846 ], [ 5.58247, 43.75041 ] ], [ [ 5.47698, 43.60882 ], [ 5.67499, 43.60412 ], [ 5.6683, 43.46025 ], [ 5.56954, 43.46264 ], [ 5.57276, 43.53457 ], [ 5.47388, 43.53687 ], [ 5.47698, 43.60882 ] ], [ [ 3.0, 43.49309 ], [ 3.19773, 43.49291 ], [ 3.19748, 43.42093 ], [ 3.09874, 43.42107 ], [ 3.09862, 43.3491 ], [ 2.90138, 43.3491 ], [ 2.90126, 43.42107 ], [ 3.0, 43.42111 ], [ 3.0, 43.49309 ] ], [ [ 5.76359, 43.38584 ], [ 5.8622, 43.38328 ], [ 5.85863, 43.31136 ], [ 5.95712, 43.30871 ], [ 5.94975, 43.16489 ], [ 5.85152, 43.16753 ], [ 5.85507, 43.23944 ], [ 5.65832, 43.24447 ], [ 5.66164, 43.31639 ], [ 5.76014, 43.31392 ], [ 5.76359, 43.38584 ] ], [ [ 1.32377, 43.33616 ], [ 1.42234, 43.33764 ], [ 1.42431, 43.26569 ], [ 1.32586, 43.26421 ], [ 1.32377, 43.33616 ] ], [ [ 2.70415, 43.34874 ], [ 2.80277, 43.34896 ], [ 2.80301, 43.277 ], [ 2.70452, 43.27677 ], [ 2.70415, 43.34874 ] ] ], [ [ [ 2.5142, 42.48474 ], [ 2.5148, 42.41283 ], [ 2.61184, 42.41322 ], [ 2.61136, 42.48513 ], [ 2.5142, 42.48474 ] ] ], [ [ [ 2.61184, 42.41322 ], [ 2.61232, 42.34132 ], [ 2.70924, 42.34163 ], [ 2.70888, 42.41353 ], [ 2.61184, 42.41322 ] ] ], [ [ [ 8.64654, 42.55239 ], [ 8.63268, 42.40893 ], [ 8.53588, 42.41401 ], [ 8.52909, 42.34228 ], [ 8.62577, 42.33721 ], [ 8.61888, 42.26549 ], [ 8.52232, 42.27056 ], [ 8.51556, 42.19884 ], [ 8.61201, 42.19378 ], [ 8.60515, 42.12207 ], [ 8.70146, 42.11693 ], [ 8.68756, 41.97354 ], [ 8.59148, 41.97867 ], [ 8.58468, 41.90698 ], [ 8.77658, 41.89665 ], [ 8.76255, 41.75331 ], [ 8.85824, 41.74803 ], [ 8.82993, 41.46145 ], [ 8.92515, 41.45611 ], [ 8.97568, 41.95764 ], [ 8.87966, 41.96303 ], [ 8.88683, 42.0347 ], [ 8.98297, 42.0293 ], [ 8.99028, 42.10098 ], [ 8.79775, 42.1117 ], [ 8.80484, 42.18339 ], [ 8.70843, 42.18863 ], [ 8.7365, 42.47548 ], [ 8.83338, 42.47022 ], [ 8.84055, 42.54194 ], [ 8.64654, 42.55239 ] ] ] ] } },
{ "type": "Feature", "properties": { "doy_debut": 105, "surface_km2": 295424.0, "doy_fin": 119.0, "date_debut": "2026-04-15", "date_fin": "2026-04-29", "libelle": "Premier envol : 15/04 - 29/04", "couleur": "#FFBF5A", "annee": 2026, "modele": "STENO-DJ v1", "seuil_vol_c": 20.0, "dj_vol": 120.0 }, "geometry": { "type": "MultiPolygon", "coordinates": [ [ [ [ 1.65169, 50.39623 ], [ 1.65552, 50.2526 ], [ 1.76754, 50.25378 ], [ 1.76929, 50.18195 ], [ 1.65742, 50.18078 ], [ 1.65932, 50.10894 ], [ 1.77103, 50.11011 ], [ 1.77276, 50.03827 ], [ 1.99587, 50.0403 ], [ 1.99016, 50.32764 ], [ 1.87797, 50.32667 ], [ 1.87638, 50.39848 ], [ 1.65169, 50.39623 ] ] ], [ [ [ 4.67813, 50.17666 ], [ 4.67576, 50.10483 ], [ 4.34068, 50.10894 ], [ 4.33878, 50.03711 ], [ 4.78491, 50.03142 ], [ 4.78744, 50.10325 ], [ 5.01077, 50.0998 ], [ 5.01362, 50.17162 ], [ 4.67813, 50.17666 ] ] ], [ [ [ 5.87935, 49.65099 ], [ 5.8713, 49.5073 ], [ 5.98163, 49.50464 ], [ 5.98999, 49.64832 ], [ 5.87935, 49.65099 ] ] ], [ [ [ -1.85513, 49.444 ], [ -1.84836, 49.37223 ], [ -1.73844, 49.37659 ], [ -1.74506, 49.44837 ], [ -1.85513, 49.444 ] ] ], [ [ [ 7.41472, 49.46087 ], [ 7.40856, 49.38908 ], [ 7.51854, 49.38502 ], [ 7.52485, 49.45681 ], [ 7.41472, 49.46087 ] ] ], [ [ [ 5.6469, 49.44047 ], [ 5.64321, 49.3686 ], [ 5.75325, 49.36614 ], [ 5.7571, 49.43801 ], [ 5.6469, 49.44047 ] ] ], [ [ [ 5.19986, 49.30554 ], [ 5.1968, 49.23365 ], [ 5.30658, 49.2316 ], [ 5.30979, 49.30349 ], [ 5.19986, 49.30554 ] ] ], [ [ [ 7.05029, 49.04154 ], [ 7.04469, 48.9697 ], [ 7.1538, 48.96597 ], [ 7.15956, 49.03781 ], [ 7.05029, 49.04154 ] ] ], [ [ [ -1.91715, 48.93706 ], [ -1.91037, 48.86526 ], [ -1.80152, 48.86968 ], [ -1.80816, 48.94149 ], [ -1.91715, 48.93706 ] ] ], [ [ [ 6.70699, 48.83658 ], [ 6.70188, 48.76471 ], [ 6.48441, 48.77126 ], [ 6.47962, 48.69937 ], [ 6.80535, 48.68942 ], [ 6.81585, 48.83315 ], [ 6.70699, 48.83658 ] ] ], [ [ [ 7.13664, 48.75043 ], [ 7.13095, 48.67857 ], [ 7.23945, 48.67476 ], [ 7.24529, 48.74661 ], [ 7.13664, 48.75043 ] ] ], [ [ [ 7.02243, 48.68229 ], [ 7.0169, 48.61042 ], [ 7.12527, 48.60671 ], [ 7.13095, 48.67857 ], [ 7.02243, 48.68229 ] ] ], [ [ [ -5.01313, 48.40771 ], [ -5.00219, 48.33611 ], [ -4.89478, 48.34334 ], [ -4.90557, 48.41496 ], [ -5.01313, 48.40771 ] ] ], [ [ [ 4.99385, 49.66874 ], [ 4.9855, 49.45312 ], [ 5.09575, 49.45126 ], [ 5.09283, 49.37938 ], [ 5.42309, 49.37321 ], [ 5.41971, 49.30134 ], [ 5.52962, 49.29908 ], [ 5.5226, 49.15532 ], [ 5.6322, 49.15297 ], [ 5.62491, 49.00919 ], [ 5.7342, 49.00675 ], [ 5.71914, 48.71914 ], [ 5.61045, 48.72157 ], [ 5.60686, 48.64965 ], [ 5.7154, 48.64722 ], [ 5.70795, 48.50338 ], [ 5.9244, 48.49825 ], [ 5.93244, 48.64208 ], [ 6.25791, 48.63362 ], [ 6.2624, 48.70551 ], [ 6.37101, 48.70249 ], [ 6.38032, 48.84626 ], [ 6.2714, 48.84929 ], [ 6.31719, 49.56788 ], [ 6.09627, 49.57371 ], [ 6.09195, 49.50187 ], [ 5.98163, 49.50464 ], [ 5.97746, 49.43279 ], [ 6.08763, 49.43003 ], [ 6.08333, 49.35817 ], [ 5.97331, 49.36093 ], [ 5.96918, 49.28907 ], [ 5.74942, 49.29428 ], [ 5.7456, 49.2224 ], [ 5.63586, 49.22485 ], [ 5.64321, 49.3686 ], [ 5.53315, 49.37096 ], [ 5.53669, 49.44283 ], [ 5.31624, 49.44725 ], [ 5.31948, 49.51912 ], [ 5.09869, 49.52314 ], [ 5.10162, 49.59501 ], [ 5.21218, 49.59304 ], [ 5.21528, 49.6649 ], [ 4.99385, 49.66874 ] ], [ [ 6.07476, 49.21445 ], [ 6.18445, 49.2116 ], [ 6.18003, 49.13974 ], [ 6.07049, 49.14258 ], [ 6.07476, 49.21445 ] ], [ [ 6.06199, 48.99883 ], [ 6.17123, 48.99599 ], [ 6.16685, 48.92411 ], [ 6.05775, 48.92694 ], [ 6.06199, 48.99883 ] ] ], [ [ [ 6.80012, 48.61754 ], [ 6.78971, 48.47378 ], [ 6.89781, 48.47028 ], [ 6.90316, 48.54216 ], [ 7.01139, 48.53855 ], [ 7.0169, 48.61042 ], [ 6.80012, 48.61754 ] ] ], [ [ [ 6.24453, 48.4179 ], [ 6.2401, 48.34599 ], [ 6.34797, 48.34299 ], [ 6.33885, 48.19916 ], [ 6.66152, 48.18959 ], [ 6.66651, 48.26149 ], [ 6.77419, 48.2581 ], [ 6.77935, 48.33 ], [ 6.88716, 48.32651 ], [ 6.89248, 48.39839 ], [ 6.24453, 48.4179 ] ] ], [ [ [ 6.13221, 48.34889 ], [ 6.12367, 48.20505 ], [ 6.23126, 48.20215 ], [ 6.2401, 48.34599 ], [ 6.13221, 48.34889 ] ] ], [ [ [ 8.76979, 47.74428 ], [ 8.76201, 47.67247 ], [ 8.86832, 47.66717 ], [ 8.87625, 47.73898 ], [ 8.76979, 47.74428 ] ] ], [ [ [ 8.22307, 47.62566 ], [ 8.21604, 47.55381 ], [ 8.32217, 47.549 ], [ 8.32935, 47.62085 ], [ 8.22307, 47.62566 ] ] ], [ [ [ -3.26802, 47.42966 ], [ -3.25123, 47.28608 ], [ -3.04016, 47.29728 ], [ -3.04826, 47.36908 ], [ -3.15395, 47.36352 ], [ -3.16221, 47.43532 ], [ -3.26802, 47.42966 ] ] ], [ [ [ -1.99029, 47.41938 ], [ -1.98359, 47.34751 ], [ -1.87783, 47.352 ], [ -1.8713, 47.28012 ], [ -1.66001, 47.28881 ], [ -1.65377, 47.21691 ], [ -1.54824, 47.22111 ], [ -1.56657, 47.4368 ], [ -1.99029, 47.41938 ] ] ], [ [ [ -0.28511, 47.33589 ], [ -0.28071, 47.26394 ], [ -0.17499, 47.26688 ], [ -0.17925, 47.33884 ], [ -0.28511, 47.33589 ] ] ], [ [ [ 7.54824, 47.22111 ], [ 7.54216, 47.1492 ], [ 7.64755, 47.14502 ], [ 7.65377, 47.21691 ], [ 7.54824, 47.22111 ] ] ], [ [ [ 7.33133, 47.15729 ], [ 7.32555, 47.08538 ], [ 7.43084, 47.08139 ], [ 7.43676, 47.1533 ], [ 7.33133, 47.15729 ] ] ], [ [ [ 7.22025, 47.08927 ], [ 7.21463, 47.01735 ], [ 7.31979, 47.01346 ], [ 7.32555, 47.08538 ], [ 7.22025, 47.08927 ] ] ], [ [ [ 0.46969, 47.06656 ], [ 0.47306, 46.99457 ], [ 0.57828, 46.99682 ], [ 0.57505, 47.06882 ], [ 0.46969, 47.06656 ] ] ], [ [ [ 7.00427, 47.02484 ], [ 6.99894, 46.95291 ], [ 6.89387, 46.95651 ], [ 6.88869, 46.88457 ], [ 7.09853, 46.87728 ], [ 7.10398, 46.94921 ], [ 7.20902, 46.94543 ], [ 7.21463, 47.01735 ], [ 7.00427, 47.02484 ] ] ], [ [ [ 0.99658, 47.07689 ], [ 1.00191, 46.93289 ], [ 0.8968, 46.93102 ], [ 0.8996, 46.85901 ], [ 1.10955, 46.86265 ], [ 1.10703, 46.93466 ], [ 1.21216, 46.93634 ], [ 1.20978, 47.00835 ], [ 1.10451, 47.00667 ], [ 1.10198, 47.07867 ], [ 0.99658, 47.07689 ] ] ], [ [ [ 6.67881, 46.89147 ], [ 6.67392, 46.81951 ], [ 6.88353, 46.81262 ], [ 6.88869, 46.88457 ], [ 6.67881, 46.89147 ] ] ], [ [ [ 6.5691, 46.82282 ], [ 6.56436, 46.75086 ], [ 6.66905, 46.74756 ], [ 6.67392, 46.81951 ], [ 6.5691, 46.82282 ] ] ], [ [ [ 6.77372, 46.74417 ], [ 6.76872, 46.67222 ], [ 6.87324, 46.66873 ], [ 6.87838, 46.74068 ], [ 6.77372, 46.74417 ] ] ], [ [ [ -0.97775, 46.66515 ], [ -0.97249, 46.59321 ], [ -0.86812, 46.59678 ], [ -0.86301, 46.52484 ], [ -0.6545, 46.53169 ], [ -0.65934, 46.60365 ], [ -0.76373, 46.60026 ], [ -0.76872, 46.67222 ], [ -0.97775, 46.66515 ] ] ], [ [ [ 5.61473, 46.63226 ], [ 5.60095, 46.34427 ], [ 5.80886, 46.33934 ], [ 5.81257, 46.41133 ], [ 5.70848, 46.41385 ], [ 5.71924, 46.62983 ], [ 5.61473, 46.63226 ] ] ], [ [ [ 6.84776, 46.30898 ], [ 6.8427, 46.23703 ], [ 6.94639, 46.23348 ], [ 6.95158, 46.30543 ], [ 6.84776, 46.30898 ] ] ], [ [ [ 0.30573, 46.12586 ], [ 0.30926, 46.05387 ], [ 0.41268, 46.05627 ], [ 0.40928, 46.12827 ], [ 0.30573, 46.12586 ] ] ], [ [ [ 6.41884, 46.10635 ], [ 6.41436, 46.03438 ], [ 6.51769, 46.03122 ], [ 6.5223, 46.10318 ], [ 6.41884, 46.10635 ] ] ], [ [ [ 5.37425, 45.91679 ], [ 5.36806, 45.77278 ], [ 5.47095, 45.77057 ], [ 5.47741, 45.91458 ], [ 5.37425, 45.91679 ] ] ], [ [ [ 2.69103, 45.7972 ], [ 2.69143, 45.72516 ], [ 2.79429, 45.7254 ], [ 2.79402, 45.79744 ], [ 2.69103, 45.7972 ] ] ], [ [ [ 5.16225, 45.77691 ], [ 5.15943, 45.7049 ], [ 5.26221, 45.70288 ], [ 5.26515, 45.77489 ], [ 5.16225, 45.77691 ] ] ], [ [ [ 6.29376, 45.74954 ], [ 6.2852, 45.60559 ], [ 6.38774, 45.60254 ], [ 6.39657, 45.74649 ], [ 6.29376, 45.74954 ] ] ], [ [ [ 3.61632, 45.65186 ], [ 3.61392, 45.43575 ], [ 3.71624, 45.43515 ], [ 3.71903, 45.65125 ], [ 3.61632, 45.65186 ] ] ], [ [ [ 6.18265, 45.60854 ], [ 6.17852, 45.53656 ], [ 5.87121, 45.54483 ], [ 5.86749, 45.47284 ], [ 5.9698, 45.47018 ], [ 5.96596, 45.39819 ], [ 6.06813, 45.39544 ], [ 6.07211, 45.46743 ], [ 6.27669, 45.46163 ], [ 6.2852, 45.60559 ], [ 6.18265, 45.60854 ] ] ], [ [ [ 6.45051, 46.61013 ], [ 6.44595, 46.53817 ], [ 6.34165, 46.54126 ], [ 6.33724, 46.46929 ], [ 6.23307, 46.47229 ], [ 6.22881, 46.40031 ], [ 6.12476, 46.40321 ], [ 6.12065, 46.33123 ], [ 6.01673, 46.33402 ], [ 6.01276, 46.26204 ], [ 5.90897, 46.26474 ], [ 5.90134, 46.12076 ], [ 5.69427, 46.12586 ], [ 5.68722, 45.98187 ], [ 5.79049, 45.97937 ], [ 5.7832, 45.83538 ], [ 5.6802, 45.83787 ], [ 5.68371, 45.90987 ], [ 5.58056, 45.91227 ], [ 5.55386, 45.33627 ], [ 5.65594, 45.3339 ], [ 5.65938, 45.40589 ], [ 5.76158, 45.40342 ], [ 5.76875, 45.5474 ], [ 5.87121, 45.54483 ], [ 5.87868, 45.68881 ], [ 5.9814, 45.68614 ], [ 5.98918, 45.83012 ], [ 6.09215, 45.82734 ], [ 6.10024, 45.97131 ], [ 5.997, 45.97409 ], [ 6.00486, 46.11807 ], [ 6.21187, 46.1124 ], [ 6.20766, 46.04042 ], [ 6.31102, 46.03744 ], [ 6.31971, 46.18139 ], [ 6.21609, 46.18438 ], [ 6.22032, 46.25635 ], [ 6.42783, 46.25029 ], [ 6.43234, 46.32226 ], [ 6.53621, 46.31908 ], [ 6.54087, 46.39105 ], [ 6.85283, 46.38093 ], [ 6.85791, 46.45289 ], [ 6.7538, 46.45636 ], [ 6.75876, 46.52831 ], [ 6.55023, 46.53498 ], [ 6.55493, 46.60694 ], [ 6.45051, 46.61013 ] ], [ [ 5.66975, 45.62188 ], [ 5.77235, 45.6194 ], [ 5.76875, 45.5474 ], [ 5.66629, 45.54988 ], [ 5.66975, 45.62188 ] ] ], [ [ [ 5.86378, 45.40085 ], [ 5.85638, 45.25688 ], [ 5.9583, 45.25423 ], [ 5.96596, 45.39819 ], [ 5.86378, 45.40085 ] ] ], [ [ [ 5.55056, 45.26427 ], [ 5.54727, 45.19228 ], [ 5.64909, 45.18991 ], [ 5.65251, 45.2619 ], [ 5.55056, 45.26427 ] ] ], [ [ [ 3.81538, 45.21835 ], [ 3.81224, 45.00227 ], [ 3.91376, 45.00148 ], [ 3.9173, 45.21756 ], [ 3.81538, 45.21835 ] ] ], [ [ [ 5.75445, 45.25944 ], [ 5.7509, 45.18745 ], [ 5.64909, 45.18991 ], [ 5.63888, 44.97393 ], [ 5.74029, 44.97148 ], [ 5.74735, 45.11546 ], [ 5.84902, 45.1129 ], [ 5.85638, 45.25688 ], [ 5.75445, 45.25944 ] ] ], [ [ [ 1.37151, 45.13741 ], [ 1.3757, 44.99338 ], [ 1.47719, 44.99481 ], [ 1.47915, 44.9228 ], [ 1.58051, 44.92414 ], [ 1.57686, 45.06817 ], [ 1.47523, 45.06683 ], [ 1.47327, 45.13885 ], [ 1.37151, 45.13741 ] ] ], [ [ [ 5.53745, 44.9763 ], [ 5.5342, 44.9043 ], [ 5.63549, 44.90195 ], [ 5.63888, 44.97393 ], [ 5.53745, 44.9763 ] ] ], [ [ [ 5.73678, 44.8995 ], [ 5.73327, 44.82751 ], [ 5.83442, 44.82497 ], [ 5.83805, 44.89695 ], [ 5.73678, 44.8995 ] ] ], [ [ [ 5.63211, 44.82996 ], [ 5.62875, 44.75797 ], [ 5.72977, 44.75553 ], [ 5.73327, 44.82751 ], [ 5.63211, 44.82996 ] ] ], [ [ [ 5.42356, 44.69059 ], [ 5.42047, 44.61861 ], [ 5.52126, 44.61635 ], [ 5.52448, 44.68834 ], [ 5.42356, 44.69059 ] ] ], [ [ [ 4.81329, 44.5582 ], [ 4.81098, 44.4862 ], [ 4.91155, 44.4845 ], [ 4.91399, 44.5565 ], [ 4.81329, 44.5582 ] ] ], [ [ [ 4.40863, 44.49207 ], [ 4.40684, 44.42006 ], [ 4.50731, 44.41874 ], [ 4.50923, 44.49074 ], [ 4.40863, 44.49207 ] ] ], [ [ [ 6.2224, 44.52605 ], [ 6.21829, 44.45409 ], [ 6.11783, 44.45698 ], [ 6.11386, 44.38502 ], [ 6.31453, 44.37916 ], [ 6.32298, 44.52307 ], [ 6.2224, 44.52605 ] ] ], [ [ [ 5.10463, 44.26487 ], [ 5.10196, 44.19288 ], [ 5.202, 44.19092 ], [ 5.2048, 44.2629 ], [ 5.10463, 44.26487 ] ] ], [ [ [ 5.30496, 44.26085 ], [ 5.30204, 44.18887 ], [ 5.40207, 44.18672 ], [ 5.40512, 44.2587 ], [ 5.30496, 44.26085 ] ] ], [ [ [ 4.53266, 45.35491 ], [ 4.52477, 45.06683 ], [ 4.42314, 45.06817 ], [ 4.42131, 44.99616 ], [ 4.31981, 44.99741 ], [ 4.31811, 44.92539 ], [ 4.41949, 44.92414 ], [ 4.41585, 44.78011 ], [ 4.1125, 44.78357 ], [ 4.10966, 44.63953 ], [ 4.00879, 44.6405 ], [ 4.0075, 44.56849 ], [ 3.90676, 44.56936 ], [ 3.9033, 44.35333 ], [ 3.80294, 44.3541 ], [ 3.80193, 44.2821 ], [ 3.60145, 44.28338 ], [ 3.59917, 44.06736 ], [ 3.69903, 44.06677 ], [ 3.69815, 43.99477 ], [ 3.79787, 43.99409 ], [ 3.80091, 44.21009 ], [ 3.90101, 44.20931 ], [ 3.90216, 44.28132 ], [ 4.00239, 44.28045 ], [ 4.00622, 44.49647 ], [ 4.10683, 44.49551 ], [ 4.10824, 44.56752 ], [ 4.20898, 44.56646 ], [ 4.21052, 44.63848 ], [ 4.31138, 44.63733 ], [ 4.31306, 44.70934 ], [ 4.41404, 44.7081 ], [ 4.41223, 44.63608 ], [ 4.61393, 44.63332 ], [ 4.62014, 44.84935 ], [ 4.72136, 44.84783 ], [ 4.72579, 44.99185 ], [ 4.82727, 44.99023 ], [ 4.82962, 45.06224 ], [ 4.72801, 45.06386 ], [ 4.73695, 45.35193 ], [ 4.53266, 45.35491 ] ] ], [ [ [ 5.202, 44.19092 ], [ 5.19644, 44.04697 ], [ 5.09665, 44.04893 ], [ 5.094, 43.97695 ], [ 5.39297, 43.97082 ], [ 5.396, 44.04278 ], [ 5.29622, 44.04492 ], [ 5.30204, 44.18887 ], [ 5.202, 44.19092 ] ] ], [ [ [ 7.48903, 43.97688 ], [ 7.48337, 43.905 ], [ 7.68218, 43.89665 ], [ 7.68808, 43.96852 ], [ 7.48903, 43.97688 ] ] ], [ [ [ 6.59262, 44.01003 ], [ 6.58808, 43.9381 ], [ 6.68761, 43.93479 ], [ 6.68297, 43.86287 ], [ 6.9811, 43.85239 ], [ 6.97609, 43.78049 ], [ 7.07532, 43.77682 ], [ 7.08045, 43.84872 ], [ 7.17979, 43.84496 ], [ 7.18506, 43.91685 ], [ 6.98612, 43.9243 ], [ 6.99115, 43.9962 ], [ 6.59262, 44.01003 ] ] ], [ [ [ 7.38395, 43.90904 ], [ 7.37292, 43.76528 ], [ 7.4721, 43.76125 ], [ 7.48337, 43.905 ], [ 7.38395, 43.90904 ] ] ], [ [ [ 6.38473, 43.87253 ], [ 6.38047, 43.80061 ], [ 6.47977, 43.79748 ], [ 6.48415, 43.8694 ], [ 6.38473, 43.87253 ] ] ], [ [ [ 5.26221, 45.70288 ], [ 5.25926, 45.63087 ], [ 4.95132, 45.63663 ], [ 4.94626, 45.4926 ], [ 4.84386, 45.49433 ], [ 4.84147, 45.42231 ], [ 5.04599, 45.41877 ], [ 5.04335, 45.34676 ], [ 4.83909, 45.3503 ], [ 4.83434, 45.20627 ], [ 4.93621, 45.20455 ], [ 4.93372, 45.13254 ], [ 5.13717, 45.12882 ], [ 5.13442, 45.05682 ], [ 5.03283, 45.05872 ], [ 5.02242, 44.7707 ], [ 4.82025, 44.7742 ], [ 4.81792, 44.7022 ], [ 5.01983, 44.6987 ], [ 5.01725, 44.6267 ], [ 4.91643, 44.62849 ], [ 4.91399, 44.5565 ], [ 5.01468, 44.5547 ], [ 5.00955, 44.41072 ], [ 5.10998, 44.40884 ], [ 5.1073, 44.33685 ], [ 5.2076, 44.33488 ], [ 5.2048, 44.2629 ], [ 5.30496, 44.26085 ], [ 5.30789, 44.33283 ], [ 5.60871, 44.3261 ], [ 5.6021, 44.18216 ], [ 5.70211, 44.17974 ], [ 5.70553, 44.25171 ], [ 5.80565, 44.2492 ], [ 5.79856, 44.10527 ], [ 5.89842, 44.10268 ], [ 5.89475, 44.03072 ], [ 5.59552, 44.03823 ], [ 5.59225, 43.96627 ], [ 5.49261, 43.96859 ], [ 5.48947, 43.89663 ], [ 5.29043, 43.90099 ], [ 5.28755, 43.82902 ], [ 5.48634, 43.82467 ], [ 5.48321, 43.75272 ], [ 5.58247, 43.75041 ], [ 5.58572, 43.82236 ], [ 5.6851, 43.81996 ], [ 5.68848, 43.89191 ], [ 5.78797, 43.88941 ], [ 5.79149, 43.96136 ], [ 6.09029, 43.95332 ], [ 6.08251, 43.80944 ], [ 6.18184, 43.80659 ], [ 6.18987, 43.95046 ], [ 6.389, 43.94446 ], [ 6.39328, 44.01639 ], [ 6.29359, 44.01944 ], [ 6.30194, 44.16332 ], [ 6.00206, 44.17194 ], [ 6.01735, 44.45978 ], [ 6.11783, 44.45698 ], [ 6.1218, 44.52894 ], [ 5.92059, 44.53445 ], [ 5.91316, 44.39052 ], [ 5.71241, 44.39565 ], [ 5.71587, 44.46762 ], [ 5.81637, 44.4651 ], [ 5.81996, 44.53707 ], [ 5.61869, 44.54203 ], [ 5.61203, 44.39807 ], [ 5.51164, 44.40041 ], [ 5.51483, 44.47239 ], [ 5.4143, 44.47464 ], [ 5.41738, 44.54662 ], [ 5.31672, 44.54878 ], [ 5.32264, 44.69276 ], [ 5.42356, 44.69059 ], [ 5.42667, 44.76258 ], [ 5.32562, 44.76475 ], [ 5.3286, 44.83675 ], [ 5.22741, 44.83882 ], [ 5.23027, 44.91082 ], [ 5.12894, 44.91281 ], [ 5.13168, 44.98481 ], [ 5.23313, 44.98282 ], [ 5.23601, 45.05482 ], [ 5.33759, 45.05274 ], [ 5.34362, 45.19674 ], [ 5.44545, 45.19455 ], [ 5.46773, 45.69857 ], [ 5.26221, 45.70288 ] ], [ [ 5.12078, 44.69681 ], [ 5.22171, 44.69483 ], [ 5.21888, 44.62284 ], [ 5.11807, 44.62482 ], [ 5.12078, 44.69681 ] ], [ [ 5.11267, 44.48083 ], [ 5.21322, 44.47886 ], [ 5.21041, 44.40687 ], [ 5.10998, 44.40884 ], [ 5.11267, 44.48083 ] ] ], [ [ [ 6.18184, 43.80659 ], [ 6.17784, 43.73466 ], [ 6.27704, 43.73172 ], [ 6.28116, 43.80364 ], [ 6.18184, 43.80659 ] ] ], [ [ [ 7.07532, 43.77682 ], [ 7.0702, 43.70493 ], [ 7.36743, 43.6934 ], [ 7.37292, 43.76528 ], [ 7.07532, 43.77682 ] ] ], [ [ [ 5.58247, 43.75041 ], [ 5.57923, 43.67846 ], [ 5.67835, 43.67606 ], [ 5.68172, 43.74801 ], [ 5.58247, 43.75041 ] ] ], [ [ [ 6.67371, 43.71905 ], [ 6.6691, 43.64714 ], [ 6.96611, 43.6367 ], [ 6.9711, 43.7086 ], [ 6.67371, 43.71905 ] ] ], [ [ [ 6.07864, 43.73751 ], [ 6.07091, 43.59365 ], [ 6.26882, 43.58787 ], [ 6.27292, 43.65979 ], [ 6.17385, 43.66273 ], [ 6.17784, 43.73466 ], [ 6.07864, 43.73751 ] ] ], [ [ [ 6.37198, 43.65676 ], [ 6.36776, 43.58485 ], [ 6.6645, 43.57523 ], [ 6.6691, 43.64714 ], [ 6.37198, 43.65676 ] ] ], [ [ [ 5.47698, 43.60882 ], [ 5.47388, 43.53687 ], [ 5.57276, 43.53457 ], [ 5.56954, 43.46264 ], [ 5.6683, 43.46025 ], [ 5.67499, 43.60412 ], [ 5.47698, 43.60882 ] ] ], [ [ [ 2.88601, 51.12134 ], [ 2.88715, 50.61896 ], [ 2.7743, 50.61881 ], [ 2.77494, 50.4752 ], [ 2.88747, 50.47536 ], [ 2.88763, 50.40354 ], [ 3.0, 50.40359 ], [ 3.0, 50.25994 ], [ 3.11205, 50.25989 ], [ 3.11189, 50.18806 ], [ 3.44756, 50.18729 ], [ 3.4482, 50.25913 ], [ 3.56025, 50.25867 ], [ 3.56104, 50.3305 ], [ 3.67324, 50.32993 ], [ 3.6742, 50.40175 ], [ 3.89892, 50.40032 ], [ 3.8951, 50.18485 ], [ 3.78322, 50.18561 ], [ 3.78101, 50.04193 ], [ 3.66944, 50.04259 ], [ 3.6685, 49.97073 ], [ 3.22284, 49.97236 ], [ 3.22252, 49.90049 ], [ 3.0, 49.9007 ], [ 3.0, 49.97256 ], [ 2.88858, 49.97251 ], [ 2.88842, 50.04436 ], [ 2.66527, 50.04396 ], [ 2.66575, 49.9721 ], [ 2.55433, 49.97175 ], [ 2.55496, 49.89989 ], [ 2.4437, 49.89943 ], [ 2.44526, 49.75569 ], [ 2.55621, 49.75615 ], [ 2.55558, 49.82802 ], [ 2.77779, 49.82863 ], [ 2.7781, 49.75675 ], [ 2.66716, 49.7565 ], [ 2.66762, 49.68462 ], [ 2.77841, 49.68487 ], [ 2.77872, 49.61298 ], [ 2.55745, 49.61238 ], [ 2.55683, 49.68427 ], [ 2.22447, 49.6826 ], [ 2.22556, 49.61072 ], [ 2.44682, 49.61193 ], [ 2.44759, 49.54003 ], [ 2.0057, 49.53722 ], [ 2.00848, 49.39343 ], [ 1.67803, 49.39027 ], [ 1.67618, 49.46216 ], [ 1.34531, 49.45809 ], [ 1.343, 49.52998 ], [ 0.79091, 49.52118 ], [ 0.78782, 49.59304 ], [ 0.67727, 49.59098 ], [ 0.68052, 49.51912 ], [ 0.3494, 49.51233 ], [ 0.34569, 49.58418 ], [ 0.23518, 49.58172 ], [ 0.22742, 49.7254 ], [ 0.11661, 49.72283 ], [ 0.12065, 49.65099 ], [ 0.01001, 49.64832 ], [ 0.02669, 49.36093 ], [ -0.08333, 49.35817 ], [ -0.07476, 49.21445 ], [ -0.29413, 49.20865 ], [ -0.29872, 49.28051 ], [ -1.17691, 49.25328 ], [ -1.17111, 49.18146 ], [ -1.3902, 49.17367 ], [ -1.38411, 49.10185 ], [ -1.49348, 49.09781 ], [ -1.51225, 49.31323 ], [ -1.62206, 49.30907 ], [ -1.6285, 49.38086 ], [ -1.73844, 49.37659 ], [ -1.72527, 49.23302 ], [ -1.61563, 49.23727 ], [ -1.56486, 48.66273 ], [ -1.78172, 48.65422 ], [ -1.7883, 48.72604 ], [ -2.00538, 48.71713 ], [ -1.9985, 48.64531 ], [ -2.21521, 48.63601 ], [ -2.22239, 48.70781 ], [ -2.54774, 48.6931 ], [ -2.54012, 48.62132 ], [ -2.75663, 48.61104 ], [ -2.76454, 48.6828 ], [ -2.87291, 48.6775 ], [ -2.89723, 48.89276 ], [ -3.65828, 48.85276 ], [ -3.63996, 48.70937 ], [ -3.74829, 48.70328 ], [ -3.75758, 48.77497 ], [ -4.19122, 48.74958 ], [ -4.18134, 48.67792 ], [ -4.61396, 48.65099 ], [ -4.60351, 48.57937 ], [ -4.81936, 48.56533 ], [ -4.77672, 48.27885 ], [ -4.66939, 48.28588 ], [ -4.65894, 48.21424 ], [ -4.55173, 48.22116 ], [ -4.54146, 48.1495 ], [ -4.43437, 48.15632 ], [ -4.42426, 48.08465 ], [ -4.74504, 48.06394 ], [ -4.73453, 47.99229 ], [ -4.62778, 47.99928 ], [ -4.61745, 47.92763 ], [ -4.40415, 47.9413 ], [ -4.37417, 47.72625 ], [ -4.2679, 47.73291 ], [ -4.27773, 47.80461 ], [ -3.85184, 47.83034 ], [ -3.84258, 47.75861 ], [ -3.31038, 47.78856 ], [ -3.30186, 47.71679 ], [ -3.19549, 47.72248 ], [ -3.20386, 47.79426 ], [ -3.09733, 47.79986 ], [ -3.08089, 47.65628 ], [ -2.97461, 47.66177 ], [ -2.98268, 47.73357 ], [ -2.87625, 47.73898 ], [ -2.86832, 47.66717 ], [ -2.65567, 47.67767 ], [ -2.64805, 47.60585 ], [ -2.4356, 47.61595 ], [ -2.42829, 47.54411 ], [ -2.32217, 47.549 ], [ -2.31502, 47.47715 ], [ -2.10302, 47.48665 ], [ -2.10989, 47.55851 ], [ -2.21604, 47.55381 ], [ -2.22307, 47.62566 ], [ -2.11678, 47.63037 ], [ -2.12369, 47.70222 ], [ -1.69777, 47.72013 ], [ -1.69143, 47.64825 ], [ -1.7978, 47.64392 ], [ -1.78489, 47.50017 ], [ -1.36047, 47.51684 ], [ -1.34877, 47.37303 ], [ -1.45462, 47.36902 ], [ -1.44865, 47.29711 ], [ -1.23722, 47.30503 ], [ -1.2259, 47.16119 ], [ -1.12044, 47.165 ], [ -1.09853, 46.87728 ], [ -1.20342, 46.8735 ], [ -1.19784, 46.80157 ], [ -1.30258, 46.79769 ], [ -1.29119, 46.65384 ], [ -1.08224, 46.66148 ], [ -1.09308, 46.80535 ], [ -0.98831, 46.80903 ], [ -0.98302, 46.73709 ], [ -0.77372, 46.74417 ], [ -0.76872, 46.67222 ], [ -0.66419, 46.67561 ], [ -0.65934, 46.60365 ], [ -0.55493, 46.60694 ], [ -0.55023, 46.53498 ], [ -0.34165, 46.54126 ], [ -0.33724, 46.46929 ], [ -0.12889, 46.47519 ], [ -0.12476, 46.40321 ], [ -0.02071, 46.40601 ], [ -0.01673, 46.33402 ], [ -0.12065, 46.33123 ], [ -0.11245, 46.18726 ], [ -0.00881, 46.19005 ], [ -0.00486, 46.11807 ], [ 0.20219, 46.12336 ], [ 0.19852, 46.19535 ], [ 0.09485, 46.19275 ], [ 0.08336, 46.40872 ], [ 0.18743, 46.41133 ], [ 0.19114, 46.33934 ], [ 0.29509, 46.34185 ], [ 0.29865, 46.26986 ], [ 0.40247, 46.27227 ], [ 0.40928, 46.12827 ], [ 0.71998, 46.13494 ], [ 0.72297, 46.06293 ], [ 0.82642, 46.06496 ], [ 0.8321, 45.92093 ], [ 0.93529, 45.92287 ], [ 0.93798, 45.85085 ], [ 0.73189, 45.8469 ], [ 0.73485, 45.77489 ], [ 0.63194, 45.77278 ], [ 0.63503, 45.70077 ], [ 0.73779, 45.70288 ], [ 0.74074, 45.63087 ], [ 0.84338, 45.63289 ], [ 0.84618, 45.56088 ], [ 1.05122, 45.56462 ], [ 1.05374, 45.4926 ], [ 1.15614, 45.49433 ], [ 1.16329, 45.27828 ], [ 1.26529, 45.27991 ], [ 1.26305, 45.35193 ], [ 1.36519, 45.35347 ], [ 1.3673, 45.28145 ], [ 1.46932, 45.28289 ], [ 1.4713, 45.21087 ], [ 1.57319, 45.21222 ], [ 1.57686, 45.06817 ], [ 1.78013, 45.07059 ], [ 1.7817, 44.99856 ], [ 1.88321, 44.99963 ], [ 1.88607, 44.85559 ], [ 1.78482, 44.85452 ], [ 1.78326, 44.92654 ], [ 1.68189, 44.92539 ], [ 1.68358, 44.85337 ], [ 1.58233, 44.85212 ], [ 1.58415, 44.78011 ], [ 1.48304, 44.77877 ], [ 1.48692, 44.63475 ], [ 1.38607, 44.63332 ], [ 1.38813, 44.56132 ], [ 1.69029, 44.56532 ], [ 1.68862, 44.63733 ], [ 1.78948, 44.63848 ], [ 1.79102, 44.56646 ], [ 1.89176, 44.56752 ], [ 1.89034, 44.63953 ], [ 2.09208, 44.64137 ], [ 2.09092, 44.71339 ], [ 2.19192, 44.71418 ], [ 2.19295, 44.64216 ], [ 2.29383, 44.64285 ], [ 2.29473, 44.57083 ], [ 2.09324, 44.56936 ], [ 2.09439, 44.49735 ], [ 1.79257, 44.49445 ], [ 1.7941, 44.42245 ], [ 1.69363, 44.4213 ], [ 1.69694, 44.2773 ], [ 1.79716, 44.27844 ], [ 1.79869, 44.20644 ], [ 1.99888, 44.20845 ], [ 2.00015, 44.13645 ], [ 1.70024, 44.1333 ], [ 1.70189, 44.06131 ], [ 1.90157, 44.06349 ], [ 1.90296, 43.9915 ], [ 2.20213, 43.99409 ], [ 2.20614, 43.70614 ], [ 2.30536, 43.70681 ], [ 2.30711, 43.56285 ], [ 2.10915, 43.56141 ], [ 2.11027, 43.48944 ], [ 2.60455, 43.49237 ], [ 2.60504, 43.42039 ], [ 2.80252, 43.42093 ], [ 2.80227, 43.49291 ], [ 2.90114, 43.49304 ], [ 2.90101, 43.56502 ], [ 3.09899, 43.56502 ], [ 3.09924, 43.70898 ], [ 3.29771, 43.70862 ], [ 3.29808, 43.78061 ], [ 3.59616, 43.77939 ], [ 3.59917, 44.06736 ], [ 3.49931, 44.06786 ], [ 3.49868, 43.99587 ], [ 3.29921, 43.99659 ], [ 3.29846, 43.8526 ], [ 3.09949, 43.85296 ], [ 3.09961, 43.92496 ], [ 3.0, 43.925 ], [ 3.0, 44.069 ], [ 3.09986, 44.06896 ], [ 3.10012, 44.21297 ], [ 3.30035, 44.2126 ], [ 3.30111, 44.35662 ], [ 3.60222, 44.35538 ], [ 3.60298, 44.4274 ], [ 3.3015, 44.42863 ], [ 3.30188, 44.50065 ], [ 3.50313, 44.49992 ], [ 3.50377, 44.57193 ], [ 3.30227, 44.57267 ], [ 3.30265, 44.64469 ], [ 3.20177, 44.64492 ], [ 3.20151, 44.5729 ], [ 3.10076, 44.57303 ], [ 3.10063, 44.50102 ], [ 3.0, 44.50106 ], [ 3.0, 44.57308 ], [ 2.89924, 44.57303 ], [ 2.89912, 44.64506 ], [ 2.79823, 44.64492 ], [ 2.79719, 44.93302 ], [ 2.59439, 44.93246 ], [ 2.59387, 45.00449 ], [ 2.49234, 45.00407 ], [ 2.48972, 45.2922 ], [ 2.59177, 45.29262 ], [ 2.59124, 45.36465 ], [ 2.69343, 45.36498 ], [ 2.69303, 45.43701 ], [ 2.59071, 45.43669 ], [ 2.58912, 45.6528 ], [ 2.69184, 45.65313 ], [ 2.69143, 45.72516 ], [ 2.38288, 45.7239 ], [ 2.38127, 45.86797 ], [ 2.48439, 45.86849 ], [ 2.48506, 45.79645 ], [ 2.58804, 45.79687 ], [ 2.58751, 45.86891 ], [ 2.89688, 45.86962 ], [ 2.89482, 46.95016 ], [ 3.0, 46.9502 ], [ 3.0, 45.58151 ], [ 3.10259, 45.58146 ], [ 3.10246, 45.50942 ], [ 3.0, 45.50947 ], [ 3.0, 45.43743 ], [ 3.10232, 45.43739 ], [ 3.10206, 45.29332 ], [ 3.30617, 45.29294 ], [ 3.30538, 45.14888 ], [ 3.40718, 45.14855 ], [ 3.40665, 45.07652 ], [ 3.50831, 45.0761 ], [ 3.51094, 45.36423 ], [ 3.40876, 45.36465 ], [ 3.41088, 45.6528 ], [ 3.61632, 45.65186 ], [ 3.61954, 45.94001 ], [ 3.51629, 45.94053 ], [ 3.51696, 46.01256 ], [ 3.72374, 46.01143 ], [ 3.72564, 46.1555 ], [ 3.8293, 46.15479 ], [ 3.82713, 46.01072 ], [ 3.93051, 46.00992 ], [ 3.92929, 45.93789 ], [ 3.82604, 45.93869 ], [ 3.82389, 45.79462 ], [ 3.92687, 45.79382 ], [ 3.92445, 45.64975 ], [ 4.02716, 45.64886 ], [ 4.0245, 45.5048 ], [ 4.12693, 45.50382 ], [ 4.12547, 45.43179 ], [ 4.02317, 45.43277 ], [ 4.02184, 45.36074 ], [ 3.91967, 45.36162 ], [ 3.9173, 45.21756 ], [ 4.12111, 45.2157 ], [ 4.12256, 45.28773 ], [ 4.2246, 45.28666 ], [ 4.22777, 45.43071 ], [ 4.33007, 45.42955 ], [ 4.33179, 45.50157 ], [ 4.74146, 45.49597 ], [ 4.74599, 45.64001 ], [ 4.64331, 45.64155 ], [ 4.64975, 45.85762 ], [ 4.75283, 45.85607 ], [ 4.75512, 45.92809 ], [ 4.85832, 45.92644 ], [ 4.8559, 45.85442 ], [ 4.95896, 45.85268 ], [ 4.96152, 45.9247 ], [ 5.37425, 45.91679 ], [ 5.37735, 45.9888 ], [ 5.48065, 45.98658 ], [ 5.51354, 46.70659 ], [ 5.40888, 46.70884 ], [ 5.40569, 46.63684 ], [ 5.30115, 46.63899 ], [ 5.30726, 46.78299 ], [ 5.41207, 46.78084 ], [ 5.41528, 46.85283 ], [ 5.52022, 46.85058 ], [ 5.52358, 46.92258 ], [ 5.62865, 46.92023 ], [ 5.62516, 46.84824 ], [ 5.73008, 46.8458 ], [ 5.73736, 46.98977 ], [ 5.84255, 46.98722 ], [ 5.83877, 46.91524 ], [ 5.94381, 46.9126 ], [ 5.94774, 46.98458 ], [ 6.05291, 46.98185 ], [ 6.06516, 47.19776 ], [ 6.27632, 47.19198 ], [ 6.28071, 47.26394 ], [ 6.38641, 47.2609 ], [ 6.39095, 47.33285 ], [ 6.6026, 47.32647 ], [ 6.60744, 47.39841 ], [ 6.92524, 47.38811 ], [ 6.9358, 47.53196 ], [ 7.36047, 47.51684 ], [ 7.36635, 47.58874 ], [ 7.47262, 47.58471 ], [ 7.4666, 47.51282 ], [ 7.89095, 47.49576 ], [ 7.89754, 47.56763 ], [ 7.79133, 47.57205 ], [ 7.7978, 47.64392 ], [ 7.69143, 47.64825 ], [ 7.71049, 47.86387 ], [ 7.81729, 47.85953 ], [ 7.82382, 47.9314 ], [ 7.93074, 47.92695 ], [ 7.96439, 48.28618 ], [ 8.07202, 48.28161 ], [ 8.0859, 48.42527 ], [ 7.97798, 48.42985 ], [ 7.9848, 48.50168 ], [ 8.09287, 48.49709 ], [ 8.11389, 48.71252 ], [ 8.22239, 48.70781 ], [ 8.22958, 48.77961 ], [ 8.3382, 48.7748 ], [ 8.35295, 48.91836 ], [ 8.24403, 48.92318 ], [ 8.25129, 48.99496 ], [ 8.1422, 48.99969 ], [ 8.14932, 49.07148 ], [ 7.93078, 49.08065 ], [ 7.91715, 48.93706 ], [ 7.69914, 48.94582 ], [ 7.69265, 48.874 ], [ 7.47487, 48.88235 ], [ 7.4687, 48.81052 ], [ 7.35993, 48.81454 ], [ 7.34794, 48.67085 ], [ 7.45641, 48.66684 ], [ 7.42598, 48.30757 ], [ 7.31825, 48.31155 ], [ 7.28896, 47.95216 ], [ 7.18194, 47.95602 ], [ 7.16498, 47.74032 ], [ 7.05838, 47.74407 ], [ 7.0529, 47.67216 ], [ 6.94643, 47.6758 ], [ 6.95176, 47.74772 ], [ 6.73848, 47.75473 ], [ 6.74354, 47.82665 ], [ 6.63674, 47.83001 ], [ 6.64167, 47.90193 ], [ 6.5347, 47.9052 ], [ 6.52992, 47.83328 ], [ 6.42309, 47.83645 ], [ 6.42773, 47.90838 ], [ 6.32074, 47.91145 ], [ 6.33885, 48.19916 ], [ 6.23126, 48.20215 ], [ 6.22686, 48.13023 ], [ 6.11942, 48.13312 ], [ 6.11517, 48.06119 ], [ 5.90054, 48.06667 ], [ 5.89267, 47.92278 ], [ 5.78562, 47.92537 ], [ 5.78941, 47.99732 ], [ 5.68221, 47.99981 ], [ 5.67857, 47.92786 ], [ 5.5715, 47.93025 ], [ 5.56454, 47.78633 ], [ 5.45776, 47.78862 ], [ 5.45444, 47.71665 ], [ 4.9211, 47.72663 ], [ 4.9237, 47.79861 ], [ 5.03053, 47.7968 ], [ 5.03328, 47.86878 ], [ 4.92631, 47.87059 ], [ 4.92892, 47.94256 ], [ 5.03604, 47.94075 ], [ 5.04158, 48.08469 ], [ 5.25637, 48.08077 ], [ 5.26253, 48.22468 ], [ 5.3702, 48.22257 ], [ 5.37344, 48.29452 ], [ 5.26562, 48.29664 ], [ 5.27494, 48.51246 ], [ 5.38321, 48.51034 ], [ 5.39305, 48.72612 ], [ 5.61045, 48.72157 ], [ 5.61405, 48.79348 ], [ 5.50521, 48.79581 ], [ 5.50867, 48.86772 ], [ 5.39966, 48.86996 ], [ 5.40298, 48.94187 ], [ 5.51214, 48.93963 ], [ 5.5191, 49.08342 ], [ 5.40965, 49.08567 ], [ 5.41635, 49.22945 ], [ 5.30658, 49.2316 ], [ 5.30018, 49.08781 ], [ 5.1907, 49.08986 ], [ 5.18767, 49.01795 ], [ 5.07834, 49.0199 ], [ 5.08992, 49.3075 ], [ 4.97997, 49.30935 ], [ 4.9855, 49.45312 ], [ 4.87524, 49.45488 ], [ 4.88313, 49.6705 ], [ 4.99385, 49.66874 ], [ 4.99665, 49.74059 ], [ 4.66399, 49.74559 ], [ 4.66633, 49.81745 ], [ 4.22206, 49.82271 ], [ 4.22034, 49.75084 ], [ 4.10942, 49.7519 ], [ 4.11254, 49.89563 ], [ 4.0013, 49.8966 ], [ 4.00413, 50.0403 ], [ 4.11569, 50.03934 ], [ 4.11885, 50.18302 ], [ 4.23071, 50.18195 ], [ 4.23421, 50.3256 ], [ 4.34639, 50.32442 ], [ 4.35023, 50.46804 ], [ 4.23773, 50.46922 ], [ 4.23949, 50.54101 ], [ 3.90149, 50.54393 ], [ 3.9002, 50.47213 ], [ 3.67516, 50.47356 ], [ 3.67613, 50.54537 ], [ 3.33807, 50.54675 ], [ 3.33904, 50.69034 ], [ 3.22603, 50.6906 ], [ 3.22635, 50.76238 ], [ 3.0, 50.76259 ], [ 3.0, 50.90613 ], [ 3.227, 50.90593 ], [ 3.22765, 51.04944 ], [ 3.0, 51.04965 ], [ 3.0, 51.12139 ], [ 2.88601, 51.12134 ] ], [ [ 2.00848, 49.39343 ], [ 2.2288, 49.39503 ], [ 2.22988, 49.32312 ], [ 2.00986, 49.32152 ], [ 2.00848, 49.39343 ] ], [ [ 0.36047, 49.29673 ], [ 1.02003, 49.30935 ], [ 1.02279, 49.23745 ], [ 0.69342, 49.2316 ], [ 0.69663, 49.15971 ], [ 0.80625, 49.16176 ], [ 0.81233, 49.01795 ], [ 0.70301, 49.01591 ], [ 0.70618, 48.944 ], [ 0.59702, 48.94187 ], [ 0.60695, 48.72612 ], [ 0.28086, 48.71914 ], [ 0.27336, 48.86295 ], [ 0.38234, 48.86539 ], [ 0.37872, 48.93729 ], [ 0.48786, 48.93963 ], [ 0.4809, 49.08342 ], [ 0.37145, 49.08108 ], [ 0.36047, 49.29673 ] ], [ [ -1.1538, 48.96597 ], [ -1.04469, 48.9697 ], [ -1.03353, 48.826 ], [ -1.25115, 48.81846 ], [ -1.25702, 48.8903 ], [ -1.14807, 48.89413 ], [ -1.1538, 48.96597 ] ], [ [ 2.2352, 48.96351 ], [ 2.45371, 48.96471 ], [ 2.45446, 48.89277 ], [ 2.56357, 48.89321 ], [ 2.56477, 48.74932 ], [ 2.34716, 48.74833 ], [ 2.34626, 48.82028 ], [ 2.23731, 48.81963 ], [ 2.2352, 48.96351 ] ], [ [ -1.03353, 48.826 ], [ -0.92469, 48.82963 ], [ -0.91929, 48.75777 ], [ -1.02797, 48.75415 ], [ -1.03353, 48.826 ] ], [ [ -4.17148, 48.60626 ], [ -4.06341, 48.61274 ], [ -4.05373, 48.54106 ], [ -4.16166, 48.53459 ], [ -4.17148, 48.60626 ] ], [ [ 5.28749, 48.80018 ], [ 5.39635, 48.79804 ], [ 5.39305, 48.72612 ], [ 5.28434, 48.72825 ], [ 5.28749, 48.80018 ] ], [ [ -3.94577, 48.54743 ], [ -3.51369, 48.57194 ], [ -3.49587, 48.42849 ], [ -3.60364, 48.42253 ], [ -3.61268, 48.49424 ], [ -3.82843, 48.48201 ], [ -3.80978, 48.3386 ], [ -4.02484, 48.32601 ], [ -4.04407, 48.46938 ], [ -3.93626, 48.47574 ], [ -3.94577, 48.54743 ] ], [ [ -0.14943, 48.63654 ], [ 0.06756, 48.64208 ], [ 0.0756, 48.49825 ], [ -0.1408, 48.49272 ], [ -0.14943, 48.63654 ] ], [ [ 1.15568, 48.59191 ], [ 1.37259, 48.59508 ], [ 1.37482, 48.52313 ], [ 1.15821, 48.51997 ], [ 1.15568, 48.59191 ] ], [ [ -2.61753, 48.32908 ], [ -2.50985, 48.33415 ], [ -2.50234, 48.26235 ], [ -2.60987, 48.25729 ], [ -2.61753, 48.32908 ] ], [ [ 6.11517, 48.06119 ], [ 6.22248, 48.0583 ], [ 6.2181, 47.98637 ], [ 6.11094, 47.98925 ], [ 6.11517, 48.06119 ] ], [ [ -0.84513, 47.75127 ], [ -0.63182, 47.75809 ], [ -0.62692, 47.68616 ], [ -0.52039, 47.68942 ], [ -0.52515, 47.76135 ], [ -0.31176, 47.76758 ], [ -0.30729, 47.69564 ], [ -0.20072, 47.69861 ], [ -0.1964, 47.62666 ], [ -0.30283, 47.6237 ], [ -0.29394, 47.4798 ], [ -0.08165, 47.48561 ], [ -0.07339, 47.34169 ], [ 0.03249, 47.34444 ], [ 0.03647, 47.27248 ], [ 0.14221, 47.27513 ], [ 0.13838, 47.3471 ], [ 0.4561, 47.3545 ], [ 0.45951, 47.28251 ], [ 0.24797, 47.27769 ], [ 0.25165, 47.20571 ], [ 0.56856, 47.2128 ], [ 0.57181, 47.14081 ], [ 0.67732, 47.14297 ], [ 0.68659, 46.92699 ], [ 0.8968, 46.93102 ], [ 0.89118, 47.07502 ], [ 0.99658, 47.07689 ], [ 0.99121, 47.2209 ], [ 1.20259, 47.22437 ], [ 1.20499, 47.15236 ], [ 1.09944, 47.15068 ], [ 1.10198, 47.07867 ], [ 1.20739, 47.08036 ], [ 1.20978, 47.00835 ], [ 1.31505, 47.00993 ], [ 1.31953, 46.86591 ], [ 1.42453, 46.8674 ], [ 1.42663, 46.79538 ], [ 2.0559, 46.80227 ], [ 2.05715, 46.73024 ], [ 1.84765, 46.72833 ], [ 1.84918, 46.6563 ], [ 1.63998, 46.65401 ], [ 1.64178, 46.58199 ], [ 1.53732, 46.5807 ], [ 1.53925, 46.50868 ], [ 1.33063, 46.50583 ], [ 1.33284, 46.4338 ], [ 0.91622, 46.42696 ], [ 0.91897, 46.35495 ], [ 0.71097, 46.35096 ], [ 0.71699, 46.20695 ], [ 0.61328, 46.20482 ], [ 0.60383, 46.42083 ], [ 0.49972, 46.4186 ], [ 0.49311, 46.5626 ], [ 0.28436, 46.55783 ], [ 0.28076, 46.62983 ], [ 0.17626, 46.6273 ], [ 0.17252, 46.69929 ], [ 0.06789, 46.69666 ], [ 0.064, 46.76864 ], [ -0.04075, 46.76592 ], [ -0.04479, 46.8379 ], [ -0.14968, 46.83507 ], [ -0.15387, 46.90704 ], [ -0.25888, 46.90412 ], [ -0.26322, 46.97609 ], [ -0.36836, 46.97306 ], [ -0.37286, 47.04502 ], [ -0.47812, 47.0419 ], [ -0.48277, 47.11386 ], [ -0.37736, 47.11698 ], [ -0.38188, 47.18894 ], [ -0.59296, 47.18258 ], [ -0.59777, 47.25453 ], [ -0.70344, 47.2512 ], [ -0.7084, 47.32314 ], [ -0.8142, 47.31971 ], [ -0.81932, 47.39164 ], [ -0.71338, 47.39508 ], [ -0.72338, 47.53895 ], [ -0.61715, 47.54229 ], [ -0.62203, 47.61423 ], [ -0.83476, 47.60743 ], [ -0.84513, 47.75127 ] ], [ [ -1.58505, 47.65247 ], [ -1.47865, 47.6566 ], [ -1.47262, 47.58471 ], [ -1.57887, 47.58059 ], [ -1.58505, 47.65247 ] ], [ [ 6.83994, 47.67935 ], [ 6.94643, 47.6758 ], [ 6.94111, 47.60388 ], [ 6.83476, 47.60743 ], [ 6.83994, 47.67935 ] ], [ [ 1.61615, 47.59018 ], [ 1.72258, 47.59139 ], [ 1.7243, 47.51939 ], [ 1.61801, 47.51818 ], [ 1.61615, 47.59018 ] ], [ [ -1.24861, 47.44886 ], [ -1.03656, 47.45641 ], [ -1.03114, 47.38449 ], [ -0.92524, 47.38811 ], [ -0.91997, 47.31618 ], [ -1.23722, 47.30503 ], [ -1.24861, 47.44886 ] ], [ [ 0.55875, 47.42875 ], [ 0.98311, 47.43688 ], [ 0.98582, 47.36489 ], [ 0.56203, 47.35677 ], [ 0.55875, 47.42875 ] ], [ [ 1.51572, 47.37286 ], [ 1.72772, 47.37538 ], [ 1.73113, 47.23136 ], [ 2.04831, 47.2344 ], [ 2.04958, 47.16238 ], [ 1.62725, 47.15814 ], [ 1.62541, 47.23015 ], [ 1.5197, 47.22885 ], [ 1.51572, 47.37286 ] ], [ [ 2.04958, 47.16238 ], [ 2.47197, 47.16508 ], [ 2.47338, 47.02103 ], [ 2.36806, 47.0205 ], [ 2.3689, 46.94848 ], [ 2.26373, 46.94785 ], [ 2.26471, 46.87583 ], [ 2.05464, 46.87429 ], [ 2.05338, 46.94632 ], [ 2.15855, 46.94713 ], [ 2.15743, 47.01916 ], [ 2.05212, 47.01834 ], [ 2.04958, 47.16238 ] ], [ [ 4.05601, 47.16146 ], [ 4.16159, 47.16045 ], [ 4.15849, 47.01642 ], [ 4.05319, 47.01743 ], [ 4.05601, 47.16146 ] ], [ [ 4.26211, 46.9433 ], [ 4.36727, 46.9421 ], [ 4.36545, 46.87008 ], [ 4.26043, 46.87128 ], [ 4.26211, 46.9433 ] ], [ [ 2.26471, 46.87583 ], [ 2.36974, 46.87645 ], [ 2.37058, 46.80442 ], [ 2.26568, 46.8038 ], [ 2.26471, 46.87583 ] ], [ [ 2.16079, 46.80308 ], [ 2.26568, 46.8038 ], [ 2.26666, 46.73177 ], [ 2.1619, 46.73105 ], [ 2.16079, 46.80308 ] ], [ [ 2.47687, 46.66089 ], [ 2.58149, 46.66131 ], [ 2.5826, 46.51725 ], [ 2.47825, 46.51682 ], [ 2.47687, 46.66089 ] ], [ [ 4.88045, 46.5746 ], [ 4.98487, 46.57284 ], [ 4.98225, 46.50083 ], [ 5.29507, 46.49498 ], [ 5.28903, 46.35096 ], [ 5.18503, 46.353 ], [ 5.18216, 46.28099 ], [ 5.0783, 46.28294 ], [ 5.07557, 46.21092 ], [ 4.86809, 46.21452 ], [ 4.86564, 46.1425 ], [ 4.76203, 46.14416 ], [ 4.75512, 45.92809 ], [ 4.65191, 45.92965 ], [ 4.66059, 46.21774 ], [ 4.76434, 46.21618 ], [ 4.77367, 46.50425 ], [ 4.87796, 46.50259 ], [ 4.88045, 46.5746 ] ], [ [ 0.18372, 46.48332 ], [ 0.39218, 46.48827 ], [ 0.39562, 46.41627 ], [ 0.18743, 46.41133 ], [ 0.18372, 46.48332 ] ], [ [ 3.31018, 46.01332 ], [ 3.41357, 46.01299 ], [ 3.41303, 45.94095 ], [ 3.30978, 45.94128 ], [ 3.31018, 46.01332 ] ], [ [ 4.23901, 45.93492 ], [ 4.34224, 45.93374 ], [ 4.34049, 45.86171 ], [ 4.23739, 45.86289 ], [ 4.23901, 45.93492 ] ], [ [ 4.43982, 45.71639 ], [ 4.54264, 45.71503 ], [ 4.54063, 45.643 ], [ 4.43795, 45.64436 ], [ 4.43982, 45.71639 ] ], [ [ 2.29473, 44.57083 ], [ 2.39548, 44.57143 ], [ 2.39625, 44.49941 ], [ 2.29563, 44.49881 ], [ 2.29473, 44.57083 ] ], [ [ 3.0, 44.42905 ], [ 3.1005, 44.429 ], [ 3.10024, 44.28498 ], [ 3.0, 44.28502 ], [ 3.0, 44.21301 ], [ 2.89988, 44.21297 ], [ 2.90001, 44.14096 ], [ 2.60004, 44.14028 ], [ 2.59954, 44.21228 ], [ 2.69965, 44.2126 ], [ 2.69889, 44.35662 ], [ 3.0, 44.35703 ], [ 3.0, 44.42905 ] ], [ [ 2.60256, 43.78029 ], [ 3.0, 43.78102 ], [ 3.0, 43.63705 ], [ 2.80178, 43.63686 ], [ 2.80203, 43.56488 ], [ 2.50507, 43.56394 ], [ 2.50383, 43.7079 ], [ 2.60306, 43.70831 ], [ 2.60256, 43.78029 ] ] ], [ [ [ 2.01142, 43.48858 ], [ 2.01389, 43.34465 ], [ 2.50692, 43.34802 ], [ 2.50631, 43.41999 ], [ 2.11138, 43.41747 ], [ 2.11027, 43.48944 ], [ 2.01142, 43.48858 ] ] ], [ [ [ 1.32377, 43.33616 ], [ 1.32586, 43.26421 ], [ 1.42431, 43.26569 ], [ 1.42234, 43.33764 ], [ 1.32377, 43.33616 ] ] ], [ [ [ 5.76359, 43.38584 ], [ 5.76014, 43.31392 ], [ 5.66164, 43.31639 ], [ 5.65832, 43.24447 ], [ 5.85507, 43.23944 ], [ 5.85152, 43.16753 ], [ 5.94975, 43.16489 ], [ 5.95712, 43.30871 ], [ 5.85863, 43.31136 ], [ 5.8622, 43.38328 ], [ 5.76359, 43.38584 ] ] ], [ [ [ -1.61816, 43.10629 ], [ -1.61243, 43.03446 ], [ -1.51451, 43.03862 ], [ -1.52012, 43.11045 ], [ -1.61816, 43.10629 ] ] ], [ [ [ -1.32399, 43.1185 ], [ -1.31862, 43.04666 ], [ -1.22066, 43.05055 ], [ -1.22591, 43.1224 ], [ -1.32399, 43.1185 ] ] ], [ [ [ -1.12781, 43.1262 ], [ -1.12269, 43.05435 ], [ -1.0247, 43.05806 ], [ -1.0297, 43.12992 ], [ -1.12781, 43.1262 ] ] ], [ [ [ -1.51451, 43.03862 ], [ -1.50891, 42.96678 ], [ -1.31327, 42.97482 ], [ -1.31862, 43.04666 ], [ -1.51451, 43.03862 ] ] ], [ [ [ -1.0247, 43.05806 ], [ -1.01971, 42.9862 ], [ -0.82394, 42.99335 ], [ -0.82869, 43.06521 ], [ -1.0247, 43.05806 ] ] ], [ [ [ -0.73066, 43.06865 ], [ -0.72604, 42.99678 ], [ -0.62812, 43.00013 ], [ -0.63263, 43.07201 ], [ -0.73066, 43.06865 ] ] ], [ [ [ -0.24038, 43.08453 ], [ -0.23636, 43.01264 ], [ -0.13839, 43.01554 ], [ -0.1345, 42.94365 ], [ -0.03665, 42.94646 ], [ -0.04042, 43.01836 ], [ 0.25357, 43.02626 ], [ 0.25015, 43.09817 ], [ -0.24038, 43.08453 ] ] ], [ [ [ 0.35158, 43.02872 ], [ 0.35487, 42.95682 ], [ 0.55067, 42.96146 ], [ 0.54763, 43.03337 ], [ 0.35158, 43.02872 ] ] ], [ [ [ 1.02314, 43.47507 ], [ 1.02561, 43.40312 ], [ 0.82827, 43.39934 ], [ 0.83098, 43.3274 ], [ 0.73244, 43.32537 ], [ 0.73527, 43.25344 ], [ 0.63686, 43.25133 ], [ 0.64274, 43.10748 ], [ 0.54458, 43.10529 ], [ 0.54763, 43.03337 ], [ 0.64566, 43.03556 ], [ 0.6515, 42.89173 ], [ 0.7493, 42.89383 ], [ 0.74651, 42.96574 ], [ 0.84443, 42.96775 ], [ 0.8471, 42.89583 ], [ 1.14056, 42.90131 ], [ 1.13826, 42.97324 ], [ 1.04031, 42.9715 ], [ 1.03788, 43.04342 ], [ 0.93981, 43.04159 ], [ 0.93725, 43.11352 ], [ 1.03544, 43.11535 ], [ 1.03299, 43.18729 ], [ 1.1313, 43.18904 ], [ 1.13363, 43.1171 ], [ 1.42823, 43.1218 ], [ 1.43213, 42.97793 ], [ 1.5301, 42.97931 ], [ 1.53374, 42.83545 ], [ 1.63147, 42.83674 ], [ 1.62977, 42.90867 ], [ 2.11909, 42.9138 ], [ 2.1158, 43.12963 ], [ 2.01757, 43.12878 ], [ 2.01512, 43.27269 ], [ 1.7197, 43.26959 ], [ 1.72288, 43.12569 ], [ 1.52644, 43.12319 ], [ 1.52461, 43.19513 ], [ 1.32794, 43.19226 ], [ 1.32586, 43.26421 ], [ 1.12897, 43.26098 ], [ 1.12195, 43.47682 ], [ 1.02314, 43.47507 ] ], [ [ 1.72288, 43.12569 ], [ 1.91933, 43.12784 ], [ 1.92068, 43.05589 ], [ 1.72447, 43.05375 ], [ 1.72288, 43.12569 ] ], [ [ 1.52827, 43.05125 ], [ 1.62637, 43.05254 ], [ 1.62807, 42.9806 ], [ 1.5301, 42.97931 ], [ 1.52827, 43.05125 ] ], [ [ 1.92068, 43.05589 ], [ 2.01879, 43.05683 ], [ 2.02, 42.98489 ], [ 1.92202, 42.98395 ], [ 1.92068, 43.05589 ] ] ], [ [ [ 1.23621, 42.97489 ], [ 1.2384, 42.90296 ], [ 1.14056, 42.90131 ], [ 1.14287, 42.8294 ], [ 1.33829, 42.8326 ], [ 1.33417, 42.97645 ], [ 1.23621, 42.97489 ] ] ], [ [ [ 2.31142, 43.20302 ], [ 2.31484, 42.91522 ], [ 2.11909, 42.9138 ], [ 2.12018, 42.84186 ], [ 2.31568, 42.84329 ], [ 2.31653, 42.77135 ], [ 2.41416, 42.77193 ], [ 2.41344, 42.84387 ], [ 2.60896, 42.84476 ], [ 2.60847, 42.9167 ], [ 2.70635, 42.91701 ], [ 2.70599, 42.98895 ], [ 2.60798, 42.98864 ], [ 2.6075, 43.06059 ], [ 2.50937, 43.06019 ], [ 2.50815, 43.20409 ], [ 2.31142, 43.20302 ] ] ], [ [ [ 1.63147, 42.83674 ], [ 1.63316, 42.76482 ], [ 1.73078, 42.76602 ], [ 1.7292, 42.83794 ], [ 1.63147, 42.83674 ] ] ], [ [ [ 2.41416, 42.77193 ], [ 2.41489, 42.7 ], [ 2.5124, 42.70049 ], [ 2.5118, 42.77242 ], [ 2.41416, 42.77193 ] ] ], [ [ [ 8.94485, 42.60829 ], [ 8.93753, 42.53658 ], [ 9.03449, 42.53113 ], [ 9.04193, 42.60284 ], [ 8.94485, 42.60829 ] ] ], [ [ [ 2.31737, 42.69943 ], [ 2.31906, 42.55559 ], [ 2.41633, 42.55616 ], [ 2.41489, 42.7 ], [ 2.31737, 42.69943 ] ] ], [ [ [ 2.51301, 42.62857 ], [ 2.51361, 42.55665 ], [ 2.61088, 42.55705 ], [ 2.6104, 42.62897 ], [ 2.51301, 42.62857 ] ] ], [ [ [ 8.7365, 42.47548 ], [ 8.72243, 42.33205 ], [ 8.81907, 42.3268 ], [ 8.83338, 42.47022 ], [ 8.7365, 42.47548 ] ] ], [ [ [ 2.90272, 42.55771 ], [ 2.90284, 42.4858 ], [ 3.0, 42.48584 ], [ 3.0, 42.55776 ], [ 2.90272, 42.55771 ] ] ], [ [ [ 2.61136, 42.48513 ], [ 2.61184, 42.41322 ], [ 2.70888, 42.41353 ], [ 2.70852, 42.48544 ], [ 2.61136, 42.48513 ] ] ], [ [ [ 2.5148, 42.41283 ], [ 2.5154, 42.34092 ], [ 2.61232, 42.34132 ], [ 2.61184, 42.41322 ], [ 2.5148, 42.41283 ] ] ], [ [ [ 8.71542, 42.26033 ], [ 8.70843, 42.18863 ], [ 8.80484, 42.18339 ], [ 8.81195, 42.25509 ], [ 8.71542, 42.26033 ] ] ], [ [ [ 8.80484, 42.18339 ], [ 8.79775, 42.1117 ], [ 8.99028, 42.10098 ], [ 8.9976, 42.17266 ], [ 8.80484, 42.18339 ] ] ], [ [ [ 8.88683, 42.0347 ], [ 8.87966, 41.96303 ], [ 8.97568, 41.95764 ], [ 8.98297, 42.0293 ], [ 8.88683, 42.0347 ] ] ] ] } },
{ "type": "Feature", "properties": { "doy_debut": 120, "surface_km2": 66624.0, "doy_fin": 134.0, "date_debut": "2026-04-30", "date_fin": "2026-05-14", "libelle": "Premier envol : 30/04 - 14/05", "couleur": "#FE9E43", "annee": 2026, "modele": "STENO-DJ v1", "seuil_vol_c": 20.0, "dj_vol": 120.0 }, "geometry": { "type": "MultiPolygon", "coordinates": [ [ [ [ 3.67613, 50.54537 ], [ 3.67516, 50.47356 ], [ 3.9002, 50.47213 ], [ 3.90149, 50.54393 ], [ 3.67613, 50.54537 ] ] ], [ [ [ 4.23246, 50.25378 ], [ 4.23071, 50.18195 ], [ 4.11885, 50.18302 ], [ 4.11569, 50.03934 ], [ 4.00413, 50.0403 ], [ 4.0013, 49.8966 ], [ 4.11254, 49.89563 ], [ 4.10942, 49.7519 ], [ 4.22034, 49.75084 ], [ 4.22206, 49.82271 ], [ 4.66633, 49.81745 ], [ 4.66399, 49.74559 ], [ 4.99665, 49.74059 ], [ 4.99385, 49.66874 ], [ 5.10457, 49.66687 ], [ 5.10753, 49.73873 ], [ 5.21839, 49.73676 ], [ 5.22464, 49.88045 ], [ 5.11346, 49.88242 ], [ 5.11644, 49.95426 ], [ 5.0051, 49.95614 ], [ 5.01077, 50.0998 ], [ 4.78744, 50.10325 ], [ 4.78491, 50.03142 ], [ 4.33878, 50.03711 ], [ 4.34068, 50.10894 ], [ 4.56407, 50.1063 ], [ 4.56628, 50.17813 ], [ 4.34258, 50.18078 ], [ 4.34448, 50.2526 ], [ 4.23246, 50.25378 ] ], [ [ 4.78239, 49.95958 ], [ 4.89375, 49.95791 ], [ 4.89108, 49.88607 ], [ 4.77988, 49.88774 ], [ 4.78239, 49.95958 ] ] ], [ [ [ -1.43329, 49.67622 ], [ -1.42708, 49.60444 ], [ -1.31663, 49.60842 ], [ -1.32268, 49.6802 ], [ -1.43329, 49.67622 ] ] ], [ [ [ 4.88313, 49.6705 ], [ 4.87524, 49.45488 ], [ 4.9855, 49.45312 ], [ 4.99385, 49.66874 ], [ 4.88313, 49.6705 ] ] ], [ [ [ 2.77235, 51.04944 ], [ 2.77267, 50.97769 ], [ 2.65901, 50.97743 ], [ 2.6595, 50.90567 ], [ 1.52467, 50.89742 ], [ 1.54143, 50.32315 ], [ 1.42926, 50.32177 ], [ 1.43593, 50.1063 ], [ 1.21256, 50.10325 ], [ 1.21509, 50.03142 ], [ 1.10357, 50.02975 ], [ 1.10625, 49.95791 ], [ 0.6609, 49.95021 ], [ 0.66419, 49.87837 ], [ 0.44188, 49.87392 ], [ 0.44548, 49.80209 ], [ 0.11256, 49.79466 ], [ 0.11661, 49.72283 ], [ 0.33824, 49.72787 ], [ 0.34197, 49.65603 ], [ 0.23131, 49.65356 ], [ 0.23518, 49.58172 ], [ 0.34569, 49.58418 ], [ 0.3494, 49.51233 ], [ 0.68052, 49.51912 ], [ 0.67727, 49.59098 ], [ 0.78782, 49.59304 ], [ 0.79091, 49.52118 ], [ 1.343, 49.52998 ], [ 1.34531, 49.45809 ], [ 1.67618, 49.46216 ], [ 1.67803, 49.39027 ], [ 2.00848, 49.39343 ], [ 2.0057, 49.53722 ], [ 2.44759, 49.54003 ], [ 2.44682, 49.61193 ], [ 2.22556, 49.61072 ], [ 2.22447, 49.6826 ], [ 2.55683, 49.68427 ], [ 2.55745, 49.61238 ], [ 2.77872, 49.61298 ], [ 2.77841, 49.68487 ], [ 2.66762, 49.68462 ], [ 2.66716, 49.7565 ], [ 2.7781, 49.75675 ], [ 2.77779, 49.82863 ], [ 2.55558, 49.82802 ], [ 2.55621, 49.75615 ], [ 2.44526, 49.75569 ], [ 2.4437, 49.89943 ], [ 2.55496, 49.89989 ], [ 2.55433, 49.97175 ], [ 2.66575, 49.9721 ], [ 2.66527, 50.04396 ], [ 2.88842, 50.04436 ], [ 2.88858, 49.97251 ], [ 3.0, 49.97256 ], [ 3.0, 49.9007 ], [ 3.22252, 49.90049 ], [ 3.22284, 49.97236 ], [ 3.6685, 49.97073 ], [ 3.66944, 50.04259 ], [ 3.78101, 50.04193 ], [ 3.78322, 50.18561 ], [ 3.8951, 50.18485 ], [ 3.89892, 50.40032 ], [ 3.6742, 50.40175 ], [ 3.67324, 50.32993 ], [ 3.56104, 50.3305 ], [ 3.56025, 50.25867 ], [ 3.4482, 50.25913 ], [ 3.44756, 50.18729 ], [ 3.11189, 50.18806 ], [ 3.11205, 50.25989 ], [ 3.0, 50.25994 ], [ 3.0, 50.40359 ], [ 2.88763, 50.40354 ], [ 2.88747, 50.47536 ], [ 2.77494, 50.4752 ], [ 2.7743, 50.61881 ], [ 2.88715, 50.61896 ], [ 2.88617, 51.04959 ], [ 2.77235, 51.04944 ] ], [ [ 1.98002, 50.83019 ], [ 2.09334, 50.83107 ], [ 2.09723, 50.61573 ], [ 2.32291, 50.61717 ], [ 2.32484, 50.47356 ], [ 1.98729, 50.47126 ], [ 1.98584, 50.54306 ], [ 1.87317, 50.54209 ], [ 1.87156, 50.61388 ], [ 1.75873, 50.61281 ], [ 1.75696, 50.68459 ], [ 1.86995, 50.68567 ], [ 1.86833, 50.75745 ], [ 1.98148, 50.75842 ], [ 1.98002, 50.83019 ] ], [ [ 1.65169, 50.39623 ], [ 1.87638, 50.39848 ], [ 1.87797, 50.32667 ], [ 1.99016, 50.32764 ], [ 1.99587, 50.0403 ], [ 1.77276, 50.03827 ], [ 1.77103, 50.11011 ], [ 1.65932, 50.10894 ], [ 1.65742, 50.18078 ], [ 1.76929, 50.18195 ], [ 1.76754, 50.25378 ], [ 1.65552, 50.2526 ], [ 1.65169, 50.39623 ] ], [ [ 1.21509, 50.03142 ], [ 1.43814, 50.03447 ], [ 1.44034, 49.96262 ], [ 1.21761, 49.95958 ], [ 1.21509, 50.03142 ] ], [ [ 0.44548, 49.80209 ], [ 0.55647, 49.80436 ], [ 0.5599, 49.73252 ], [ 0.44906, 49.73025 ], [ 0.44548, 49.80209 ] ] ], [ [ [ 2.00848, 49.39343 ], [ 2.00986, 49.32152 ], [ 2.22988, 49.32312 ], [ 2.2288, 49.39503 ], [ 2.00848, 49.39343 ] ] ], [ [ [ 5.4401, 49.73252 ], [ 5.43668, 49.66067 ], [ 5.21528, 49.6649 ], [ 5.21218, 49.59304 ], [ 5.10162, 49.59501 ], [ 5.09869, 49.52314 ], [ 5.31948, 49.51912 ], [ 5.31624, 49.44725 ], [ 5.53669, 49.44283 ], [ 5.53315, 49.37096 ], [ 5.64321, 49.3686 ], [ 5.63586, 49.22485 ], [ 5.7456, 49.2224 ], [ 5.74942, 49.29428 ], [ 5.96918, 49.28907 ], [ 5.97331, 49.36093 ], [ 6.08333, 49.35817 ], [ 6.08763, 49.43003 ], [ 5.97746, 49.43279 ], [ 5.98163, 49.50464 ], [ 5.8713, 49.5073 ], [ 5.88339, 49.72283 ], [ 5.4401, 49.73252 ] ], [ [ 5.6469, 49.44047 ], [ 5.7571, 49.43801 ], [ 5.75325, 49.36614 ], [ 5.64321, 49.3686 ], [ 5.6469, 49.44047 ] ] ], [ [ [ -1.75834, 49.59191 ], [ -1.73844, 49.37659 ], [ -1.6285, 49.38086 ], [ -1.62206, 49.30907 ], [ -1.51225, 49.31323 ], [ -1.49348, 49.09781 ], [ -1.38411, 49.10185 ], [ -1.3902, 49.17367 ], [ -1.17111, 49.18146 ], [ -1.17691, 49.25328 ], [ -0.29872, 49.28051 ], [ -0.29413, 49.20865 ], [ -0.07476, 49.21445 ], [ -0.08333, 49.35817 ], [ -0.41329, 49.3493 ], [ -0.41806, 49.42114 ], [ -1.07853, 49.40067 ], [ -1.07285, 49.32886 ], [ -1.29258, 49.32124 ], [ -1.31059, 49.53663 ], [ -1.42089, 49.53266 ], [ -1.42708, 49.60444 ], [ -1.75834, 49.59191 ] ] ], [ [ [ 6.07476, 49.21445 ], [ 6.07049, 49.14258 ], [ 6.18003, 49.13974 ], [ 6.18445, 49.2116 ], [ 6.07476, 49.21445 ] ] ], [ [ [ 6.06199, 48.99883 ], [ 6.05775, 48.92694 ], [ 6.16685, 48.92411 ], [ 6.17123, 48.99599 ], [ 6.06199, 48.99883 ] ] ], [ [ [ 8.35295, 48.91836 ], [ 8.3382, 48.7748 ], [ 8.4468, 48.76989 ], [ 8.46185, 48.91344 ], [ 8.35295, 48.91836 ] ] ], [ [ [ -1.1538, 48.96597 ], [ -1.14807, 48.89413 ], [ -1.25702, 48.8903 ], [ -1.25115, 48.81846 ], [ -1.03353, 48.826 ], [ -1.04469, 48.9697 ], [ -1.1538, 48.96597 ] ] ], [ [ [ -1.03353, 48.826 ], [ -1.02797, 48.75415 ], [ -0.91929, 48.75777 ], [ -0.92469, 48.82963 ], [ -1.03353, 48.826 ] ] ], [ [ [ 8.22958, 48.77961 ], [ 8.22239, 48.70781 ], [ 8.33086, 48.70301 ], [ 8.3382, 48.7748 ], [ 8.22958, 48.77961 ] ] ], [ [ [ 4.9855, 49.45312 ], [ 4.97997, 49.30935 ], [ 5.08992, 49.3075 ], [ 5.07834, 49.0199 ], [ 5.18767, 49.01795 ], [ 5.1907, 49.08986 ], [ 5.30018, 49.08781 ], [ 5.30658, 49.2316 ], [ 5.41635, 49.22945 ], [ 5.40965, 49.08567 ], [ 5.5191, 49.08342 ], [ 5.51214, 48.93963 ], [ 5.40298, 48.94187 ], [ 5.39966, 48.86996 ], [ 5.50867, 48.86772 ], [ 5.50521, 48.79581 ], [ 5.61405, 48.79348 ], [ 5.61045, 48.72157 ], [ 5.71914, 48.71914 ], [ 5.7342, 49.00675 ], [ 5.62491, 49.00919 ], [ 5.6322, 49.15297 ], [ 5.5226, 49.15532 ], [ 5.52962, 49.29908 ], [ 5.41971, 49.30134 ], [ 5.42309, 49.37321 ], [ 5.09283, 49.37938 ], [ 5.09575, 49.45126 ], [ 4.9855, 49.45312 ] ], [ [ 5.19986, 49.30554 ], [ 5.30979, 49.30349 ], [ 5.30658, 49.2316 ], [ 5.1968, 49.23365 ], [ 5.19986, 49.30554 ] ] ], [ [ [ 0.36047, 49.29673 ], [ 0.37145, 49.08108 ], [ 0.4809, 49.08342 ], [ 0.48786, 48.93963 ], [ 0.37872, 48.93729 ], [ 0.38234, 48.86539 ], [ 0.27336, 48.86295 ], [ 0.28086, 48.71914 ], [ 0.60695, 48.72612 ], [ 0.59702, 48.94187 ], [ 0.70618, 48.944 ], [ 0.70301, 49.01591 ], [ 0.81233, 49.01795 ], [ 0.80625, 49.16176 ], [ 0.69663, 49.15971 ], [ 0.69342, 49.2316 ], [ 1.02279, 49.23745 ], [ 1.02003, 49.30935 ], [ 0.36047, 49.29673 ] ] ], [ [ [ -4.17148, 48.60626 ], [ -4.16166, 48.53459 ], [ -4.05373, 48.54106 ], [ -4.06341, 48.61274 ], [ -4.17148, 48.60626 ] ] ], [ [ [ 5.28749, 48.80018 ], [ 5.28434, 48.72825 ], [ 5.39305, 48.72612 ], [ 5.39635, 48.79804 ], [ 5.28749, 48.80018 ] ] ], [ [ [ 8.11389, 48.71252 ], [ 8.09986, 48.5689 ], [ 8.20805, 48.56421 ], [ 8.22239, 48.70781 ], [ 8.11389, 48.71252 ] ] ], [ [ [ 7.13095, 48.67857 ], [ 7.12527, 48.60671 ], [ 7.23363, 48.60291 ], [ 7.23945, 48.67476 ], [ 7.13095, 48.67857 ] ] ], [ [ [ -3.61268, 48.49424 ], [ -3.60364, 48.42253 ], [ -3.49587, 48.42849 ], [ -3.50477, 48.50021 ], [ -3.61268, 48.49424 ] ] ], [ [ [ -3.94577, 48.54743 ], [ -3.93626, 48.47574 ], [ -4.04407, 48.46938 ], [ -4.02484, 48.32601 ], [ -3.80978, 48.3386 ], [ -3.82843, 48.48201 ], [ -3.61268, 48.49424 ], [ -3.62175, 48.56596 ], [ -3.94577, 48.54743 ] ] ], [ [ [ -0.14943, 48.63654 ], [ -0.1408, 48.49272 ], [ 0.0756, 48.49825 ], [ 0.06756, 48.64208 ], [ -0.14943, 48.63654 ] ] ], [ [ [ 1.15568, 48.59191 ], [ 1.15821, 48.51997 ], [ 1.37482, 48.52313 ], [ 1.37259, 48.59508 ], [ 1.15568, 48.59191 ] ] ], [ [ [ 7.34794, 48.67085 ], [ 7.33601, 48.52715 ], [ 7.22782, 48.53105 ], [ 7.22203, 48.45918 ], [ 7.4381, 48.45129 ], [ 7.45641, 48.66684 ], [ 7.34794, 48.67085 ] ] ], [ [ [ 7.9848, 48.50168 ], [ 7.97798, 48.42985 ], [ 8.0859, 48.42527 ], [ 8.09287, 48.49709 ], [ 7.9848, 48.50168 ] ] ], [ [ [ -2.61753, 48.32908 ], [ -2.60987, 48.25729 ], [ -2.50234, 48.26235 ], [ -2.50985, 48.33415 ], [ -2.61753, 48.32908 ] ] ], [ [ [ 7.32415, 48.38342 ], [ 7.31825, 48.31155 ], [ 7.42598, 48.30757 ], [ 7.43203, 48.37943 ], [ 7.32415, 48.38342 ] ] ], [ [ [ 8.0859, 48.42527 ], [ 8.07202, 48.28161 ], [ 7.96439, 48.28618 ], [ 7.95762, 48.21435 ], [ 8.17257, 48.20512 ], [ 8.1938, 48.42058 ], [ 8.0859, 48.42527 ] ] ], [ [ [ 6.2401, 48.34599 ], [ 6.23126, 48.20215 ], [ 6.33885, 48.19916 ], [ 6.34797, 48.34299 ], [ 6.2401, 48.34599 ] ] ], [ [ [ 7.95087, 48.1425 ], [ 7.94414, 48.07066 ], [ 8.05133, 48.0661 ], [ 8.05821, 48.13794 ], [ 7.95087, 48.1425 ] ] ], [ [ [ 7.19903, 48.17168 ], [ 7.18194, 47.95602 ], [ 7.28896, 47.95216 ], [ 7.30648, 48.16781 ], [ 7.19903, 48.17168 ] ] ], [ [ [ 6.11517, 48.06119 ], [ 6.11094, 47.98925 ], [ 6.2181, 47.98637 ], [ 6.22248, 48.0583 ], [ 6.11517, 48.06119 ] ] ], [ [ [ 7.93743, 47.99881 ], [ 7.93074, 47.92695 ], [ 8.03764, 47.92241 ], [ 8.04448, 47.99426 ], [ 7.93743, 47.99881 ] ] ], [ [ [ 7.71049, 47.86387 ], [ 7.70412, 47.792 ], [ 7.81077, 47.78767 ], [ 7.81729, 47.85953 ], [ 7.71049, 47.86387 ] ] ], [ [ [ 8.88419, 47.81078 ], [ 8.87625, 47.73898 ], [ 9.0891, 47.72808 ], [ 9.09733, 47.79986 ], [ 8.88419, 47.81078 ] ] ], [ [ [ 7.06387, 47.81597 ], [ 7.05838, 47.74407 ], [ 7.16498, 47.74032 ], [ 7.17062, 47.81222 ], [ 7.06387, 47.81597 ] ] ], [ [ [ 6.97959, 49.54795 ], [ 6.97403, 49.47614 ], [ 7.08423, 49.47248 ], [ 7.06719, 49.25704 ], [ 6.73793, 49.26769 ], [ 6.74314, 49.33953 ], [ 6.6332, 49.34289 ], [ 6.63827, 49.41472 ], [ 6.52817, 49.41798 ], [ 6.5331, 49.48981 ], [ 6.31255, 49.49604 ], [ 6.2714, 48.84929 ], [ 6.38032, 48.84626 ], [ 6.37101, 48.70249 ], [ 6.2624, 48.70551 ], [ 6.25791, 48.63362 ], [ 5.93244, 48.64208 ], [ 5.9244, 48.49825 ], [ 5.70795, 48.50338 ], [ 5.7154, 48.64722 ], [ 5.60686, 48.64965 ], [ 5.61045, 48.72157 ], [ 5.39305, 48.72612 ], [ 5.38321, 48.51034 ], [ 5.27494, 48.51246 ], [ 5.26562, 48.29664 ], [ 5.37344, 48.29452 ], [ 5.3702, 48.22257 ], [ 5.26253, 48.22468 ], [ 5.25637, 48.08077 ], [ 5.04158, 48.08469 ], [ 5.03604, 47.94075 ], [ 4.92892, 47.94256 ], [ 4.92631, 47.87059 ], [ 5.03328, 47.86878 ], [ 5.03053, 47.7968 ], [ 4.9237, 47.79861 ], [ 4.9211, 47.72663 ], [ 5.45444, 47.71665 ], [ 5.45776, 47.78862 ], [ 5.56454, 47.78633 ], [ 5.5715, 47.93025 ], [ 5.67857, 47.92786 ], [ 5.68221, 47.99981 ], [ 5.78941, 47.99732 ], [ 5.78562, 47.92537 ], [ 5.89267, 47.92278 ], [ 5.90054, 48.06667 ], [ 6.11517, 48.06119 ], [ 6.11942, 48.13312 ], [ 6.22686, 48.13023 ], [ 6.23126, 48.20215 ], [ 6.12367, 48.20505 ], [ 6.13221, 48.34889 ], [ 6.2401, 48.34599 ], [ 6.24453, 48.4179 ], [ 6.89248, 48.39839 ], [ 6.88716, 48.32651 ], [ 6.77935, 48.33 ], [ 6.77419, 48.2581 ], [ 6.66651, 48.26149 ], [ 6.66152, 48.18959 ], [ 6.33885, 48.19916 ], [ 6.32074, 47.91145 ], [ 6.42773, 47.90838 ], [ 6.42309, 47.83645 ], [ 6.52992, 47.83328 ], [ 6.5395, 47.97713 ], [ 6.7537, 47.97048 ], [ 6.7588, 48.04239 ], [ 6.65156, 48.04577 ], [ 6.65653, 48.11768 ], [ 6.87129, 48.11082 ], [ 6.87656, 48.18272 ], [ 7.09155, 48.17546 ], [ 7.10835, 48.3911 ], [ 7.00042, 48.3948 ], [ 7.0059, 48.46668 ], [ 7.11397, 48.46298 ], [ 7.12527, 48.60671 ], [ 7.0169, 48.61042 ], [ 7.02243, 48.68229 ], [ 7.13095, 48.67857 ], [ 7.13664, 48.75043 ], [ 7.24529, 48.74661 ], [ 7.23945, 48.67476 ], [ 7.34794, 48.67085 ], [ 7.35993, 48.81454 ], [ 7.4687, 48.81052 ], [ 7.47487, 48.88235 ], [ 7.69265, 48.874 ], [ 7.69914, 48.94582 ], [ 7.91715, 48.93706 ], [ 7.94449, 49.22422 ], [ 7.83489, 49.22867 ], [ 7.85513, 49.444 ], [ 7.74506, 49.44837 ], [ 7.75169, 49.52014 ], [ 6.97959, 49.54795 ] ], [ [ 7.41472, 49.46087 ], [ 7.52485, 49.45681 ], [ 7.51854, 49.38502 ], [ 7.40856, 49.38908 ], [ 7.41472, 49.46087 ] ], [ [ 7.06719, 49.25704 ], [ 7.17691, 49.25328 ], [ 7.17111, 49.18146 ], [ 7.06154, 49.18521 ], [ 7.06719, 49.25704 ] ], [ [ 7.05029, 49.04154 ], [ 7.15956, 49.03781 ], [ 7.1538, 48.96597 ], [ 7.04469, 48.9697 ], [ 7.05029, 49.04154 ] ], [ [ 6.70699, 48.83658 ], [ 6.81585, 48.83315 ], [ 6.80535, 48.68942 ], [ 6.47962, 48.69937 ], [ 6.48441, 48.77126 ], [ 6.70188, 48.76471 ], [ 6.70699, 48.83658 ] ], [ [ 6.80012, 48.61754 ], [ 7.0169, 48.61042 ], [ 7.01139, 48.53855 ], [ 6.90316, 48.54216 ], [ 6.89781, 48.47028 ], [ 6.78971, 48.47378 ], [ 6.80012, 48.61754 ] ] ], [ [ [ 6.95176, 47.74772 ], [ 6.94643, 47.6758 ], [ 7.0529, 47.67216 ], [ 7.05838, 47.74407 ], [ 6.95176, 47.74772 ] ] ], [ [ [ 7.69777, 47.72013 ], [ 7.69143, 47.64825 ], [ 7.7978, 47.64392 ], [ 7.79133, 47.57205 ], [ 7.89754, 47.56763 ], [ 7.91076, 47.71137 ], [ 7.69777, 47.72013 ] ] ], [ [ [ 6.83994, 47.67935 ], [ 6.83476, 47.60743 ], [ 6.94111, 47.60388 ], [ 6.94643, 47.6758 ], [ 6.83994, 47.67935 ] ] ], [ [ [ 9.58529, 47.41209 ], [ 9.55888, 47.19679 ], [ 9.66417, 47.19076 ], [ 9.691, 47.40605 ], [ 9.58529, 47.41209 ] ] ], [ [ [ 7.2259, 47.16119 ], [ 7.22025, 47.08927 ], [ 7.32555, 47.08538 ], [ 7.33133, 47.15729 ], [ 7.2259, 47.16119 ] ] ], [ [ [ 7.11494, 47.09307 ], [ 7.10946, 47.02115 ], [ 7.21463, 47.01735 ], [ 7.22025, 47.08927 ], [ 7.11494, 47.09307 ] ] ], [ [ [ 4.05601, 47.16146 ], [ 4.05319, 47.01743 ], [ 4.15849, 47.01642 ], [ 4.16159, 47.16045 ], [ 4.05601, 47.16146 ] ] ], [ [ [ 6.89907, 47.02845 ], [ 6.89387, 46.95651 ], [ 6.99894, 46.95291 ], [ 7.00427, 47.02484 ], [ 6.89907, 47.02845 ] ] ], [ [ [ 7.52403, 46.93348 ], [ 7.51801, 46.86157 ], [ 7.62285, 46.8574 ], [ 7.629, 46.92931 ], [ 7.52403, 46.93348 ] ] ], [ [ [ 4.26211, 46.9433 ], [ 4.26043, 46.87128 ], [ 4.36545, 46.87008 ], [ 4.36727, 46.9421 ], [ 4.26211, 46.9433 ] ] ], [ [ [ 7.41317, 46.86564 ], [ 7.40731, 46.79372 ], [ 7.51202, 46.78966 ], [ 7.51801, 46.86157 ], [ 7.41317, 46.86564 ] ] ], [ [ [ 7.51202, 46.78966 ], [ 7.50604, 46.71774 ], [ 7.61059, 46.71359 ], [ 7.61671, 46.7855 ], [ 7.51202, 46.78966 ] ] ], [ [ [ 8.45029, 47.75962 ], [ 8.44294, 47.68778 ], [ 8.23012, 47.69751 ], [ 8.22307, 47.62566 ], [ 8.11678, 47.63037 ], [ 8.10989, 47.55851 ], [ 7.89754, 47.56763 ], [ 7.89095, 47.49576 ], [ 7.4666, 47.51282 ], [ 7.47262, 47.58471 ], [ 7.36635, 47.58874 ], [ 7.36047, 47.51684 ], [ 6.9358, 47.53196 ], [ 6.92524, 47.38811 ], [ 6.60744, 47.39841 ], [ 6.6026, 47.32647 ], [ 6.39095, 47.33285 ], [ 6.38641, 47.2609 ], [ 6.28071, 47.26394 ], [ 6.27632, 47.19198 ], [ 6.06516, 47.19776 ], [ 6.05291, 46.98185 ], [ 5.94774, 46.98458 ], [ 5.9399, 46.84062 ], [ 6.04479, 46.8379 ], [ 6.04885, 46.90987 ], [ 6.25888, 46.90412 ], [ 6.26322, 46.97609 ], [ 6.15807, 46.97901 ], [ 6.16228, 47.05098 ], [ 6.26758, 47.04805 ], [ 6.27194, 47.12002 ], [ 6.37736, 47.11698 ], [ 6.38188, 47.18894 ], [ 6.48743, 47.18581 ], [ 6.4921, 47.25776 ], [ 6.91473, 47.24425 ], [ 6.91997, 47.31618 ], [ 7.13149, 47.30884 ], [ 7.13703, 47.38076 ], [ 7.24291, 47.37694 ], [ 7.23722, 47.30503 ], [ 7.44865, 47.29711 ], [ 7.45462, 47.36902 ], [ 7.66626, 47.3607 ], [ 7.67253, 47.43259 ], [ 7.99029, 47.41938 ], [ 7.98359, 47.34751 ], [ 7.87783, 47.352 ], [ 7.8713, 47.28012 ], [ 7.66001, 47.28881 ], [ 7.64755, 47.14502 ], [ 7.54216, 47.1492 ], [ 7.54824, 47.22111 ], [ 7.44269, 47.22521 ], [ 7.43084, 47.08139 ], [ 7.32555, 47.08538 ], [ 7.31979, 47.01346 ], [ 7.21463, 47.01735 ], [ 7.20902, 46.94543 ], [ 7.10398, 46.94921 ], [ 7.09853, 46.87728 ], [ 6.88869, 46.88457 ], [ 6.88353, 46.81262 ], [ 6.67392, 46.81951 ], [ 6.66905, 46.74756 ], [ 6.87838, 46.74068 ], [ 6.87324, 46.66873 ], [ 6.97775, 46.66515 ], [ 6.98302, 46.73709 ], [ 7.08766, 46.73341 ], [ 7.09308, 46.80535 ], [ 7.19784, 46.80157 ], [ 7.20342, 46.8735 ], [ 7.41317, 46.86564 ], [ 7.41904, 46.93756 ], [ 7.52403, 46.93348 ], [ 7.53006, 47.00539 ], [ 7.74026, 46.99694 ], [ 7.75293, 47.14073 ], [ 7.85829, 47.13635 ], [ 7.86478, 47.20824 ], [ 7.97026, 47.20375 ], [ 7.96363, 47.13187 ], [ 8.17425, 47.12263 ], [ 8.18117, 47.1945 ], [ 8.2866, 47.18973 ], [ 8.2725, 47.046 ], [ 8.37762, 47.04115 ], [ 8.37046, 46.96929 ], [ 8.47543, 46.96435 ], [ 8.49739, 47.1799 ], [ 8.60276, 47.17484 ], [ 8.61026, 47.24668 ], [ 8.71574, 47.24152 ], [ 8.70811, 47.16969 ], [ 9.02403, 47.15365 ], [ 9.03208, 47.22547 ], [ 8.92666, 47.23091 ], [ 8.9346, 47.30273 ], [ 8.82901, 47.30809 ], [ 8.84467, 47.45173 ], [ 9.26802, 47.42966 ], [ 9.27644, 47.50145 ], [ 9.69999, 47.4778 ], [ 9.71804, 47.62131 ], [ 9.61191, 47.62738 ], [ 9.62083, 47.69913 ], [ 9.0891, 47.72808 ], [ 9.08089, 47.65628 ], [ 8.76201, 47.67247 ], [ 8.76979, 47.74428 ], [ 8.66331, 47.74949 ], [ 8.65567, 47.67767 ], [ 8.54931, 47.68277 ], [ 8.55681, 47.7546 ], [ 8.45029, 47.75962 ] ], [ [ 9.08089, 47.65628 ], [ 9.18714, 47.6507 ], [ 9.17881, 47.57891 ], [ 9.0727, 47.58449 ], [ 9.08089, 47.65628 ] ], [ [ 8.22307, 47.62566 ], [ 8.32935, 47.62085 ], [ 8.32217, 47.549 ], [ 8.21604, 47.55381 ], [ 8.22307, 47.62566 ] ], [ [ 7.24861, 47.44886 ], [ 7.35461, 47.44493 ], [ 7.34877, 47.37303 ], [ 7.24291, 47.37694 ], [ 7.24861, 47.44886 ] ], [ [ 8.08252, 47.27105 ], [ 8.18811, 47.26637 ], [ 8.18117, 47.1945 ], [ 8.07573, 47.19918 ], [ 8.08252, 47.27105 ] ], [ [ 8.29367, 47.26159 ], [ 8.39922, 47.25672 ], [ 8.392, 47.18486 ], [ 8.2866, 47.18973 ], [ 8.29367, 47.26159 ] ] ], [ [ [ 5.73371, 46.91778 ], [ 5.73008, 46.8458 ], [ 5.62516, 46.84824 ], [ 5.61473, 46.63226 ], [ 5.71924, 46.62983 ], [ 5.72284, 46.70182 ], [ 5.82748, 46.69929 ], [ 5.83877, 46.91524 ], [ 5.73371, 46.91778 ] ] ], [ [ [ 5.82748, 46.69929 ], [ 5.82374, 46.6273 ], [ 5.92822, 46.62468 ], [ 5.93211, 46.69666 ], [ 5.82748, 46.69929 ] ] ], [ [ [ 5.71924, 46.62983 ], [ 5.71564, 46.55783 ], [ 5.82, 46.55531 ], [ 5.82374, 46.6273 ], [ 5.71924, 46.62983 ] ] ], [ [ [ 6.46426, 46.82602 ], [ 6.45508, 46.6821 ], [ 6.35051, 46.6852 ], [ 6.34165, 46.54126 ], [ 6.44595, 46.53817 ], [ 6.45051, 46.61013 ], [ 6.65934, 46.60365 ], [ 6.6545, 46.53169 ], [ 6.75876, 46.52831 ], [ 6.7538, 46.45636 ], [ 6.85791, 46.45289 ], [ 6.87324, 46.66873 ], [ 6.66419, 46.67561 ], [ 6.66905, 46.74756 ], [ 6.56436, 46.75086 ], [ 6.5691, 46.82282 ], [ 6.46426, 46.82602 ] ] ], [ [ [ 6.23734, 46.54426 ], [ 6.23307, 46.47229 ], [ 6.33724, 46.46929 ], [ 6.34165, 46.54126 ], [ 6.23734, 46.54426 ] ] ], [ [ [ 6.12889, 46.47519 ], [ 6.12476, 46.40321 ], [ 6.22881, 46.40031 ], [ 6.23307, 46.47229 ], [ 6.12889, 46.47519 ] ] ], [ [ [ 5.60095, 46.34427 ], [ 5.59753, 46.27227 ], [ 5.70135, 46.26986 ], [ 5.70491, 46.34185 ], [ 5.60095, 46.34427 ] ] ], [ [ [ 7.15372, 46.22609 ], [ 7.14827, 46.15415 ], [ 7.25178, 46.15032 ], [ 7.25736, 46.22226 ], [ 7.15372, 46.22609 ] ] ], [ [ [ 3.72564, 46.1555 ], [ 3.72469, 46.08347 ], [ 3.82821, 46.08276 ], [ 3.8293, 46.15479 ], [ 3.72564, 46.1555 ] ] ], [ [ [ 6.31536, 46.10942 ], [ 6.31102, 46.03744 ], [ 6.41436, 46.03438 ], [ 6.41884, 46.10635 ], [ 6.31536, 46.10942 ] ] ], [ [ [ 3.51696, 46.01256 ], [ 3.51629, 45.94053 ], [ 3.61954, 45.94001 ], [ 3.62035, 46.01204 ], [ 3.51696, 46.01256 ] ] ], [ [ [ 3.82713, 46.01072 ], [ 3.82604, 45.93869 ], [ 3.92929, 45.93789 ], [ 3.93051, 46.00992 ], [ 3.82713, 46.01072 ] ] ], [ [ [ 5.37735, 45.9888 ], [ 5.37425, 45.91679 ], [ 5.47741, 45.91458 ], [ 5.48065, 45.98658 ], [ 5.37735, 45.9888 ] ] ], [ [ [ 4.23901, 45.93492 ], [ 4.23739, 45.86289 ], [ 4.34049, 45.86171 ], [ 4.34224, 45.93374 ], [ 4.23901, 45.93492 ] ] ], [ [ [ 3.72279, 45.9394 ], [ 3.72091, 45.79532 ], [ 3.82389, 45.79462 ], [ 3.82604, 45.93869 ], [ 3.72279, 45.9394 ] ] ], [ [ [ 6.09619, 45.89933 ], [ 6.08812, 45.75536 ], [ 6.19095, 45.7525 ], [ 6.19928, 45.89646 ], [ 6.09619, 45.89933 ] ] ], [ [ [ 2.58751, 45.86891 ], [ 2.58804, 45.79687 ], [ 2.79402, 45.79744 ], [ 2.79375, 45.86948 ], [ 2.58751, 45.86891 ] ] ], [ [ [ 2.38127, 45.86797 ], [ 2.38288, 45.7239 ], [ 2.58858, 45.72483 ], [ 2.58804, 45.79687 ], [ 2.48506, 45.79645 ], [ 2.48439, 45.86849 ], [ 2.38127, 45.86797 ] ] ], [ [ [ 3.82389, 45.79462 ], [ 3.82282, 45.72258 ], [ 3.92566, 45.72179 ], [ 3.92687, 45.79382 ], [ 3.82389, 45.79462 ] ] ], [ [ [ 3.61712, 45.7239 ], [ 3.61632, 45.65186 ], [ 3.71903, 45.65125 ], [ 3.71997, 45.72329 ], [ 3.61712, 45.7239 ] ] ], [ [ [ 4.43982, 45.71639 ], [ 4.43795, 45.64436 ], [ 4.54063, 45.643 ], [ 4.54264, 45.71503 ], [ 4.43982, 45.71639 ] ] ], [ [ [ 3.92445, 45.64975 ], [ 3.92325, 45.57772 ], [ 4.02583, 45.57683 ], [ 4.02716, 45.64886 ], [ 3.92445, 45.64975 ] ] ], [ [ [ 5.66975, 45.62188 ], [ 5.66629, 45.54988 ], [ 5.76875, 45.5474 ], [ 5.77235, 45.6194 ], [ 5.66975, 45.62188 ] ] ], [ [ [ 5.87494, 45.61682 ], [ 5.87121, 45.54483 ], [ 5.97366, 45.54217 ], [ 5.97752, 45.61415 ], [ 5.87494, 45.61682 ] ] ], [ [ [ 4.0245, 45.5048 ], [ 4.02317, 45.43277 ], [ 4.12547, 45.43179 ], [ 4.12693, 45.50382 ], [ 4.0245, 45.5048 ] ] ], [ [ [ 5.86749, 45.47284 ], [ 5.86378, 45.40085 ], [ 5.96596, 45.39819 ], [ 5.9698, 45.47018 ], [ 5.86749, 45.47284 ] ] ], [ [ [ 4.33179, 45.50157 ], [ 4.33007, 45.42955 ], [ 4.53465, 45.42693 ], [ 4.53266, 45.35491 ], [ 4.63481, 45.35347 ], [ 4.63905, 45.49751 ], [ 4.33179, 45.50157 ] ] ], [ [ [ 5.96596, 45.39819 ], [ 5.96212, 45.32621 ], [ 6.06416, 45.32346 ], [ 6.06813, 45.39544 ], [ 5.96596, 45.39819 ] ] ], [ [ [ 5.55386, 45.33627 ], [ 5.55056, 45.26427 ], [ 5.65251, 45.2619 ], [ 5.65594, 45.3339 ], [ 5.55386, 45.33627 ] ] ], [ [ [ 3.10206, 45.29332 ], [ 3.10193, 45.22128 ], [ 3.20385, 45.22114 ], [ 3.20412, 45.29318 ], [ 3.10206, 45.29332 ] ] ], [ [ [ 3.81644, 45.29038 ], [ 3.81538, 45.21835 ], [ 3.9173, 45.21756 ], [ 3.91848, 45.28959 ], [ 3.81644, 45.29038 ] ] ], [ [ [ 5.54727, 45.19228 ], [ 5.54399, 45.12028 ], [ 5.64568, 45.11792 ], [ 5.64909, 45.18991 ], [ 5.54727, 45.19228 ] ] ], [ [ [ 5.74735, 45.11546 ], [ 5.74382, 45.04347 ], [ 5.84536, 45.04092 ], [ 5.84902, 45.1129 ], [ 5.74735, 45.11546 ] ] ], [ [ [ 5.54072, 45.04829 ], [ 5.53745, 44.9763 ], [ 5.63888, 44.97393 ], [ 5.64227, 45.04592 ], [ 5.54072, 45.04829 ] ] ], [ [ [ 5.5342, 44.9043 ], [ 5.52771, 44.76033 ], [ 5.62875, 44.75797 ], [ 5.63211, 44.82996 ], [ 5.73327, 44.82751 ], [ 5.73678, 44.8995 ], [ 5.5342, 44.9043 ] ] ], [ [ [ 5.3286, 44.83675 ], [ 5.32562, 44.76475 ], [ 5.42667, 44.76258 ], [ 5.42978, 44.83458 ], [ 5.3286, 44.83675 ] ] ], [ [ [ 7.19034, 43.98874 ], [ 7.17979, 43.84496 ], [ 7.37843, 43.83716 ], [ 7.38395, 43.90904 ], [ 7.28451, 43.91299 ], [ 7.28992, 43.98488 ], [ 7.19034, 43.98874 ] ] ], [ [ [ 6.87685, 43.78407 ], [ 6.87198, 43.71217 ], [ 7.0702, 43.70493 ], [ 7.07532, 43.77682 ], [ 6.87685, 43.78407 ] ] ] ] } },
{ "type": "Feature", "properties": { "doy_debut": 135, "surface_km2": 66816.0, "doy_fin": 149.0, "date_debut": "2026-05-15", "date_fin": "2026-05-29", "libelle": "Premier envol : 15/05 - 29/05", "couleur": "#FD7434", "annee": 2026, "modele": "STENO-DJ v1", "seuil_vol_c": 20.0, "dj_vol": 120.0 }, "geometry": { "type": "MultiPolygon", "coordinates": [ [ [ [ 2.54338, 51.1923 ], [ 2.54404, 51.12056 ], [ 2.0881, 51.11808 ], [ 2.08942, 51.04634 ], [ 1.748, 51.04339 ], [ 1.7498, 50.97165 ], [ 1.63617, 50.97046 ], [ 1.63813, 50.89871 ], [ 2.6595, 50.90567 ], [ 2.65901, 50.97743 ], [ 2.77267, 50.97769 ], [ 2.77235, 51.04944 ], [ 2.88617, 51.04959 ], [ 2.88601, 51.12134 ], [ 2.65803, 51.12092 ], [ 2.65753, 51.19266 ], [ 2.54338, 51.1923 ] ] ], [ [ [ 1.98002, 50.83019 ], [ 1.98148, 50.75842 ], [ 1.86833, 50.75745 ], [ 1.86995, 50.68567 ], [ 1.75696, 50.68459 ], [ 1.75873, 50.61281 ], [ 1.87156, 50.61388 ], [ 1.87317, 50.54209 ], [ 1.98584, 50.54306 ], [ 1.98729, 50.47126 ], [ 2.32484, 50.47356 ], [ 2.32291, 50.61717 ], [ 2.09723, 50.61573 ], [ 2.09334, 50.83107 ], [ 1.98002, 50.83019 ] ] ], [ [ [ 1.21509, 50.03142 ], [ 1.21761, 49.95958 ], [ 1.44034, 49.96262 ], [ 1.43814, 50.03447 ], [ 1.21509, 50.03142 ] ] ], [ [ [ 4.78239, 49.95958 ], [ 4.77988, 49.88774 ], [ 4.89108, 49.88607 ], [ 4.89375, 49.95791 ], [ 4.78239, 49.95958 ] ] ], [ [ [ 0.44548, 49.80209 ], [ 0.44906, 49.73025 ], [ 0.5599, 49.73252 ], [ 0.55647, 49.80436 ], [ 0.44548, 49.80209 ] ] ], [ [ [ 0.22742, 49.7254 ], [ 0.23131, 49.65356 ], [ 0.34197, 49.65603 ], [ 0.33824, 49.72787 ], [ 0.22742, 49.7254 ] ] ], [ [ [ 5.22778, 49.95228 ], [ 5.21839, 49.73676 ], [ 5.10753, 49.73873 ], [ 5.10457, 49.66687 ], [ 5.43668, 49.66067 ], [ 5.4401, 49.73252 ], [ 5.66176, 49.72787 ], [ 5.66926, 49.87154 ], [ 5.55812, 49.87392 ], [ 5.56173, 49.94575 ], [ 5.22778, 49.95228 ] ] ], [ [ [ -2.00007, 49.79827 ], [ -1.98606, 49.65479 ], [ -1.87554, 49.65928 ], [ -1.86872, 49.58753 ], [ -1.97908, 49.58305 ], [ -1.97213, 49.51129 ], [ -1.86192, 49.51577 ], [ -1.85513, 49.444 ], [ -1.74506, 49.44837 ], [ -1.75834, 49.59191 ], [ -1.42708, 49.60444 ], [ -1.42089, 49.53266 ], [ -1.31059, 49.53663 ], [ -1.29258, 49.32124 ], [ -1.07285, 49.32886 ], [ -1.08423, 49.47248 ], [ -1.19441, 49.46871 ], [ -1.21797, 49.75586 ], [ -1.55026, 49.7439 ], [ -1.54388, 49.67213 ], [ -1.65445, 49.66795 ], [ -1.66099, 49.73971 ], [ -1.88239, 49.73102 ], [ -1.88925, 49.80276 ], [ -2.00007, 49.79827 ] ], [ [ -1.43329, 49.67622 ], [ -1.32268, 49.6802 ], [ -1.31663, 49.60842 ], [ -1.42708, 49.60444 ], [ -1.43329, 49.67622 ] ] ], [ [ [ -3.62175, 48.56596 ], [ -3.61268, 48.49424 ], [ -3.50477, 48.50021 ], [ -3.51369, 48.57194 ], [ -3.62175, 48.56596 ] ] ], [ [ [ 7.23945, 48.67476 ], [ 7.23363, 48.60291 ], [ 7.12527, 48.60671 ], [ 7.11397, 48.46298 ], [ 7.0059, 48.46668 ], [ 7.00042, 48.3948 ], [ 7.10835, 48.3911 ], [ 7.09155, 48.17546 ], [ 6.87656, 48.18272 ], [ 6.87129, 48.11082 ], [ 6.65653, 48.11768 ], [ 6.65156, 48.04577 ], [ 6.7588, 48.04239 ], [ 6.7537, 47.97048 ], [ 6.5395, 47.97713 ], [ 6.5347, 47.9052 ], [ 6.64167, 47.90193 ], [ 6.63674, 47.83001 ], [ 6.74354, 47.82665 ], [ 6.73848, 47.75473 ], [ 7.05838, 47.74407 ], [ 7.06387, 47.81597 ], [ 7.17062, 47.81222 ], [ 7.19903, 48.17168 ], [ 7.30648, 48.16781 ], [ 7.32415, 48.38342 ], [ 7.43203, 48.37943 ], [ 7.4381, 48.45129 ], [ 7.22203, 48.45918 ], [ 7.22782, 48.53105 ], [ 7.33601, 48.52715 ], [ 7.34794, 48.67085 ], [ 7.23945, 48.67476 ] ] ], [ [ [ 8.87625, 47.73898 ], [ 8.86832, 47.66717 ], [ 8.97461, 47.66177 ], [ 8.98268, 47.73357 ], [ 8.87625, 47.73898 ] ] ], [ [ [ 9.08089, 47.65628 ], [ 9.0727, 47.58449 ], [ 9.17881, 47.57891 ], [ 9.18714, 47.6507 ], [ 9.08089, 47.65628 ] ] ], [ [ [ 8.3382, 48.7748 ], [ 8.33086, 48.70301 ], [ 8.22239, 48.70781 ], [ 8.20805, 48.56421 ], [ 8.09986, 48.5689 ], [ 8.0859, 48.42527 ], [ 8.1938, 48.42058 ], [ 8.17257, 48.20512 ], [ 7.95762, 48.21435 ], [ 7.95087, 48.1425 ], [ 8.05821, 48.13794 ], [ 8.05133, 48.0661 ], [ 7.94414, 48.07066 ], [ 7.93743, 47.99881 ], [ 8.04448, 47.99426 ], [ 8.03764, 47.92241 ], [ 7.82382, 47.9314 ], [ 7.81077, 47.78767 ], [ 7.70412, 47.792 ], [ 7.69777, 47.72013 ], [ 7.91076, 47.71137 ], [ 7.89754, 47.56763 ], [ 8.10989, 47.55851 ], [ 8.11678, 47.63037 ], [ 8.22307, 47.62566 ], [ 8.23012, 47.69751 ], [ 8.44294, 47.68778 ], [ 8.45029, 47.75962 ], [ 8.55681, 47.7546 ], [ 8.54931, 47.68277 ], [ 8.65567, 47.67767 ], [ 8.66331, 47.74949 ], [ 8.87625, 47.73898 ], [ 8.88419, 47.81078 ], [ 9.09733, 47.79986 ], [ 9.0891, 47.72808 ], [ 9.62083, 47.69913 ], [ 9.61191, 47.62738 ], [ 9.71804, 47.62131 ], [ 9.782, 48.12345 ], [ 9.67486, 48.12958 ], [ 9.68395, 48.20131 ], [ 9.57665, 48.20735 ], [ 9.55878, 48.06387 ], [ 9.45174, 48.06979 ], [ 9.44299, 47.99804 ], [ 9.33607, 48.00386 ], [ 9.32748, 47.9321 ], [ 9.22068, 47.93781 ], [ 9.23759, 48.08135 ], [ 9.02335, 48.09252 ], [ 9.01517, 48.02074 ], [ 8.90816, 48.02617 ], [ 8.90015, 47.95437 ], [ 8.68636, 47.96493 ], [ 8.67865, 47.89312 ], [ 8.35823, 47.9082 ], [ 8.36551, 47.98003 ], [ 8.25852, 47.98487 ], [ 8.26566, 48.0567 ], [ 8.58701, 48.04187 ], [ 8.61753, 48.32908 ], [ 8.50985, 48.33415 ], [ 8.54012, 48.62132 ], [ 8.43184, 48.62632 ], [ 8.43931, 48.6981 ], [ 8.54774, 48.6931 ], [ 8.55538, 48.76488 ], [ 8.3382, 48.7748 ] ] ], [ [ [ 7.24861, 47.44886 ], [ 7.24291, 47.37694 ], [ 7.34877, 47.37303 ], [ 7.35461, 47.44493 ], [ 7.24861, 47.44886 ] ] ], [ [ [ 8.08252, 47.27105 ], [ 8.07573, 47.19918 ], [ 8.18117, 47.1945 ], [ 8.18811, 47.26637 ], [ 8.08252, 47.27105 ] ] ], [ [ [ 8.29367, 47.26159 ], [ 8.2866, 47.18973 ], [ 8.392, 47.18486 ], [ 8.39922, 47.25672 ], [ 8.29367, 47.26159 ] ] ], [ [ [ 9.27644, 47.50145 ], [ 9.26802, 47.42966 ], [ 8.84467, 47.45173 ], [ 8.82901, 47.30809 ], [ 8.9346, 47.30273 ], [ 8.92666, 47.23091 ], [ 9.03208, 47.22547 ], [ 9.02403, 47.15365 ], [ 8.70811, 47.16969 ], [ 8.71574, 47.24152 ], [ 8.61026, 47.24668 ], [ 8.60276, 47.17484 ], [ 8.49739, 47.1799 ], [ 8.47543, 46.96435 ], [ 8.58038, 46.95931 ], [ 8.57296, 46.88746 ], [ 8.67776, 46.88233 ], [ 8.68531, 46.95418 ], [ 8.79022, 46.94895 ], [ 8.79794, 47.02078 ], [ 8.90297, 47.01545 ], [ 8.91084, 47.08727 ], [ 9.01599, 47.08184 ], [ 9.00797, 47.01002 ], [ 9.11296, 47.0045 ], [ 9.12111, 47.07631 ], [ 9.43636, 47.05915 ], [ 9.42779, 46.98736 ], [ 9.53268, 46.98145 ], [ 9.51534, 46.83789 ], [ 9.61993, 46.8319 ], [ 9.64641, 47.04723 ], [ 9.54139, 47.05323 ], [ 9.58529, 47.41209 ], [ 9.691, 47.40605 ], [ 9.69999, 47.4778 ], [ 9.27644, 47.50145 ] ], [ [ 9.35673, 47.28033 ], [ 9.46221, 47.27449 ], [ 9.44495, 47.13093 ], [ 9.23453, 47.14248 ], [ 9.24287, 47.21428 ], [ 9.34823, 47.20855 ], [ 9.35673, 47.28033 ] ], [ [ 8.70049, 47.09785 ], [ 8.80568, 47.09261 ], [ 8.79794, 47.02078 ], [ 8.69289, 47.02602 ], [ 8.70049, 47.09785 ] ] ], [ [ [ 7.41904, 46.93756 ], [ 7.41317, 46.86564 ], [ 7.51801, 46.86157 ], [ 7.52403, 46.93348 ], [ 7.41904, 46.93756 ] ] ], [ [ [ 8.67776, 46.88233 ], [ 8.67022, 46.81049 ], [ 8.77485, 46.80527 ], [ 8.78253, 46.87711 ], [ 8.67776, 46.88233 ] ] ], [ [ [ 9.30607, 46.84957 ], [ 9.28936, 46.70596 ], [ 9.39373, 46.70018 ], [ 9.40221, 46.77198 ], [ 9.5067, 46.7661 ], [ 9.51534, 46.83789 ], [ 9.30607, 46.84957 ] ] ], [ [ [ 9.08863, 46.78906 ], [ 9.08056, 46.71724 ], [ 9.18497, 46.71165 ], [ 9.19318, 46.78346 ], [ 9.08863, 46.78906 ] ] ], [ [ [ 8.04201, 46.83978 ], [ 8.03532, 46.7679 ], [ 7.82605, 46.77689 ], [ 7.81966, 46.70499 ], [ 8.13312, 46.69138 ], [ 8.14676, 46.83514 ], [ 8.04201, 46.83978 ] ] ], [ [ [ 6.66905, 46.74756 ], [ 6.66419, 46.67561 ], [ 6.76872, 46.67222 ], [ 6.77372, 46.74417 ], [ 6.66905, 46.74756 ] ] ], [ [ [ 5.72284, 46.70182 ], [ 5.71924, 46.62983 ], [ 5.82374, 46.6273 ], [ 5.82748, 46.69929 ], [ 5.72284, 46.70182 ] ] ], [ [ [ 7.29119, 46.65384 ], [ 7.28551, 46.58191 ], [ 7.38982, 46.57796 ], [ 7.39564, 46.64988 ], [ 7.29119, 46.65384 ] ] ], [ [ [ 6.55493, 46.60694 ], [ 6.55023, 46.53498 ], [ 6.6545, 46.53169 ], [ 6.65934, 46.60365 ], [ 6.55493, 46.60694 ] ] ], [ [ [ 7.86478, 47.20824 ], [ 7.85829, 47.13635 ], [ 7.75293, 47.14073 ], [ 7.74026, 46.99694 ], [ 7.53006, 47.00539 ], [ 7.52403, 46.93348 ], [ 7.629, 46.92931 ], [ 7.62285, 46.8574 ], [ 7.51801, 46.86157 ], [ 7.51202, 46.78966 ], [ 7.40731, 46.79372 ], [ 7.41317, 46.86564 ], [ 7.20342, 46.8735 ], [ 7.19784, 46.80157 ], [ 7.09308, 46.80535 ], [ 7.08766, 46.73341 ], [ 6.98302, 46.73709 ], [ 6.97775, 46.66515 ], [ 6.87324, 46.66873 ], [ 6.85283, 46.38093 ], [ 6.74885, 46.3844 ], [ 6.74392, 46.31244 ], [ 6.95158, 46.30543 ], [ 6.96201, 46.44932 ], [ 7.06609, 46.44566 ], [ 7.07684, 46.58954 ], [ 7.18118, 46.58577 ], [ 7.18672, 46.65771 ], [ 7.29119, 46.65384 ], [ 7.29688, 46.72577 ], [ 7.40146, 46.7218 ], [ 7.39564, 46.64988 ], [ 7.60449, 46.64168 ], [ 7.5984, 46.56976 ], [ 7.70267, 46.56552 ], [ 7.70889, 46.63743 ], [ 7.81328, 46.63309 ], [ 7.81966, 46.70499 ], [ 7.71513, 46.70934 ], [ 7.72139, 46.78124 ], [ 7.82605, 46.77689 ], [ 7.83246, 46.84878 ], [ 8.04201, 46.83978 ], [ 8.04872, 46.91166 ], [ 8.15361, 46.90701 ], [ 8.14676, 46.83514 ], [ 8.3562, 46.82556 ], [ 8.36332, 46.89743 ], [ 8.46815, 46.89249 ], [ 8.47543, 46.96435 ], [ 8.37046, 46.96929 ], [ 8.37762, 47.04115 ], [ 8.2725, 47.046 ], [ 8.2866, 47.18973 ], [ 8.18117, 47.1945 ], [ 8.17425, 47.12263 ], [ 7.96363, 47.13187 ], [ 7.97026, 47.20375 ], [ 7.86478, 47.20824 ] ], [ [ 8.16047, 46.97889 ], [ 8.26548, 46.97414 ], [ 8.25847, 46.90227 ], [ 8.15361, 46.90701 ], [ 8.16047, 46.97889 ] ], [ [ 7.51202, 46.78966 ], [ 7.61671, 46.7855 ], [ 7.61059, 46.71359 ], [ 7.50604, 46.71774 ], [ 7.51202, 46.78966 ] ] ], [ [ [ 7.47636, 46.35815 ], [ 7.47048, 46.28623 ], [ 7.98899, 46.26466 ], [ 7.99556, 46.33656 ], [ 7.47636, 46.35815 ] ] ], [ [ [ 6.95158, 46.30543 ], [ 6.94639, 46.23348 ], [ 7.05006, 46.22983 ], [ 7.05539, 46.30177 ], [ 6.95158, 46.30543 ] ] ], [ [ [ 7.26296, 46.29419 ], [ 7.25178, 46.15032 ], [ 7.35527, 46.1464 ], [ 7.36099, 46.21833 ], [ 7.4646, 46.2143 ], [ 7.47048, 46.28623 ], [ 7.26296, 46.29419 ] ] ], [ [ [ 6.8427, 46.23703 ], [ 6.83766, 46.16508 ], [ 6.94121, 46.16153 ], [ 6.94639, 46.23348 ], [ 6.8427, 46.23703 ] ] ], [ [ [ 6.94121, 46.16153 ], [ 6.93604, 46.08958 ], [ 7.03944, 46.08594 ], [ 7.03416, 46.014 ], [ 7.13741, 46.01027 ], [ 7.14827, 46.15415 ], [ 6.94121, 46.16153 ] ] ], [ [ [ 7.67253, 47.43259 ], [ 7.66626, 47.3607 ], [ 7.45462, 47.36902 ], [ 7.44865, 47.29711 ], [ 7.23722, 47.30503 ], [ 7.24291, 47.37694 ], [ 7.13703, 47.38076 ], [ 7.13149, 47.30884 ], [ 6.91997, 47.31618 ], [ 6.91473, 47.24425 ], [ 6.4921, 47.25776 ], [ 6.48743, 47.18581 ], [ 6.38188, 47.18894 ], [ 6.37736, 47.11698 ], [ 6.27194, 47.12002 ], [ 6.26758, 47.04805 ], [ 6.16228, 47.05098 ], [ 6.15807, 46.97901 ], [ 6.26322, 46.97609 ], [ 6.25888, 46.90412 ], [ 6.04885, 46.90987 ], [ 6.04479, 46.8379 ], [ 5.9399, 46.84062 ], [ 5.94381, 46.9126 ], [ 5.83877, 46.91524 ], [ 5.82748, 46.69929 ], [ 5.93211, 46.69666 ], [ 5.92822, 46.62468 ], [ 5.82374, 46.6273 ], [ 5.82, 46.55531 ], [ 5.71564, 46.55783 ], [ 5.70848, 46.41385 ], [ 5.81257, 46.41133 ], [ 5.80886, 46.33934 ], [ 5.70491, 46.34185 ], [ 5.70135, 46.26986 ], [ 5.59753, 46.27227 ], [ 5.58056, 45.91227 ], [ 5.68371, 45.90987 ], [ 5.6802, 45.83787 ], [ 5.7832, 45.83538 ], [ 5.79049, 45.97937 ], [ 5.68722, 45.98187 ], [ 5.69427, 46.12586 ], [ 5.90134, 46.12076 ], [ 5.90897, 46.26474 ], [ 6.01276, 46.26204 ], [ 6.01673, 46.33402 ], [ 6.12065, 46.33123 ], [ 6.12889, 46.47519 ], [ 6.23307, 46.47229 ], [ 6.23734, 46.54426 ], [ 6.34165, 46.54126 ], [ 6.35051, 46.6852 ], [ 6.45508, 46.6821 ], [ 6.46426, 46.82602 ], [ 6.67392, 46.81951 ], [ 6.67881, 46.89147 ], [ 6.88869, 46.88457 ], [ 6.89907, 47.02845 ], [ 7.10946, 47.02115 ], [ 7.11494, 47.09307 ], [ 7.22025, 47.08927 ], [ 7.2259, 47.16119 ], [ 7.43676, 47.1533 ], [ 7.44269, 47.22521 ], [ 7.65377, 47.21691 ], [ 7.66001, 47.28881 ], [ 7.8713, 47.28012 ], [ 7.87783, 47.352 ], [ 7.98359, 47.34751 ], [ 7.99029, 47.41938 ], [ 7.67253, 47.43259 ] ] ], [ [ [ 6.54087, 46.39105 ], [ 6.53621, 46.31908 ], [ 6.43234, 46.32226 ], [ 6.42783, 46.25029 ], [ 6.22032, 46.25635 ], [ 6.21609, 46.18438 ], [ 6.31971, 46.18139 ], [ 6.31536, 46.10942 ], [ 6.5223, 46.10318 ], [ 6.50393, 45.81531 ], [ 6.70974, 45.80873 ], [ 6.71945, 45.95265 ], [ 6.61627, 45.956 ], [ 6.62101, 46.02796 ], [ 6.72431, 46.02461 ], [ 6.7292, 46.09657 ], [ 6.62576, 46.09992 ], [ 6.64487, 46.38777 ], [ 6.54087, 46.39105 ] ] ], [ [ [ 6.401, 45.81846 ], [ 6.39215, 45.67451 ], [ 6.49481, 45.67137 ], [ 6.50393, 45.81531 ], [ 6.401, 45.81846 ] ] ], [ [ [ 2.58804, 45.79687 ], [ 2.58858, 45.72483 ], [ 2.69143, 45.72516 ], [ 2.69103, 45.7972 ], [ 2.58804, 45.79687 ] ] ], [ [ [ 6.70009, 45.66481 ], [ 6.69529, 45.59285 ], [ 6.79778, 45.58944 ], [ 6.80272, 45.66139 ], [ 6.70009, 45.66481 ] ] ], [ [ [ 6.00486, 46.11807 ], [ 5.997, 45.97409 ], [ 6.10024, 45.97131 ], [ 6.09619, 45.89933 ], [ 6.19928, 45.89646 ], [ 6.19095, 45.7525 ], [ 6.08812, 45.75536 ], [ 6.09215, 45.82734 ], [ 5.98918, 45.83012 ], [ 5.9814, 45.68614 ], [ 5.87868, 45.68881 ], [ 5.87494, 45.61682 ], [ 5.97752, 45.61415 ], [ 5.97366, 45.54217 ], [ 6.17852, 45.53656 ], [ 6.18265, 45.60854 ], [ 6.2852, 45.60559 ], [ 6.30237, 45.89349 ], [ 6.40544, 45.89043 ], [ 6.41436, 46.03438 ], [ 6.20766, 46.04042 ], [ 6.21187, 46.1124 ], [ 6.00486, 46.11807 ] ] ], [ [ [ 6.59278, 45.59618 ], [ 6.58812, 45.52421 ], [ 6.69049, 45.52089 ], [ 6.69529, 45.59285 ], [ 6.59278, 45.59618 ] ] ], [ [ [ 3.0, 45.58151 ], [ 3.0, 45.50947 ], [ 3.10246, 45.50942 ], [ 3.10259, 45.58146 ], [ 3.0, 45.58151 ] ] ], [ [ [ 6.38774, 45.60254 ], [ 6.37896, 45.4586 ], [ 6.48122, 45.45547 ], [ 6.47672, 45.3835 ], [ 6.57884, 45.38029 ], [ 6.58812, 45.52421 ], [ 6.48574, 45.52744 ], [ 6.49027, 45.59941 ], [ 6.38774, 45.60254 ] ] ], [ [ [ 5.96212, 45.32621 ], [ 5.9583, 45.25423 ], [ 6.06021, 45.25148 ], [ 6.06416, 45.32346 ], [ 5.96212, 45.32621 ] ] ], [ [ [ 6.07211, 45.46743 ], [ 6.06813, 45.39544 ], [ 6.17029, 45.3926 ], [ 6.16211, 45.24864 ], [ 6.264, 45.24571 ], [ 6.25979, 45.17374 ], [ 6.46327, 45.16761 ], [ 6.46774, 45.23957 ], [ 6.36588, 45.24269 ], [ 6.37023, 45.31466 ], [ 6.26822, 45.31769 ], [ 6.27669, 45.46163 ], [ 6.07211, 45.46743 ] ] ], [ [ [ 5.76875, 45.5474 ], [ 5.76158, 45.40342 ], [ 5.65938, 45.40589 ], [ 5.64909, 45.18991 ], [ 5.7509, 45.18745 ], [ 5.75445, 45.25944 ], [ 5.85638, 45.25688 ], [ 5.87121, 45.54483 ], [ 5.76875, 45.5474 ] ] ], [ [ [ 5.85638, 45.25688 ], [ 5.85269, 45.18489 ], [ 5.95448, 45.18224 ], [ 5.9583, 45.25423 ], [ 5.85638, 45.25688 ] ] ], [ [ [ 6.8701, 45.15423 ], [ 6.86512, 45.08229 ], [ 6.96666, 45.07872 ], [ 6.97177, 45.15066 ], [ 6.8701, 45.15423 ] ] ], [ [ [ 5.95068, 45.11026 ], [ 5.9431, 44.9663 ], [ 6.04448, 44.96357 ], [ 6.05233, 45.10752 ], [ 5.95068, 45.11026 ] ] ], [ [ [ 5.74382, 45.04347 ], [ 5.74029, 44.97148 ], [ 5.63888, 44.97393 ], [ 5.63549, 44.90195 ], [ 5.83805, 44.89695 ], [ 5.84536, 45.04092 ], [ 5.74382, 45.04347 ] ] ], [ [ [ 5.34362, 45.19674 ], [ 5.33759, 45.05274 ], [ 5.23601, 45.05482 ], [ 5.23313, 44.98282 ], [ 5.13168, 44.98481 ], [ 5.12894, 44.91281 ], [ 5.23027, 44.91082 ], [ 5.22741, 44.83882 ], [ 5.42978, 44.83458 ], [ 5.43916, 45.05056 ], [ 5.64227, 45.04592 ], [ 5.64568, 45.11792 ], [ 5.54399, 45.12028 ], [ 5.54727, 45.19228 ], [ 5.34362, 45.19674 ] ] ], [ [ [ 6.44109, 44.80781 ], [ 6.43669, 44.73585 ], [ 6.53764, 44.73267 ], [ 6.54217, 44.80462 ], [ 6.44109, 44.80781 ] ] ], [ [ [ 5.42978, 44.83458 ], [ 5.42356, 44.69059 ], [ 5.52448, 44.68834 ], [ 5.53095, 44.83231 ], [ 5.42978, 44.83458 ] ] ], [ [ [ 5.12078, 44.69681 ], [ 5.11807, 44.62482 ], [ 5.21888, 44.62284 ], [ 5.22171, 44.69483 ], [ 5.12078, 44.69681 ] ] ], [ [ [ 5.83805, 44.89695 ], [ 5.83442, 44.82497 ], [ 5.73327, 44.82751 ], [ 5.72977, 44.75553 ], [ 5.62875, 44.75797 ], [ 5.62539, 44.68599 ], [ 5.52448, 44.68834 ], [ 5.52126, 44.61635 ], [ 5.42047, 44.61861 ], [ 5.42356, 44.69059 ], [ 5.32264, 44.69276 ], [ 5.31672, 44.54878 ], [ 5.41738, 44.54662 ], [ 5.4143, 44.47464 ], [ 5.51483, 44.47239 ], [ 5.51164, 44.40041 ], [ 5.61203, 44.39807 ], [ 5.61869, 44.54203 ], [ 5.81996, 44.53707 ], [ 5.81637, 44.4651 ], [ 5.71587, 44.46762 ], [ 5.71241, 44.39565 ], [ 5.91316, 44.39052 ], [ 5.92059, 44.53445 ], [ 6.1218, 44.52894 ], [ 6.11783, 44.45698 ], [ 6.21829, 44.45409 ], [ 6.2224, 44.52605 ], [ 6.32298, 44.52307 ], [ 6.31453, 44.37916 ], [ 6.41485, 44.37609 ], [ 6.41919, 44.44804 ], [ 6.51963, 44.44488 ], [ 6.52861, 44.58877 ], [ 6.62928, 44.58551 ], [ 6.63857, 44.7294 ], [ 6.53764, 44.73267 ], [ 6.53312, 44.66072 ], [ 6.4323, 44.66389 ], [ 6.42792, 44.59194 ], [ 6.22651, 44.59801 ], [ 6.23063, 44.66997 ], [ 6.02892, 44.67568 ], [ 6.03668, 44.81962 ], [ 5.93555, 44.82234 ], [ 5.93932, 44.89432 ], [ 5.83805, 44.89695 ] ], [ [ 5.72977, 44.75553 ], [ 5.9318, 44.75037 ], [ 5.92431, 44.60642 ], [ 5.7228, 44.61157 ], [ 5.72977, 44.75553 ] ] ], [ [ [ 5.2048, 44.2629 ], [ 5.202, 44.19092 ], [ 5.30204, 44.18887 ], [ 5.30496, 44.26085 ], [ 5.2048, 44.2629 ] ] ], [ [ [ 3.0, 44.42905 ], [ 3.0, 44.35703 ], [ 2.69889, 44.35662 ], [ 2.69965, 44.2126 ], [ 2.59954, 44.21228 ], [ 2.60004, 44.14028 ], [ 2.90001, 44.14096 ], [ 2.89988, 44.21297 ], [ 3.0, 44.21301 ], [ 3.0, 44.28502 ], [ 3.10024, 44.28498 ], [ 3.1005, 44.429 ], [ 3.0, 44.42905 ] ] ], [ [ [ 7.50039, 44.12065 ], [ 7.48903, 43.97688 ], [ 7.68808, 43.96852 ], [ 7.69994, 44.11226 ], [ 7.50039, 44.12065 ] ] ], [ [ [ 5.30789, 44.33283 ], [ 5.30496, 44.26085 ], [ 5.40512, 44.2587 ], [ 5.40207, 44.18672 ], [ 5.30204, 44.18887 ], [ 5.29622, 44.04492 ], [ 5.396, 44.04278 ], [ 5.39297, 43.97082 ], [ 5.59225, 43.96627 ], [ 5.59552, 44.03823 ], [ 5.89475, 44.03072 ], [ 5.89842, 44.10268 ], [ 5.79856, 44.10527 ], [ 5.80565, 44.2492 ], [ 5.70553, 44.25171 ], [ 5.70211, 44.17974 ], [ 5.6021, 44.18216 ], [ 5.60871, 44.3261 ], [ 5.30789, 44.33283 ] ] ], [ [ [ 6.70162, 44.15055 ], [ 6.69227, 44.00671 ], [ 6.99115, 43.9962 ], [ 6.98612, 43.9243 ], [ 7.08559, 43.92062 ], [ 7.09075, 43.99252 ], [ 7.28992, 43.98488 ], [ 7.29534, 44.05677 ], [ 7.09592, 44.06442 ], [ 7.10111, 44.13633 ], [ 7.00125, 44.14002 ], [ 6.9962, 44.06811 ], [ 6.89645, 44.07171 ], [ 6.90139, 44.14362 ], [ 6.70162, 44.15055 ] ] ], [ [ [ 7.28992, 43.98488 ], [ 7.28451, 43.91299 ], [ 7.48337, 43.905 ], [ 7.48903, 43.97688 ], [ 7.28992, 43.98488 ] ] ], [ [ [ 3.72469, 46.08347 ], [ 3.72374, 46.01143 ], [ 3.62035, 46.01204 ], [ 3.61712, 45.7239 ], [ 3.71997, 45.72329 ], [ 3.71624, 45.43515 ], [ 3.61392, 45.43575 ], [ 3.61632, 45.65186 ], [ 3.41088, 45.6528 ], [ 3.40876, 45.36465 ], [ 3.51094, 45.36423 ], [ 3.50831, 45.0761 ], [ 3.40665, 45.07652 ], [ 3.40718, 45.14855 ], [ 3.30538, 45.14888 ], [ 3.30617, 45.29294 ], [ 3.20412, 45.29318 ], [ 3.20385, 45.22114 ], [ 3.10193, 45.22128 ], [ 3.10232, 45.43739 ], [ 3.0, 45.43743 ], [ 3.0, 45.14929 ], [ 2.89821, 45.14925 ], [ 2.89688, 45.86962 ], [ 2.79375, 45.86948 ], [ 2.79429, 45.7254 ], [ 2.69143, 45.72516 ], [ 2.69184, 45.65313 ], [ 2.58912, 45.6528 ], [ 2.59071, 45.43669 ], [ 2.69303, 45.43701 ], [ 2.69343, 45.36498 ], [ 2.59124, 45.36465 ], [ 2.59177, 45.29262 ], [ 2.48972, 45.2922 ], [ 2.49234, 45.00407 ], [ 2.59387, 45.00449 ], [ 2.59439, 44.93246 ], [ 2.79719, 44.93302 ], [ 2.79823, 44.64492 ], [ 2.89912, 44.64506 ], [ 2.89924, 44.57303 ], [ 3.0, 44.57308 ], [ 3.0, 44.50106 ], [ 3.10063, 44.50102 ], [ 3.10076, 44.57303 ], [ 3.20151, 44.5729 ], [ 3.20177, 44.64492 ], [ 3.30265, 44.64469 ], [ 3.30227, 44.57267 ], [ 3.50377, 44.57193 ], [ 3.50313, 44.49992 ], [ 3.30188, 44.50065 ], [ 3.3015, 44.42863 ], [ 3.60298, 44.4274 ], [ 3.60222, 44.35538 ], [ 3.30111, 44.35662 ], [ 3.30035, 44.2126 ], [ 3.10012, 44.21297 ], [ 3.09986, 44.06896 ], [ 3.0, 44.069 ], [ 3.0, 43.925 ], [ 3.09961, 43.92496 ], [ 3.09949, 43.85296 ], [ 3.29846, 43.8526 ], [ 3.29921, 43.99659 ], [ 3.49868, 43.99587 ], [ 3.49931, 44.06786 ], [ 3.59917, 44.06736 ], [ 3.60145, 44.28338 ], [ 3.80193, 44.2821 ], [ 3.80294, 44.3541 ], [ 3.9033, 44.35333 ], [ 3.90676, 44.56936 ], [ 4.0075, 44.56849 ], [ 4.00879, 44.6405 ], [ 4.10966, 44.63953 ], [ 4.1125, 44.78357 ], [ 4.41585, 44.78011 ], [ 4.41949, 44.92414 ], [ 4.31811, 44.92539 ], [ 4.31981, 44.99741 ], [ 4.42131, 44.99616 ], [ 4.42314, 45.06817 ], [ 4.52477, 45.06683 ], [ 4.53465, 45.42693 ], [ 4.22777, 45.43071 ], [ 4.2246, 45.28666 ], [ 4.12256, 45.28773 ], [ 4.12111, 45.2157 ], [ 3.9173, 45.21756 ], [ 3.91376, 45.00148 ], [ 3.81224, 45.00227 ], [ 3.81644, 45.29038 ], [ 3.91848, 45.28959 ], [ 3.91967, 45.36162 ], [ 4.02184, 45.36074 ], [ 4.02583, 45.57683 ], [ 3.92325, 45.57772 ], [ 3.92566, 45.72179 ], [ 3.82282, 45.72258 ], [ 3.82389, 45.79462 ], [ 3.72091, 45.79532 ], [ 3.72279, 45.9394 ], [ 3.82604, 45.93869 ], [ 3.82821, 46.08276 ], [ 3.72469, 46.08347 ] ] ], [ [ [ 6.01735, 44.45978 ], [ 6.00206, 44.17194 ], [ 6.30194, 44.16332 ], [ 6.29359, 44.01944 ], [ 6.39328, 44.01639 ], [ 6.389, 43.94446 ], [ 6.18987, 43.95046 ], [ 6.18184, 43.80659 ], [ 6.28116, 43.80364 ], [ 6.27704, 43.73172 ], [ 6.17784, 43.73466 ], [ 6.17385, 43.66273 ], [ 6.27292, 43.65979 ], [ 6.26882, 43.58787 ], [ 6.36776, 43.58485 ], [ 6.37198, 43.65676 ], [ 6.6691, 43.64714 ], [ 6.67371, 43.71905 ], [ 6.87198, 43.71217 ], [ 6.87685, 43.78407 ], [ 6.97609, 43.78049 ], [ 6.9811, 43.85239 ], [ 6.68297, 43.86287 ], [ 6.68761, 43.93479 ], [ 6.58808, 43.9381 ], [ 6.60171, 44.15388 ], [ 6.40187, 44.16027 ], [ 6.41051, 44.30415 ], [ 6.31032, 44.30721 ], [ 6.31453, 44.37916 ], [ 6.11386, 44.38502 ], [ 6.11783, 44.45698 ], [ 6.01735, 44.45978 ] ], [ [ 6.38473, 43.87253 ], [ 6.48415, 43.8694 ], [ 6.47977, 43.79748 ], [ 6.38047, 43.80061 ], [ 6.38473, 43.87253 ] ] ], [ [ [ 2.60256, 43.78029 ], [ 2.60306, 43.70831 ], [ 2.50383, 43.7079 ], [ 2.50507, 43.56394 ], [ 2.80203, 43.56488 ], [ 2.80178, 43.63686 ], [ 3.0, 43.63705 ], [ 3.0, 43.78102 ], [ 2.60256, 43.78029 ] ] ], [ [ [ 2.11027, 43.48944 ], [ 2.11138, 43.41747 ], [ 2.60504, 43.42039 ], [ 2.60455, 43.49237 ], [ 2.11027, 43.48944 ] ] ], [ [ [ -0.82869, 43.06521 ], [ -0.82394, 42.99335 ], [ -0.72604, 42.99678 ], [ -0.73066, 43.06865 ], [ -0.82869, 43.06521 ] ] ], [ [ [ -1.31862, 43.04666 ], [ -1.31327, 42.97482 ], [ -1.11757, 42.9825 ], [ -1.11247, 42.91065 ], [ -0.8192, 42.92149 ], [ -0.82394, 42.99335 ], [ -1.01971, 42.9862 ], [ -1.0247, 43.05806 ], [ -1.31862, 43.04666 ] ] ], [ [ [ -0.63263, 43.07201 ], [ -0.62812, 43.00013 ], [ -0.72604, 42.99678 ], [ -0.72142, 42.92492 ], [ -0.62362, 42.92826 ], [ -0.61914, 42.8564 ], [ -0.52146, 42.85965 ], [ -0.52582, 42.93152 ], [ -0.42801, 42.93469 ], [ -0.43226, 43.00656 ], [ -0.33431, 43.00965 ], [ -0.33018, 42.93776 ], [ -0.1345, 42.94365 ], [ -0.13839, 43.01554 ], [ -0.23636, 43.01264 ], [ -0.24038, 43.08453 ], [ -0.63263, 43.07201 ] ] ], [ [ [ -0.1345, 42.94365 ], [ -0.13062, 42.87177 ], [ -0.03288, 42.87457 ], [ -0.03665, 42.94646 ], [ -0.1345, 42.94365 ] ] ], [ [ [ 0.05757, 43.02108 ], [ 0.06122, 42.94919 ], [ 0.25697, 42.95436 ], [ 0.26376, 42.81057 ], [ 0.45907, 42.81537 ], [ 0.46221, 42.74348 ], [ 0.75486, 42.75001 ], [ 0.75208, 42.82192 ], [ 1.14287, 42.8294 ], [ 1.14056, 42.90131 ], [ 0.8471, 42.89583 ], [ 0.84443, 42.96775 ], [ 0.74651, 42.96574 ], [ 0.7493, 42.89383 ], [ 0.6515, 42.89173 ], [ 0.64858, 42.96364 ], [ 0.35487, 42.95682 ], [ 0.35158, 43.02872 ], [ 0.05757, 43.02108 ] ] ], [ [ [ 1.33417, 42.97645 ], [ 1.33829, 42.8326 ], [ 1.14287, 42.8294 ], [ 1.14516, 42.75748 ], [ 1.63316, 42.76482 ], [ 1.63147, 42.83674 ], [ 1.53374, 42.83545 ], [ 1.5301, 42.97931 ], [ 1.33417, 42.97645 ] ] ], [ [ [ 0.75486, 42.75001 ], [ 0.75763, 42.67811 ], [ 0.85508, 42.68011 ], [ 0.85243, 42.75201 ], [ 0.75486, 42.75001 ] ] ], [ [ [ 8.84055, 42.54194 ], [ 8.83338, 42.47022 ], [ 9.02708, 42.45943 ], [ 9.03449, 42.53113 ], [ 8.84055, 42.54194 ] ] ], [ [ [ 1.62977, 42.90867 ], [ 1.63147, 42.83674 ], [ 1.7292, 42.83794 ], [ 1.73234, 42.6941 ], [ 1.92734, 42.69623 ], [ 1.92601, 42.76815 ], [ 2.02364, 42.76909 ], [ 2.02484, 42.69716 ], [ 2.21986, 42.69876 ], [ 2.22178, 42.55492 ], [ 2.31906, 42.55559 ], [ 2.31737, 42.69943 ], [ 2.41489, 42.7 ], [ 2.41416, 42.77193 ], [ 2.31653, 42.77135 ], [ 2.31568, 42.84329 ], [ 2.12018, 42.84186 ], [ 2.11909, 42.9138 ], [ 1.62977, 42.90867 ] ] ], [ [ [ 2.41561, 42.62808 ], [ 2.41633, 42.55616 ], [ 2.51361, 42.55665 ], [ 2.51301, 42.62857 ], [ 2.41561, 42.62808 ] ] ], [ [ [ 1.4418, 42.61832 ], [ 1.44563, 42.47452 ], [ 1.54276, 42.47589 ], [ 1.53916, 42.6197 ], [ 1.4418, 42.61832 ] ] ], [ [ [ 2.51361, 42.55665 ], [ 2.5142, 42.48474 ], [ 2.61136, 42.48513 ], [ 2.61088, 42.55705 ], [ 2.51361, 42.55665 ] ] ], [ [ [ 1.92998, 42.5524 ], [ 1.9313, 42.48049 ], [ 1.73702, 42.47836 ], [ 1.73857, 42.40646 ], [ 2.02964, 42.40951 ], [ 2.02725, 42.55333 ], [ 1.92998, 42.5524 ] ] ], [ [ [ 8.72243, 42.33205 ], [ 8.71542, 42.26033 ], [ 8.81195, 42.25509 ], [ 8.81907, 42.3268 ], [ 8.72243, 42.33205 ] ] ], [ [ [ 2.41705, 42.48425 ], [ 2.41776, 42.41234 ], [ 2.32073, 42.41177 ], [ 2.32156, 42.33986 ], [ 2.5154, 42.34092 ], [ 2.5142, 42.48474 ], [ 2.41705, 42.48425 ] ] ], [ [ [ 8.81195, 42.25509 ], [ 8.80484, 42.18339 ], [ 8.90123, 42.17807 ], [ 8.90845, 42.24976 ], [ 8.81195, 42.25509 ] ] ] ] } },
{ "type": "Feature", "properties": { "doy_debut": 150, "surface_km2": 6144.0, "doy_fin": 164.0, "date_debut": "2026-05-30", "date_fin": "2026-06-13", "libelle": "Premier envol : 30/05 - 13/06", "couleur": "#F44025", "annee": 2026, "modele": "STENO-DJ v1", "seuil_vol_c": 20.0, "dj_vol": 120.0 }, "geometry": { "type": "MultiPolygon", "coordinates": [ [ [ [ 9.24287, 47.21428 ], [ 9.23453, 47.14248 ], [ 9.44495, 47.13093 ], [ 9.45357, 47.20271 ], [ 9.24287, 47.21428 ] ] ], [ [ [ 9.55888, 47.19679 ], [ 9.55013, 47.12501 ], [ 9.65528, 47.119 ], [ 9.66417, 47.19076 ], [ 9.55888, 47.19679 ] ] ], [ [ [ 8.70049, 47.09785 ], [ 8.69289, 47.02602 ], [ 8.79794, 47.02078 ], [ 8.80568, 47.09261 ], [ 8.70049, 47.09785 ] ] ], [ [ [ 9.00797, 47.01002 ], [ 8.99998, 46.9382 ], [ 9.20965, 46.92708 ], [ 9.21793, 46.99888 ], [ 9.00797, 47.01002 ] ] ], [ [ [ 8.16047, 46.97889 ], [ 8.15361, 46.90701 ], [ 8.25847, 46.90227 ], [ 8.26548, 46.97414 ], [ 8.16047, 46.97889 ] ] ], [ [ [ 8.47543, 46.96435 ], [ 8.46815, 46.89249 ], [ 8.57296, 46.88746 ], [ 8.58038, 46.95931 ], [ 8.47543, 46.96435 ] ] ], [ [ [ 8.36332, 46.89743 ], [ 8.3562, 46.82556 ], [ 8.46089, 46.82063 ], [ 8.46815, 46.89249 ], [ 8.36332, 46.89743 ] ] ], [ [ [ 8.57296, 46.88746 ], [ 8.55819, 46.74376 ], [ 8.6627, 46.73864 ], [ 8.67776, 46.88233 ], [ 8.57296, 46.88746 ] ] ], [ [ [ 7.81966, 46.70499 ], [ 7.80691, 46.56119 ], [ 7.91115, 46.55676 ], [ 7.92416, 46.70055 ], [ 7.81966, 46.70499 ] ] ], [ [ [ 7.39564, 46.64988 ], [ 7.38982, 46.57796 ], [ 7.5984, 46.56976 ], [ 7.60449, 46.64168 ], [ 7.39564, 46.64988 ] ] ], [ [ [ 7.28551, 46.58191 ], [ 7.27985, 46.50998 ], [ 7.38403, 46.50603 ], [ 7.38982, 46.57796 ], [ 7.28551, 46.58191 ] ] ], [ [ [ 7.07146, 46.5176 ], [ 7.06609, 46.44566 ], [ 7.27421, 46.43805 ], [ 7.27985, 46.50998 ], [ 7.07146, 46.5176 ] ] ], [ [ [ 6.96201, 46.44932 ], [ 6.95158, 46.30543 ], [ 7.05539, 46.30177 ], [ 7.06609, 46.44566 ], [ 6.96201, 46.44932 ] ] ], [ [ [ 6.64487, 46.38777 ], [ 6.63529, 46.24385 ], [ 6.8427, 46.23703 ], [ 6.84776, 46.30898 ], [ 6.74392, 46.31244 ], [ 6.74885, 46.3844 ], [ 6.64487, 46.38777 ] ] ], [ [ [ 7.15918, 46.29803 ], [ 7.15372, 46.22609 ], [ 7.25736, 46.22226 ], [ 7.26296, 46.29419 ], [ 7.15918, 46.29803 ] ] ], [ [ [ 7.47048, 46.28623 ], [ 7.4646, 46.2143 ], [ 7.5682, 46.21018 ], [ 7.57421, 46.2821 ], [ 7.47048, 46.28623 ] ] ], [ [ [ 7.78163, 46.27357 ], [ 7.77535, 46.20167 ], [ 7.87891, 46.19726 ], [ 7.88532, 46.26917 ], [ 7.78163, 46.27357 ] ] ], [ [ [ 6.94639, 46.23348 ], [ 6.94121, 46.16153 ], [ 7.04474, 46.15789 ], [ 7.05006, 46.22983 ], [ 6.94639, 46.23348 ] ] ], [ [ [ 6.93604, 46.08958 ], [ 6.93089, 46.01763 ], [ 7.03416, 46.014 ], [ 7.03944, 46.08594 ], [ 6.93604, 46.08958 ] ] ], [ [ [ 6.71945, 45.95265 ], [ 6.71459, 45.88069 ], [ 6.81761, 45.87726 ], [ 6.8226, 45.94921 ], [ 6.71945, 45.95265 ] ] ], [ [ [ 6.30237, 45.89349 ], [ 6.29376, 45.74954 ], [ 6.39657, 45.74649 ], [ 6.401, 45.81846 ], [ 6.50393, 45.81531 ], [ 6.5085, 45.88728 ], [ 6.30237, 45.89349 ] ] ], [ [ [ 6.49936, 45.74334 ], [ 6.49481, 45.67137 ], [ 6.59746, 45.66814 ], [ 6.60214, 45.7401 ], [ 6.49936, 45.74334 ] ] ], [ [ [ 6.39215, 45.67451 ], [ 6.38774, 45.60254 ], [ 6.49027, 45.59941 ], [ 6.49481, 45.67137 ], [ 6.39215, 45.67451 ] ] ], [ [ [ 6.2852, 45.60559 ], [ 6.28094, 45.53361 ], [ 6.38335, 45.53057 ], [ 6.38774, 45.60254 ], [ 6.2852, 45.60559 ] ] ], [ [ [ 6.37896, 45.4586 ], [ 6.37459, 45.38663 ], [ 6.47672, 45.3835 ], [ 6.48122, 45.45547 ], [ 6.37896, 45.4586 ] ] ], [ [ [ 6.58347, 45.45225 ], [ 6.57884, 45.38029 ], [ 6.68094, 45.37698 ], [ 6.68571, 45.44894 ], [ 6.58347, 45.45225 ] ] ], [ [ [ 6.16211, 45.24864 ], [ 6.15803, 45.17667 ], [ 6.25979, 45.17374 ], [ 6.264, 45.24571 ], [ 6.16211, 45.24864 ] ] ], [ [ [ 6.5696, 45.23637 ], [ 6.565, 45.1644 ], [ 6.66671, 45.16111 ], [ 6.67144, 45.23306 ], [ 6.5696, 45.23637 ] ] ], [ [ [ 5.84902, 45.1129 ], [ 5.84536, 45.04092 ], [ 5.94688, 45.03828 ], [ 5.95068, 45.11026 ], [ 5.84902, 45.1129 ] ] ], [ [ [ 6.0484, 45.03554 ], [ 6.04448, 44.96357 ], [ 6.14586, 44.96075 ], [ 6.14991, 45.03272 ], [ 6.0484, 45.03554 ] ] ], [ [ [ 5.43916, 45.05056 ], [ 5.4329, 44.90657 ], [ 5.5342, 44.9043 ], [ 5.54072, 45.04829 ], [ 5.43916, 45.05056 ] ] ], [ [ [ 5.8417, 44.96894 ], [ 5.83805, 44.89695 ], [ 5.93932, 44.89432 ], [ 5.9431, 44.9663 ], [ 5.8417, 44.96894 ] ] ], [ [ [ 5.93932, 44.89432 ], [ 5.93555, 44.82234 ], [ 6.03668, 44.81962 ], [ 6.04058, 44.89159 ], [ 5.93932, 44.89432 ] ] ], [ [ [ 6.55126, 44.94853 ], [ 6.54671, 44.87658 ], [ 6.4455, 44.87976 ], [ 6.44109, 44.80781 ], [ 6.64323, 44.80135 ], [ 6.65259, 44.94525 ], [ 6.55126, 44.94853 ] ] ], [ [ [ 6.03668, 44.81962 ], [ 6.02892, 44.67568 ], [ 6.12978, 44.67287 ], [ 6.1378, 44.8168 ], [ 6.03668, 44.81962 ] ] ], [ [ [ 5.52771, 44.76033 ], [ 5.52448, 44.68834 ], [ 5.62539, 44.68599 ], [ 5.62875, 44.75797 ], [ 5.52771, 44.76033 ] ] ], [ [ [ 6.63857, 44.7294 ], [ 6.63392, 44.65745 ], [ 6.73472, 44.65409 ], [ 6.73949, 44.72603 ], [ 6.63857, 44.7294 ] ] ], [ [ [ 5.72977, 44.75553 ], [ 5.7228, 44.61157 ], [ 5.82356, 44.60904 ], [ 5.82717, 44.68102 ], [ 5.92805, 44.67839 ], [ 5.9318, 44.75037 ], [ 5.72977, 44.75553 ] ] ], [ [ [ 6.41919, 44.44804 ], [ 6.41485, 44.37609 ], [ 6.51515, 44.37293 ], [ 6.51069, 44.30099 ], [ 6.61086, 44.29775 ], [ 6.61545, 44.36968 ], [ 6.71573, 44.36634 ], [ 6.72046, 44.43828 ], [ 6.41919, 44.44804 ] ] ], [ [ [ 6.31453, 44.37916 ], [ 6.31032, 44.30721 ], [ 6.41051, 44.30415 ], [ 6.41485, 44.37609 ], [ 6.31453, 44.37916 ] ] ], [ [ [ 6.81116, 44.29098 ], [ 6.80633, 44.21906 ], [ 6.90633, 44.21554 ], [ 6.91129, 44.28746 ], [ 6.81116, 44.29098 ] ] ], [ [ [ 6.40619, 44.23221 ], [ 6.40187, 44.16027 ], [ 6.60171, 44.15388 ], [ 6.60628, 44.22581 ], [ 6.40619, 44.23221 ] ] ], [ [ [ 7.30622, 44.20057 ], [ 7.30078, 44.12867 ], [ 7.40059, 44.12471 ], [ 7.40616, 44.1966 ], [ 7.30622, 44.20057 ] ] ], [ [ [ 7.50609, 44.19254 ], [ 7.50039, 44.12065 ], [ 7.60017, 44.1165 ], [ 7.606, 44.18839 ], [ 7.50609, 44.19254 ] ] ], [ [ [ 6.90633, 44.21554 ], [ 6.89645, 44.07171 ], [ 6.9962, 44.06811 ], [ 7.00125, 44.14002 ], [ 7.10111, 44.13633 ], [ 7.1063, 44.20824 ], [ 6.90633, 44.21554 ] ] ], [ [ [ 6.59716, 44.08195 ], [ 6.59262, 44.01003 ], [ 6.69227, 44.00671 ], [ 6.69694, 44.07863 ], [ 6.59716, 44.08195 ] ] ], [ [ [ 7.29534, 44.05677 ], [ 7.28992, 43.98488 ], [ 7.48903, 43.97688 ], [ 7.4947, 44.04876 ], [ 7.29534, 44.05677 ] ] ], [ [ [ -0.43226, 43.00656 ], [ -0.42801, 42.93469 ], [ -0.33018, 42.93776 ], [ -0.33431, 43.00965 ], [ -0.43226, 43.00656 ] ] ], [ [ [ -0.04042, 43.01836 ], [ -0.03288, 42.87457 ], [ 0.06486, 42.87729 ], [ 0.05757, 43.02108 ], [ -0.04042, 43.01836 ] ] ], [ [ [ -0.72142, 42.92492 ], [ -0.71681, 42.85306 ], [ -0.61914, 42.8564 ], [ -0.62362, 42.92826 ], [ -0.72142, 42.92492 ] ] ], [ [ [ 0.36141, 42.81302 ], [ 0.36467, 42.74112 ], [ 0.46221, 42.74348 ], [ 0.45907, 42.81537 ], [ 0.36141, 42.81302 ] ] ], [ [ [ 0.6573, 42.74792 ], [ 0.66019, 42.67603 ], [ 0.75763, 42.67811 ], [ 0.75486, 42.75001 ], [ 0.6573, 42.74792 ] ] ], [ [ [ 1.63316, 42.76482 ], [ 1.63485, 42.6929 ], [ 1.73234, 42.6941 ], [ 1.73078, 42.76602 ], [ 1.63316, 42.76482 ] ] ], [ [ [ 1.83272, 42.55138 ], [ 1.83416, 42.47947 ], [ 1.9313, 42.48049 ], [ 1.92998, 42.5524 ], [ 1.83272, 42.55138 ] ] ], [ [ [ 2.02484, 42.69716 ], [ 2.02844, 42.48142 ], [ 2.31989, 42.48367 ], [ 2.32073, 42.41177 ], [ 2.41776, 42.41234 ], [ 2.41633, 42.55616 ], [ 2.22178, 42.55492 ], [ 2.22082, 42.62684 ], [ 2.12343, 42.62608 ], [ 2.12235, 42.69801 ], [ 2.02484, 42.69716 ] ] ], [ [ [ 8.83338, 42.47022 ], [ 8.81195, 42.25509 ], [ 8.90845, 42.24976 ], [ 8.90123, 42.17807 ], [ 8.9976, 42.17266 ], [ 9.02708, 42.45943 ], [ 8.83338, 42.47022 ] ] ], [ [ [ 1.93261, 42.40858 ], [ 1.93392, 42.33669 ], [ 2.12774, 42.33845 ], [ 2.12667, 42.41035 ], [ 1.93261, 42.40858 ] ] ] ] } },
{ "type": "Feature", "properties": { "doy_debut": 165, "surface_km2": 15104.0, "doy_fin": 179.0, "date_debut": "2026-06-14", "date_fin": "2026-06-28", "libelle": "Premier envol : 14/06 - 28/06", "couleur": "#DA151F", "annee": 2026, "modele": "STENO-DJ v1", "seuil_vol_c": 20.0, "dj_vol": 120.0 }, "geometry": { "type": "MultiPolygon", "coordinates": [ [ [ [ 9.35673, 47.28033 ], [ 9.34823, 47.20855 ], [ 9.45357, 47.20271 ], [ 9.46221, 47.27449 ], [ 9.35673, 47.28033 ] ] ], [ [ [ 9.55013, 47.12501 ], [ 9.54139, 47.05323 ], [ 9.64641, 47.04723 ], [ 9.65528, 47.119 ], [ 9.55013, 47.12501 ] ] ], [ [ [ 9.12111, 47.07631 ], [ 9.11296, 47.0045 ], [ 9.21793, 46.99888 ], [ 9.20965, 46.92708 ], [ 9.41924, 46.91557 ], [ 9.41072, 46.84378 ], [ 9.51534, 46.83789 ], [ 9.53268, 46.98145 ], [ 9.42779, 46.98736 ], [ 9.43636, 47.05915 ], [ 9.12111, 47.07631 ] ] ], [ [ [ 8.04872, 46.91166 ], [ 8.04201, 46.83978 ], [ 8.14676, 46.83514 ], [ 8.15361, 46.90701 ], [ 8.04872, 46.91166 ] ] ], [ [ [ 9.51534, 46.83789 ], [ 9.5067, 46.7661 ], [ 9.61116, 46.76012 ], [ 9.61993, 46.8319 ], [ 9.51534, 46.83789 ] ] ], [ [ [ 7.83246, 46.84878 ], [ 7.82605, 46.77689 ], [ 8.03532, 46.7679 ], [ 8.04201, 46.83978 ], [ 7.83246, 46.84878 ] ] ], [ [ [ 7.72139, 46.78124 ], [ 7.71513, 46.70934 ], [ 7.81966, 46.70499 ], [ 7.82605, 46.77689 ], [ 7.72139, 46.78124 ] ] ], [ [ [ 8.46815, 46.89249 ], [ 8.46089, 46.82063 ], [ 8.25149, 46.8304 ], [ 8.23758, 46.68665 ], [ 8.34201, 46.68183 ], [ 8.3491, 46.7537 ], [ 8.45365, 46.74877 ], [ 8.43922, 46.60505 ], [ 8.54349, 46.60004 ], [ 8.57296, 46.88746 ], [ 8.46815, 46.89249 ] ] ], [ [ [ 8.91084, 47.08727 ], [ 8.90297, 47.01545 ], [ 8.79794, 47.02078 ], [ 8.79022, 46.94895 ], [ 8.68531, 46.95418 ], [ 8.67776, 46.88233 ], [ 8.78253, 46.87711 ], [ 8.77485, 46.80527 ], [ 8.87947, 46.79996 ], [ 8.87167, 46.72813 ], [ 8.6627, 46.73864 ], [ 8.6552, 46.66679 ], [ 9.07251, 46.64542 ], [ 9.06449, 46.57359 ], [ 9.16863, 46.56802 ], [ 9.17679, 46.63983 ], [ 9.28104, 46.63416 ], [ 9.27275, 46.56235 ], [ 9.37684, 46.55659 ], [ 9.38528, 46.62839 ], [ 9.48949, 46.62252 ], [ 9.5067, 46.7661 ], [ 9.40221, 46.77198 ], [ 9.39373, 46.70018 ], [ 9.28936, 46.70596 ], [ 9.30607, 46.84957 ], [ 9.20141, 46.85527 ], [ 9.20965, 46.92708 ], [ 8.99998, 46.9382 ], [ 9.01599, 47.08184 ], [ 8.91084, 47.08727 ] ], [ [ 8.88728, 46.87179 ], [ 9.09672, 46.86087 ], [ 9.08863, 46.78906 ], [ 8.87947, 46.79996 ], [ 8.88728, 46.87179 ] ], [ [ 9.08863, 46.78906 ], [ 9.19318, 46.78346 ], [ 9.18497, 46.71165 ], [ 9.08056, 46.71724 ], [ 9.08863, 46.78906 ] ] ], [ [ [ 7.29688, 46.72577 ], [ 7.29119, 46.65384 ], [ 7.39564, 46.64988 ], [ 7.40146, 46.7218 ], [ 7.29688, 46.72577 ] ] ], [ [ [ 7.92416, 46.70055 ], [ 7.91115, 46.55676 ], [ 8.01536, 46.55223 ], [ 8.02865, 46.69601 ], [ 7.92416, 46.70055 ] ] ], [ [ [ 7.70889, 46.63743 ], [ 7.70267, 46.56552 ], [ 7.80691, 46.56119 ], [ 7.81328, 46.63309 ], [ 7.70889, 46.63743 ] ] ], [ [ [ 8.75195, 46.58975 ], [ 8.74435, 46.5179 ], [ 8.95246, 46.50724 ], [ 8.96033, 46.57907 ], [ 8.75195, 46.58975 ] ] ], [ [ [ 9.16863, 46.56802 ], [ 9.16049, 46.4962 ], [ 9.26447, 46.49054 ], [ 9.27275, 46.56235 ], [ 9.16863, 46.56802 ] ] ], [ [ [ 7.18672, 46.65771 ], [ 7.18118, 46.58577 ], [ 7.07684, 46.58954 ], [ 7.07146, 46.5176 ], [ 7.27985, 46.50998 ], [ 7.29119, 46.65384 ], [ 7.18672, 46.65771 ] ] ], [ [ [ 8.22374, 46.5429 ], [ 8.21684, 46.47102 ], [ 8.32087, 46.46622 ], [ 8.3279, 46.53809 ], [ 8.22374, 46.5429 ] ] ], [ [ [ 9.05649, 46.50177 ], [ 9.0485, 46.42995 ], [ 9.15237, 46.42439 ], [ 9.16049, 46.4962 ], [ 9.05649, 46.50177 ] ] ], [ [ [ 9.26447, 46.49054 ], [ 9.24798, 46.34692 ], [ 9.45533, 46.33534 ], [ 9.46384, 46.40714 ], [ 9.36004, 46.41298 ], [ 9.36843, 46.48479 ], [ 9.26447, 46.49054 ] ] ], [ [ [ 7.69027, 46.42171 ], [ 7.68409, 46.3498 ], [ 7.78793, 46.34548 ], [ 7.79424, 46.41738 ], [ 7.69027, 46.42171 ] ] ], [ [ [ 7.8982, 46.41296 ], [ 7.89175, 46.34107 ], [ 8.09934, 46.33196 ], [ 8.10606, 46.40384 ], [ 7.8982, 46.41296 ] ] ], [ [ [ 7.38982, 46.57796 ], [ 7.38403, 46.50603 ], [ 7.27985, 46.50998 ], [ 7.27421, 46.43805 ], [ 7.06609, 46.44566 ], [ 7.05539, 46.30177 ], [ 7.15918, 46.29803 ], [ 7.16466, 46.36997 ], [ 7.37248, 46.36218 ], [ 7.37824, 46.43411 ], [ 7.69027, 46.42171 ], [ 7.70267, 46.56552 ], [ 7.38982, 46.57796 ] ] ], [ [ [ 7.37248, 46.36218 ], [ 7.36673, 46.29026 ], [ 7.47048, 46.28623 ], [ 7.47636, 46.35815 ], [ 7.37248, 46.36218 ] ] ], [ [ [ 7.05006, 46.22983 ], [ 7.04474, 46.15789 ], [ 7.14827, 46.15415 ], [ 7.15372, 46.22609 ], [ 7.05006, 46.22983 ] ] ], [ [ [ 7.36099, 46.21833 ], [ 7.34956, 46.07447 ], [ 7.45291, 46.07045 ], [ 7.45875, 46.14238 ], [ 7.56221, 46.13827 ], [ 7.5682, 46.21018 ], [ 7.36099, 46.21833 ] ] ], [ [ [ 7.14827, 46.15415 ], [ 7.13741, 46.01027 ], [ 7.24065, 46.00645 ], [ 7.25178, 46.15032 ], [ 7.14827, 46.15415 ] ] ], [ [ [ 6.63529, 46.24385 ], [ 6.62576, 46.09992 ], [ 6.7292, 46.09657 ], [ 6.72431, 46.02461 ], [ 6.62101, 46.02796 ], [ 6.61627, 45.956 ], [ 6.92575, 45.94568 ], [ 6.93604, 46.08958 ], [ 6.83263, 46.09312 ], [ 6.8427, 46.23703 ], [ 6.63529, 46.24385 ] ] ], [ [ [ 7.03416, 46.014 ], [ 7.02888, 45.94205 ], [ 7.132, 45.93833 ], [ 7.13741, 46.01027 ], [ 7.03416, 46.014 ] ] ], [ [ [ 6.41436, 46.03438 ], [ 6.40544, 45.89043 ], [ 6.5085, 45.88728 ], [ 6.51769, 46.03122 ], [ 6.41436, 46.03438 ] ] ], [ [ [ 7.12661, 45.86639 ], [ 7.12123, 45.79445 ], [ 7.22406, 45.79064 ], [ 7.22958, 45.86258 ], [ 7.12661, 45.86639 ] ] ], [ [ [ 6.50393, 45.81531 ], [ 6.49936, 45.74334 ], [ 6.60214, 45.7401 ], [ 6.59746, 45.66814 ], [ 6.70009, 45.66481 ], [ 6.70974, 45.80873 ], [ 6.50393, 45.81531 ] ] ], [ [ [ 6.49481, 45.67137 ], [ 6.48574, 45.52744 ], [ 6.58812, 45.52421 ], [ 6.59746, 45.66814 ], [ 6.49481, 45.67137 ] ] ], [ [ [ 6.80767, 45.73335 ], [ 6.79778, 45.58944 ], [ 6.69529, 45.59285 ], [ 6.69049, 45.52089 ], [ 6.8952, 45.51398 ], [ 6.91041, 45.72983 ], [ 6.80767, 45.73335 ] ] ], [ [ [ 6.58812, 45.52421 ], [ 6.58347, 45.45225 ], [ 6.68571, 45.44894 ], [ 6.69049, 45.52089 ], [ 6.58812, 45.52421 ] ] ], [ [ [ 6.28094, 45.53361 ], [ 6.26822, 45.31769 ], [ 6.37023, 45.31466 ], [ 6.36588, 45.24269 ], [ 6.46774, 45.23957 ], [ 6.47222, 45.31154 ], [ 6.57421, 45.30833 ], [ 6.57884, 45.38029 ], [ 6.37459, 45.38663 ], [ 6.38335, 45.53057 ], [ 6.28094, 45.53361 ] ] ], [ [ [ 6.67619, 45.30502 ], [ 6.66671, 45.16111 ], [ 6.76841, 45.15772 ], [ 6.77327, 45.22967 ], [ 6.87509, 45.22618 ], [ 6.8801, 45.29813 ], [ 6.67619, 45.30502 ] ] ], [ [ [ 6.46774, 45.23957 ], [ 6.46327, 45.16761 ], [ 6.565, 45.1644 ], [ 6.5696, 45.23637 ], [ 6.46774, 45.23957 ] ] ], [ [ [ 6.87509, 45.22618 ], [ 6.8701, 45.15423 ], [ 7.07344, 45.14699 ], [ 7.07869, 45.21893 ], [ 6.87509, 45.22618 ] ] ], [ [ [ 6.06813, 45.39544 ], [ 6.06021, 45.25148 ], [ 5.9583, 45.25423 ], [ 5.95448, 45.18224 ], [ 5.85269, 45.18489 ], [ 5.84902, 45.1129 ], [ 6.05233, 45.10752 ], [ 6.05626, 45.1795 ], [ 6.15803, 45.17667 ], [ 6.17029, 45.3926 ], [ 6.06813, 45.39544 ] ] ], [ [ [ 6.36154, 45.17072 ], [ 6.35721, 45.09875 ], [ 6.45881, 45.09565 ], [ 6.46327, 45.16761 ], [ 6.36154, 45.17072 ] ] ], [ [ [ 6.15803, 45.17667 ], [ 6.15396, 45.10469 ], [ 6.05233, 45.10752 ], [ 6.0484, 45.03554 ], [ 6.2514, 45.0298 ], [ 6.25979, 45.17374 ], [ 6.15803, 45.17667 ] ] ], [ [ [ 5.84536, 45.04092 ], [ 5.8417, 44.96894 ], [ 5.9431, 44.9663 ], [ 5.94688, 45.03828 ], [ 5.84536, 45.04092 ] ] ], [ [ [ 5.9431, 44.9663 ], [ 5.93932, 44.89432 ], [ 6.14183, 44.88877 ], [ 6.14586, 44.96075 ], [ 5.9431, 44.9663 ] ] ], [ [ [ 5.4329, 44.90657 ], [ 5.42978, 44.83458 ], [ 5.53095, 44.83231 ], [ 5.5342, 44.9043 ], [ 5.4329, 44.90657 ] ] ], [ [ [ 6.34429, 44.88286 ], [ 6.34001, 44.8109 ], [ 6.44109, 44.80781 ], [ 6.4455, 44.87976 ], [ 6.34429, 44.88286 ] ] ], [ [ [ 6.56041, 45.09245 ], [ 6.55583, 45.02049 ], [ 6.35289, 45.02679 ], [ 6.34858, 44.95482 ], [ 6.44993, 44.95172 ], [ 6.4455, 44.87976 ], [ 6.54671, 44.87658 ], [ 6.55126, 44.94853 ], [ 6.65259, 44.94525 ], [ 6.64323, 44.80135 ], [ 6.54217, 44.80462 ], [ 6.53764, 44.73267 ], [ 6.73949, 44.72603 ], [ 6.73472, 44.65409 ], [ 6.8355, 44.65064 ], [ 6.8404, 44.72258 ], [ 7.04218, 44.71539 ], [ 7.05255, 44.85925 ], [ 6.95141, 44.8629 ], [ 6.94635, 44.79097 ], [ 6.74428, 44.79798 ], [ 6.74908, 44.86992 ], [ 6.85025, 44.86646 ], [ 6.85519, 44.9384 ], [ 6.7539, 44.94187 ], [ 6.75872, 45.01382 ], [ 6.65728, 45.0172 ], [ 6.66199, 45.08915 ], [ 6.56041, 45.09245 ] ] ], [ [ [ 6.43669, 44.73585 ], [ 6.4323, 44.66389 ], [ 6.53312, 44.66072 ], [ 6.53764, 44.73267 ], [ 6.43669, 44.73585 ] ] ], [ [ [ 7.04218, 44.71539 ], [ 7.03702, 44.64346 ], [ 7.13777, 44.63974 ], [ 7.14306, 44.71166 ], [ 7.04218, 44.71539 ] ] ], [ [ [ 6.1378, 44.8168 ], [ 6.12978, 44.67287 ], [ 6.23063, 44.66997 ], [ 6.22651, 44.59801 ], [ 6.32722, 44.59502 ], [ 6.33573, 44.73894 ], [ 6.23476, 44.74193 ], [ 6.23891, 44.8139 ], [ 6.1378, 44.8168 ] ] ], [ [ [ 5.82717, 44.68102 ], [ 5.82356, 44.60904 ], [ 5.92431, 44.60642 ], [ 5.92805, 44.67839 ], [ 5.82717, 44.68102 ] ] ], [ [ [ 6.63392, 44.65745 ], [ 6.62928, 44.58551 ], [ 6.52861, 44.58877 ], [ 6.51963, 44.44488 ], [ 6.72046, 44.43828 ], [ 6.71573, 44.36634 ], [ 6.91626, 44.35939 ], [ 6.92124, 44.43131 ], [ 6.82086, 44.43484 ], [ 6.82572, 44.50677 ], [ 6.7252, 44.51021 ], [ 6.73472, 44.65409 ], [ 6.63392, 44.65745 ] ] ], [ [ [ 6.61545, 44.36968 ], [ 6.61086, 44.29775 ], [ 6.71101, 44.29441 ], [ 6.71573, 44.36634 ], [ 6.61545, 44.36968 ] ] ], [ [ [ 6.91626, 44.35939 ], [ 6.91129, 44.28746 ], [ 7.01141, 44.28385 ], [ 7.01651, 44.35577 ], [ 6.91626, 44.35939 ] ] ], [ [ [ 6.41485, 44.37609 ], [ 6.40619, 44.23221 ], [ 6.60628, 44.22581 ], [ 6.61086, 44.29775 ], [ 6.51069, 44.30099 ], [ 6.51515, 44.37293 ], [ 6.41485, 44.37609 ] ] ], [ [ [ 7.01141, 44.28385 ], [ 7.00632, 44.21193 ], [ 7.1063, 44.20824 ], [ 7.11151, 44.28015 ], [ 7.01141, 44.28385 ] ] ], [ [ [ 7.606, 44.18839 ], [ 7.60017, 44.1165 ], [ 7.69994, 44.11226 ], [ 7.7059, 44.18414 ], [ 7.606, 44.18839 ] ] ], [ [ [ 6.60628, 44.22581 ], [ 6.59716, 44.08195 ], [ 6.69694, 44.07863 ], [ 6.70162, 44.15055 ], [ 6.90139, 44.14362 ], [ 6.90633, 44.21554 ], [ 6.60628, 44.22581 ] ] ], [ [ [ 7.40616, 44.1966 ], [ 7.39503, 44.05281 ], [ 7.4947, 44.04876 ], [ 7.50609, 44.19254 ], [ 7.40616, 44.1966 ] ] ], [ [ [ 7.10111, 44.13633 ], [ 7.09592, 44.06442 ], [ 7.29534, 44.05677 ], [ 7.30078, 44.12867 ], [ 7.10111, 44.13633 ] ] ], [ [ [ -0.82394, 42.99335 ], [ -0.81447, 42.84963 ], [ -0.71681, 42.85306 ], [ -0.72604, 42.99678 ], [ -0.82394, 42.99335 ] ] ], [ [ [ -0.52582, 42.93152 ], [ -0.52146, 42.85965 ], [ -0.71681, 42.85306 ], [ -0.71222, 42.7812 ], [ -0.61466, 42.78454 ], [ -0.6102, 42.71268 ], [ -0.51276, 42.71593 ], [ -0.5171, 42.78779 ], [ -0.32194, 42.79401 ], [ -0.32606, 42.86589 ], [ -0.22834, 42.86887 ], [ -0.22435, 42.797 ], [ -0.12675, 42.79989 ], [ -0.11903, 42.65614 ], [ -0.02166, 42.65894 ], [ -0.02539, 42.73081 ], [ 0.07211, 42.73352 ], [ 0.07572, 42.66164 ], [ 0.36792, 42.66923 ], [ 0.36141, 42.81302 ], [ 0.26376, 42.81057 ], [ 0.25697, 42.95436 ], [ 0.06122, 42.94919 ], [ 0.06486, 42.87729 ], [ -0.13062, 42.87177 ], [ -0.1345, 42.94365 ], [ -0.52582, 42.93152 ] ], [ [ 0.06486, 42.87729 ], [ 0.16261, 42.87992 ], [ 0.16612, 42.80803 ], [ 0.06849, 42.8054 ], [ 0.06486, 42.87729 ] ] ], [ [ [ 0.55975, 42.74574 ], [ 0.56276, 42.67385 ], [ 0.66019, 42.67603 ], [ 0.6573, 42.74792 ], [ 0.55975, 42.74574 ] ] ], [ [ [ 0.75208, 42.82192 ], [ 0.75486, 42.75001 ], [ 0.85243, 42.75201 ], [ 0.85508, 42.68011 ], [ 0.95253, 42.68202 ], [ 0.95505, 42.61012 ], [ 1.05239, 42.61194 ], [ 1.04999, 42.68384 ], [ 1.43988, 42.69023 ], [ 1.4418, 42.61832 ], [ 1.53916, 42.6197 ], [ 1.53736, 42.69161 ], [ 1.63485, 42.6929 ], [ 1.63316, 42.76482 ], [ 1.14516, 42.75748 ], [ 1.14287, 42.8294 ], [ 0.75208, 42.82192 ] ] ], [ [ [ 0.66019, 42.67603 ], [ 0.66308, 42.60413 ], [ 0.7604, 42.60622 ], [ 0.75763, 42.67811 ], [ 0.66019, 42.67603 ] ] ], [ [ [ 2.12235, 42.69801 ], [ 2.12343, 42.62608 ], [ 2.22082, 42.62684 ], [ 2.21986, 42.69876 ], [ 2.12235, 42.69801 ] ] ], [ [ [ 1.92601, 42.76815 ], [ 1.92734, 42.69623 ], [ 1.63485, 42.6929 ], [ 1.63653, 42.62098 ], [ 1.53916, 42.6197 ], [ 1.54276, 42.47589 ], [ 1.63989, 42.47717 ], [ 1.63821, 42.54907 ], [ 1.73547, 42.55027 ], [ 1.73702, 42.47836 ], [ 1.83416, 42.47947 ], [ 1.83272, 42.55138 ], [ 2.02725, 42.55333 ], [ 2.02364, 42.76909 ], [ 1.92601, 42.76815 ] ] ], [ [ [ 2.41633, 42.55616 ], [ 2.41705, 42.48425 ], [ 2.5142, 42.48474 ], [ 2.51361, 42.55665 ], [ 2.41633, 42.55616 ] ] ], [ [ [ 2.02844, 42.48142 ], [ 2.02964, 42.40951 ], [ 2.12667, 42.41035 ], [ 2.12559, 42.48226 ], [ 2.02844, 42.48142 ] ] ], [ [ [ 2.22274, 42.48301 ], [ 2.2237, 42.4111 ], [ 2.32073, 42.41177 ], [ 2.31989, 42.48367 ], [ 2.22274, 42.48301 ] ] ] ] } },
{ "type": "Feature", "properties": { "doy_debut": 180, "surface_km2": 1856.0, "doy_fin": 194.0, "date_debut": "2026-06-29", "date_fin": "2026-07-13", "libelle": "Premier envol : 29/06 - 13/07", "couleur": "#B60026", "annee": 2026, "modele": "STENO-DJ v1", "seuil_vol_c": 20.0, "dj_vol": 120.0 }, "geometry": { "type": "MultiPolygon", "coordinates": [ [ [ [ 8.67022, 46.81049 ], [ 8.6627, 46.73864 ], [ 8.7672, 46.73343 ], [ 8.77485, 46.80527 ], [ 8.67022, 46.81049 ] ] ], [ [ [ 8.02865, 46.69601 ], [ 8.022, 46.62412 ], [ 8.12633, 46.6195 ], [ 8.13312, 46.69138 ], [ 8.02865, 46.69601 ] ] ], [ [ [ 8.75956, 46.66159 ], [ 8.75195, 46.58975 ], [ 8.85615, 46.58446 ], [ 8.8639, 46.6563 ], [ 8.75956, 46.66159 ] ] ], [ [ [ 8.55819, 46.74376 ], [ 8.53616, 46.52819 ], [ 8.64027, 46.52309 ], [ 8.6627, 46.73864 ], [ 8.55819, 46.74376 ] ] ], [ [ [ 8.23065, 46.61478 ], [ 8.22374, 46.5429 ], [ 8.3279, 46.53809 ], [ 8.33495, 46.60996 ], [ 8.23065, 46.61478 ] ] ], [ [ [ 8.00874, 46.48034 ], [ 8.00214, 46.40845 ], [ 8.10606, 46.40384 ], [ 8.1128, 46.47573 ], [ 8.00874, 46.48034 ] ] ], [ [ [ 7.37824, 46.43411 ], [ 7.37248, 46.36218 ], [ 7.47636, 46.35815 ], [ 7.48227, 46.43007 ], [ 7.37824, 46.43411 ] ] ], [ [ [ 7.57421, 46.2821 ], [ 7.5682, 46.21018 ], [ 7.67179, 46.20597 ], [ 7.67793, 46.27788 ], [ 7.57421, 46.2821 ] ] ], [ [ [ 7.88532, 46.26917 ], [ 7.87891, 46.19726 ], [ 7.98244, 46.19277 ], [ 7.98899, 46.26466 ], [ 7.88532, 46.26917 ] ] ], [ [ [ 7.67179, 46.20597 ], [ 7.66566, 46.13406 ], [ 7.76909, 46.12976 ], [ 7.77535, 46.20167 ], [ 7.67179, 46.20597 ] ] ], [ [ [ 7.25178, 46.15032 ], [ 7.2462, 46.07839 ], [ 7.34956, 46.07447 ], [ 7.35527, 46.1464 ], [ 7.25178, 46.15032 ] ] ], [ [ [ 6.8226, 45.94921 ], [ 6.81761, 45.87726 ], [ 6.92062, 45.87373 ], [ 6.92575, 45.94568 ], [ 6.8226, 45.94921 ] ] ], [ [ [ 6.59746, 45.66814 ], [ 6.59278, 45.59618 ], [ 6.69529, 45.59285 ], [ 6.70009, 45.66481 ], [ 6.59746, 45.66814 ] ] ], [ [ [ 6.57884, 45.38029 ], [ 6.57421, 45.30833 ], [ 6.67619, 45.30502 ], [ 6.68094, 45.37698 ], [ 6.57884, 45.38029 ] ] ], [ [ [ -0.32606, 42.86589 ], [ -0.32194, 42.79401 ], [ -0.22435, 42.797 ], [ -0.22834, 42.86887 ], [ -0.32606, 42.86589 ] ] ], [ [ [ 0.06486, 42.87729 ], [ 0.06849, 42.8054 ], [ 0.16612, 42.80803 ], [ 0.16261, 42.87992 ], [ 0.06486, 42.87729 ] ] ], [ [ [ -0.22435, 42.797 ], [ -0.22037, 42.72512 ], [ -0.12288, 42.72801 ], [ -0.12675, 42.79989 ], [ -0.22435, 42.797 ] ] ], [ [ [ -0.02539, 42.73081 ], [ -0.02166, 42.65894 ], [ 0.07572, 42.66164 ], [ 0.07211, 42.73352 ], [ -0.02539, 42.73081 ] ] ], [ [ [ 0.36467, 42.74112 ], [ 0.36792, 42.66923 ], [ 0.56276, 42.67385 ], [ 0.55975, 42.74574 ], [ 0.36467, 42.74112 ] ] ], [ [ [ 1.3424, 42.68877 ], [ 1.34444, 42.61686 ], [ 1.4418, 42.61832 ], [ 1.43988, 42.69023 ], [ 1.3424, 42.68877 ] ] ], [ [ [ 1.53736, 42.69161 ], [ 1.53916, 42.6197 ], [ 1.63653, 42.62098 ], [ 1.63485, 42.6929 ], [ 1.53736, 42.69161 ] ] ], [ [ [ 0.75763, 42.67811 ], [ 0.7604, 42.60622 ], [ 0.85772, 42.60821 ], [ 0.86036, 42.53632 ], [ 0.95757, 42.53822 ], [ 0.95253, 42.68202 ], [ 0.75763, 42.67811 ] ] ], [ [ [ 1.63821, 42.54907 ], [ 1.63989, 42.47717 ], [ 1.73702, 42.47836 ], [ 1.73547, 42.55027 ], [ 1.63821, 42.54907 ] ] ], [ [ [ 2.12559, 42.48226 ], [ 2.12667, 42.41035 ], [ 2.2237, 42.4111 ], [ 2.22274, 42.48301 ], [ 2.12559, 42.48226 ] ] ] ] } },
{ "type": "Feature", "properties": { "doy_debut": 195, "surface_km2": 256.0, "doy_fin": 209.0, "date_debut": "2026-07-14", "date_fin": "2026-07-28", "libelle": "Premier envol : 14/07 - 28/07", "couleur": "#800026", "annee": 2026, "modele": "STENO-DJ v1", "seuil_vol_c": 20.0, "dj_vol": 120.0 }, "geometry": { "type": "MultiPolygon", "coordinates": [ [ [ [ 6.82572, 44.50677 ], [ 6.82086, 44.43484 ], [ 6.92124, 44.43131 ], [ 6.92624, 44.50324 ], [ 6.82572, 44.50677 ] ] ], [ [ [ 6.61086, 44.29775 ], [ 6.60628, 44.22581 ], [ 6.70631, 44.22248 ], [ 6.71101, 44.29441 ], [ 6.61086, 44.29775 ] ] ], [ [ [ 7.1063, 44.20824 ], [ 7.10111, 44.13633 ], [ 7.30078, 44.12867 ], [ 7.30622, 44.20057 ], [ 7.1063, 44.20824 ] ] ] ] } }
]
}
